fold_id,feature,coefficient,abs_coefficient,is_nonzero,selected_alpha
0,mom_12_1,0.0009624606212050819,0.0009624606212050819,1,0.005
0,mom_6_1,-0.00016257008630327194,0.00016257008630327194,1,0.005
0,mom_3_1,0.0,0.0,0,0.005
0,tsmom_12,0.0,0.0,0,0.005
0,tsmom_sign_12,0.0,0.0,0,0.005
0,reversal_1m,0.0,0.0,0,0.005
0,ma_gap_12m,-0.0,0.0,0,0.005
0,ma_crossover_6_12,0.0,0.0,0,0.005
0,vol_3m,0.000523720734447739,0.000523720734447739,1,0.005
0,vol_12m,0.0,0.0,0,0.005
0,vol_regime_3_12,0.0,0.0,0,0.005
0,log_volume,0.0009321120266946865,0.0009321120266946865,1,0.005
0,abnormal_log_volume,0.0,0.0,0,0.005
0,macro_vix,-0.012806697639907305,0.012806697639907305,1,0.005
0,macro_epu,0.002809878848678307,0.002809878848678307,1,0.005
0,macro_credit_spread,0.0,0.0,0,0.005
0,macro_term_spread,-0.005730581615152997,0.005730581615152997,1,0.005
0,mom_12_1_x_macro_epu,0.0,0.0,0,0.005
0,mom_12_1_x_macro_vix,0.0,0.0,0,0.005
0,tsmom_12_x_macro_epu,0.0,0.0,0,0.005
0,tsmom_12_x_macro_vix,0.0,0.0,0,0.005
0,ma_gap_12m_x_macro_epu,-0.0024343269922136456,0.0024343269922136456,1,0.005
0,ma_crossover_6_12_x_macro_vix,-0.0,0.0,0,0.005
0,reversal_1m_x_macro_epu,-0.0,0.0,0,0.005
0,reversal_1m_x_macro_vix,-0.0,0.0,0,0.005
0,reversal_1m_x_macro_credit_spread,0.0,0.0,0,0.005
0,abnormal_log_volume_x_macro_epu,0.0,0.0,0,0.005
0,abnormal_log_volume_x_macro_vix,0.0,0.0,0,0.005
0,log_volume_x_macro_credit_spread,0.0,0.0,0,0.005
0,vol_regime_3_12_x_macro_vix,0.0,0.0,0,0.005
0,vol_regime_3_12_x_macro_term_spread,-0.0,0.0,0,0.005
0,vol_12m_x_macro_credit_spread,0.0022566733000934347,0.0022566733000934347,1,0.005
1,mom_12_1,0.0016084744944276541,0.0016084744944276541,1,0.005
1,mom_6_1,-0.0004959155697054598,0.0004959155697054598,1,0.005
1,mom_3_1,0.0,0.0,0,0.005
1,tsmom_12,0.0,0.0,0,0.005
1,tsmom_sign_12,0.0,0.0,0,0.005
1,reversal_1m,0.0,0.0,0,0.005
1,ma_gap_12m,-0.0,0.0,0,0.005
1,ma_crossover_6_12,0.0,0.0,0,0.005
1,vol_3m,0.00017480671876426334,0.00017480671876426334,1,0.005
1,vol_12m,0.0016488650333035433,0.0016488650333035433,1,0.005
1,vol_regime_3_12,0.0,0.0,0,0.005
1,log_volume,0.0010168015827389716,0.0010168015827389716,1,0.005
1,abnormal_log_volume,0.0,0.0,0,0.005
1,macro_vix,-0.012490884601733034,0.012490884601733034,1,0.005
1,macro_epu,0.002732216050152624,0.002732216050152624,1,0.005
1,macro_credit_spread,0.0,0.0,0,0.005
1,macro_term_spread,-0.005576975765901175,0.005576975765901175,1,0.005
1,mom_12_1_x_macro_epu,0.0,0.0,0,0.005
1,mom_12_1_x_macro_vix,0.0,0.0,0,0.005
1,tsmom_12_x_macro_epu,0.0,0.0,0,0.005
1,tsmom_12_x_macro_vix,0.0,0.0,0,0.005
1,ma_gap_12m_x_macro_epu,-0.0022350983025257736,0.0022350983025257736,1,0.005
1,ma_crossover_6_12_x_macro_vix,0.0,0.0,0,0.005
1,reversal_1m_x_macro_epu,-0.0,0.0,0,0.005
1,reversal_1m_x_macro_vix,-0.0,0.0,0,0.005
1,reversal_1m_x_macro_credit_spread,-0.0,0.0,0,0.005
1,abnormal_log_volume_x_macro_epu,0.0,0.0,0,0.005
1,abnormal_log_volume_x_macro_vix,0.0,0.0,0,0.005
1,log_volume_x_macro_credit_spread,0.0,0.0,0,0.005
1,vol_regime_3_12_x_macro_vix,0.0,0.0,0,0.005
1,vol_regime_3_12_x_macro_term_spread,-0.0,0.0,0,0.005
1,vol_12m_x_macro_credit_spread,0.0013613399996535796,0.0013613399996535796,1,0.005
2,mom_12_1,0.0037441157929143294,0.0037441157929143294,1,0.0025
2,mom_6_1,-0.0010812966652070483,0.0010812966652070483,1,0.0025
2,mom_3_1,0.0002158263931343631,0.0002158263931343631,1,0.0025
2,tsmom_12,0.0,0.0,0,0.0025
2,tsmom_sign_12,0.0,0.0,0,0.0025
2,reversal_1m,-0.0,0.0,0,0.0025
2,ma_gap_12m,-0.0,0.0,0,0.0025
2,ma_crossover_6_12,0.0,0.0,0,0.0025
2,vol_3m,0.0,0.0,0,0.0025
2,vol_12m,0.0031774833708537913,0.0031774833708537913,1,0.0025
2,vol_regime_3_12,-0.0,0.0,0,0.0025
2,log_volume,0.0009842657513700242,0.0009842657513700242,1,0.0025
2,abnormal_log_volume,0.0,0.0,0,0.0025
2,macro_vix,-0.016409258689963367,0.016409258689963367,1,0.0025
2,macro_epu,0.005179738503482742,0.005179738503482742,1,0.0025
2,macro_credit_spread,0.0,0.0,0,0.0025
2,macro_term_spread,-0.008946464543506765,0.008946464543506765,1,0.0025
2,mom_12_1_x_macro_epu,0.0,0.0,0,0.0025
2,mom_12_1_x_macro_vix,0.0,0.0,0,0.0025
2,tsmom_12_x_macro_epu,0.000921376377535054,0.000921376377535054,1,0.0025
2,tsmom_12_x_macro_vix,0.0015514232256020966,0.0015514232256020966,1,0.0025
2,ma_gap_12m_x_macro_epu,-0.0062105830864622414,0.0062105830864622414,1,0.0025
2,ma_crossover_6_12_x_macro_vix,0.0,0.0,0,0.0025
2,reversal_1m_x_macro_epu,-0.0,0.0,0,0.0025
2,reversal_1m_x_macro_vix,-0.0010621268029796169,0.0010621268029796169,1,0.0025
2,reversal_1m_x_macro_credit_spread,-0.0,0.0,0,0.0025
2,abnormal_log_volume_x_macro_epu,0.0,0.0,0,0.0025
2,abnormal_log_volume_x_macro_vix,0.0,0.0,0,0.0025
2,log_volume_x_macro_credit_spread,0.0,0.0,0,0.0025
2,vol_regime_3_12_x_macro_vix,0.00012654403506443806,0.00012654403506443806,1,0.0025
2,vol_regime_3_12_x_macro_term_spread,-0.0,0.0,0,0.0025
2,vol_12m_x_macro_credit_spread,0.0008835763544184827,0.0008835763544184827,1,0.0025
3,mom_12_1,0.00025494131567921173,0.00025494131567921173,1,0.001
3,mom_6_1,-0.0008128514880422606,0.0008128514880422606,1,0.001
3,mom_3_1,0.007259974685926151,0.007259974685926151,1,0.001
3,tsmom_12,0.0,0.0,0,0.001
3,tsmom_sign_12,0.00021002284117475098,0.00021002284117475098,1,0.001
3,reversal_1m,0.0,0.0,0,0.001
3,ma_gap_12m,0.0,0.0,0,0.001
3,ma_crossover_6_12,0.0021909530097493648,0.0021909530097493648,1,0.001
3,vol_3m,0.0,0.0,0,0.001
3,vol_12m,0.0031685052336183025,0.0031685052336183025,1,0.001
3,vol_regime_3_12,-0.0,0.0,0,0.001
3,log_volume,0.0012238457111567787,0.0012238457111567787,1,0.001
3,abnormal_log_volume,-0.0,0.0,0,0.001
3,macro_vix,-0.02010201392543193,0.02010201392543193,1,0.001
3,macro_epu,0.007370484517166999,0.007370484517166999,1,0.001
3,macro_credit_spread,-0.0005623784214631256,0.0005623784214631256,1,0.001
3,macro_term_spread,-0.010617905765538732,0.010617905765538732,1,0.001
3,mom_12_1_x_macro_epu,0.003007429632809551,0.003007429632809551,1,0.001
3,mom_12_1_x_macro_vix,0.001334910701151373,0.001334910701151373,1,0.001
3,tsmom_12_x_macro_epu,0.0032730140517839078,0.0032730140517839078,1,0.001
3,tsmom_12_x_macro_vix,0.0,0.0,0,0.001
3,ma_gap_12m_x_macro_epu,-0.02050245347996384,0.02050245347996384,1,0.001
3,ma_crossover_6_12_x_macro_vix,0.006463793643692342,0.006463793643692342,1,0.001
3,reversal_1m_x_macro_epu,-0.00285779933793908,0.00285779933793908,1,0.001
3,reversal_1m_x_macro_vix,-0.005537968125316757,0.005537968125316757,1,0.001
3,reversal_1m_x_macro_credit_spread,-0.0,0.0,0,0.001
3,abnormal_log_volume_x_macro_epu,-0.0,0.0,0,0.001
3,abnormal_log_volume_x_macro_vix,-0.0,0.0,0,0.001
3,log_volume_x_macro_credit_spread,-0.0,0.0,0,0.001
3,vol_regime_3_12_x_macro_vix,0.0017059558275494648,0.0017059558275494648,1,0.001
3,vol_regime_3_12_x_macro_term_spread,-0.0021085867168931065,0.0021085867168931065,1,0.001
3,vol_12m_x_macro_credit_spread,0.0011403987589589312,0.0011403987589589312,1,0.001
4,mom_12_1,0.0028130843808103555,0.0028130843808103555,1,0.0025
4,mom_6_1,-0.0010162919605010113,0.0010162919605010113,1,0.0025
4,mom_3_1,0.0004650559522312156,0.0004650559522312156,1,0.0025
4,tsmom_12,0.0,0.0,0,0.0025
4,tsmom_sign_12,0.0,0.0,0,0.0025
4,reversal_1m,0.0,0.0,0,0.0025
4,ma_gap_12m,-0.0,0.0,0,0.0025
4,ma_crossover_6_12,0.0,0.0,0,0.0025
4,vol_3m,0.0,0.0,0,0.0025
4,vol_12m,0.0016718827067911568,0.0016718827067911568,1,0.0025
4,vol_regime_3_12,-0.0,0.0,0,0.0025
4,log_volume,0.001148123366095912,0.001148123366095912,1,0.0025
4,abnormal_log_volume,0.0,0.0,0,0.0025
4,macro_vix,-0.017117792979503145,0.017117792979503145,1,0.0025
4,macro_epu,0.004761630624965287,0.004761630624965287,1,0.0025
4,macro_credit_spread,-0.0,0.0,0,0.0025
4,macro_term_spread,-0.009460867187041004,0.009460867187041004,1,0.0025
4,mom_12_1_x_macro_epu,0.0,0.0,0,0.0025
4,mom_12_1_x_macro_vix,0.0,0.0,0,0.0025
4,tsmom_12_x_macro_epu,0.0006424823494944516,0.0006424823494944516,1,0.0025
4,tsmom_12_x_macro_vix,0.002910207083452345,0.002910207083452345,1,0.0025
4,ma_gap_12m_x_macro_epu,-0.006029457938973157,0.006029457938973157,1,0.0025
4,ma_crossover_6_12_x_macro_vix,0.0,0.0,0,0.0025
4,reversal_1m_x_macro_epu,-0.0,0.0,0,0.0025
4,reversal_1m_x_macro_vix,-0.0,0.0,0,0.0025
4,reversal_1m_x_macro_credit_spread,-0.0,0.0,0,0.0025
4,abnormal_log_volume_x_macro_epu,0.0,0.0,0,0.0025
4,abnormal_log_volume_x_macro_vix,0.0,0.0,0,0.0025
4,log_volume_x_macro_credit_spread,0.0,0.0,0,0.0025
4,vol_regime_3_12_x_macro_vix,0.00033896145073876113,0.00033896145073876113,1,0.0025
4,vol_regime_3_12_x_macro_term_spread,-0.0,0.0,0,0.0025
4,vol_12m_x_macro_credit_spread,0.003731733927646754,0.003731733927646754,1,0.0025
5,mom_12_1,-0.0,0.0,0,0.0005
5,mom_6_1,-0.004126441064638092,0.004126441064638092,1,0.0005
5,mom_3_1,0.0071635328378515575,0.0071635328378515575,1,0.0005
5,tsmom_12,-0.0,0.0,0,0.0005
5,tsmom_sign_12,0.00039146957783276615,0.00039146957783276615,1,0.0005
5,reversal_1m,0.004563894049163232,0.004563894049163232,1,0.0005
5,ma_gap_12m,0.0,0.0,0,0.0005
5,ma_crossover_6_12,0.0037100242365878614,0.0037100242365878614,1,0.0005
5,vol_3m,-0.0021481374742218246,0.0021481374742218246,1,0.0005
5,vol_12m,0.006792525673674366,0.006792525673674366,1,0.0005
5,vol_regime_3_12,-0.0046563737143714996,0.0046563737143714996,1,0.0005
5,log_volume,0.001063751582849683,0.001063751582849683,1,0.0005
5,abnormal_log_volume,-0.0,0.0,0,0.0005
5,macro_vix,-0.019748229550972735,0.019748229550972735,1,0.0005
5,macro_epu,0.005962580703453871,0.005962580703453871,1,0.0005
5,macro_credit_spread,0.0,0.0,0,0.0005
5,macro_term_spread,-0.012452629381034168,0.012452629381034168,1,0.0005
5,mom_12_1_x_macro_epu,0.002468799266961797,0.002468799266961797,1,0.0005
5,mom_12_1_x_macro_vix,-0.0010928295485997486,0.0010928295485997486,1,0.0005
5,tsmom_12_x_macro_epu,0.006114315366396612,0.006114315366396612,1,0.0005
5,tsmom_12_x_macro_vix,0.0008495199373993263,0.0008495199373993263,1,0.0005
5,ma_gap_12m_x_macro_epu,-0.01967963874363893,0.01967963874363893,1,0.0005
5,ma_crossover_6_12_x_macro_vix,0.004305648757626691,0.004305648757626691,1,0.0005
5,reversal_1m_x_macro_epu,-0.010183292634315678,0.010183292634315678,1,0.0005
5,reversal_1m_x_macro_vix,-0.00517789101909146,0.00517789101909146,1,0.0005
5,reversal_1m_x_macro_credit_spread,0.004315375942970039,0.004315375942970039,1,0.0005
5,abnormal_log_volume_x_macro_epu,-0.0,0.0,0,0.0005
5,abnormal_log_volume_x_macro_vix,0.0,0.0,0,0.0005
5,log_volume_x_macro_credit_spread,0.0003860601205963593,0.0003860601205963593,1,0.0005
5,vol_regime_3_12_x_macro_vix,0.007105901282553751,0.007105901282553751,1,0.0005
5,vol_regime_3_12_x_macro_term_spread,-0.0010985637037040598,0.0010985637037040598,1,0.0005
5,vol_12m_x_macro_credit_spread,0.0,0.0,0,0.0005
6,mom_12_1,-0.0,0.0,0,0.0005
6,mom_6_1,-0.0051692279278078125,0.0051692279278078125,1,0.0005
6,mom_3_1,0.007001726870224558,0.007001726870224558,1,0.0005
6,tsmom_12,-0.0,0.0,0,0.0005
6,tsmom_sign_12,0.000522936344076688,0.000522936344076688,1,0.0005
6,reversal_1m,0.004155720695365236,0.004155720695365236,1,0.0005
6,ma_gap_12m,0.0,0.0,0,0.0005
6,ma_crossover_6_12,0.007206251179395259,0.007206251179395259,1,0.0005
6,vol_3m,-0.003135134403934757,0.003135134403934757,1,0.0005
6,vol_12m,0.0074620718926132045,0.0074620718926132045,1,0.0005
6,vol_regime_3_12,-0.0034712947677058162,0.0034712947677058162,1,0.0005
6,log_volume,0.0015542715567195755,0.0015542715567195755,1,0.0005
6,abnormal_log_volume,0.0,0.0,0,0.0005
6,macro_vix,-0.018554883559731894,0.018554883559731894,1,0.0005
6,macro_epu,0.005619386405194371,0.005619386405194371,1,0.0005
6,macro_credit_spread,0.0,0.0,0,0.0005
6,macro_term_spread,-0.010867992297837444,0.010867992297837444,1,0.0005
6,mom_12_1_x_macro_epu,-0.0,0.0,0,0.0005
6,mom_12_1_x_macro_vix,-0.0014815771236977335,0.0014815771236977335,1,0.0005
6,tsmom_12_x_macro_epu,0.0052395132497693045,0.0052395132497693045,1,0.0005
6,tsmom_12_x_macro_vix,0.003306288237263005,0.003306288237263005,1,0.0005
6,ma_gap_12m_x_macro_epu,-0.018507669625447174,0.018507669625447174,1,0.0005
6,ma_crossover_6_12_x_macro_vix,0.0009518093270537717,0.0009518093270537717,1,0.0005
6,reversal_1m_x_macro_epu,-0.00940826403255233,0.00940826403255233,1,0.0005
6,reversal_1m_x_macro_vix,-0.004339541390569982,0.004339541390569982,1,0.0005
6,reversal_1m_x_macro_credit_spread,0.003333883553971654,0.003333883553971654,1,0.0005
6,abnormal_log_volume_x_macro_epu,0.0,0.0,0,0.0005
6,abnormal_log_volume_x_macro_vix,0.0,0.0,0,0.0005
6,log_volume_x_macro_credit_spread,0.00030672947624814216,0.00030672947624814216,1,0.0005
6,vol_regime_3_12_x_macro_vix,0.007133453423337768,0.007133453423337768,1,0.0005
6,vol_regime_3_12_x_macro_term_spread,-0.0015524960098958628,0.0015524960098958628,1,0.0005
6,vol_12m_x_macro_credit_spread,0.0,0.0,0,0.0005
7,mom_12_1,0.0,0.0,0,0.005
7,mom_6_1,-0.0008545642954717373,0.0008545642954717373,1,0.005
7,mom_3_1,-0.0,0.0,0,0.005
7,tsmom_12,0.0015274197200954081,0.0015274197200954081,1,0.005
7,tsmom_sign_12,0.0,0.0,0,0.005
7,reversal_1m,0.0,0.0,0,0.005
7,ma_gap_12m,-0.0,0.0,0,0.005
7,ma_crossover_6_12,0.0,0.0,0,0.005
7,vol_3m,0.0,0.0,0,0.005
7,vol_12m,0.0025668385522237365,0.0025668385522237365,1,0.005
7,vol_regime_3_12,0.0,0.0,0,0.005
7,log_volume,0.00029715436393771644,0.00029715436393771644,1,0.005
7,abnormal_log_volume,0.0,0.0,0,0.005
7,macro_vix,-0.011051871078790928,0.011051871078790928,1,0.005
7,macro_epu,0.0016352585942668403,0.0016352585942668403,1,0.005
7,macro_credit_spread,0.0,0.0,0,0.005
7,macro_term_spread,-0.0052456195329985255,0.0052456195329985255,1,0.005
7,mom_12_1_x_macro_epu,0.0,0.0,0,0.005
7,mom_12_1_x_macro_vix,0.0,0.0,0,0.005
7,tsmom_12_x_macro_epu,0.0004435920967324642,0.0004435920967324642,1,0.005
7,tsmom_12_x_macro_vix,0.0,0.0,0,0.005
7,ma_gap_12m_x_macro_epu,-0.0027576255265808415,0.0027576255265808415,1,0.005
7,ma_crossover_6_12_x_macro_vix,0.0,0.0,0,0.005
7,reversal_1m_x_macro_epu,0.0,0.0,0,0.005
7,reversal_1m_x_macro_vix,0.0,0.0,0,0.005
7,reversal_1m_x_macro_credit_spread,0.0,0.0,0,0.005
7,abnormal_log_volume_x_macro_epu,0.0,0.0,0,0.005
7,abnormal_log_volume_x_macro_vix,0.0,0.0,0,0.005
7,log_volume_x_macro_credit_spread,0.0,0.0,0,0.005
7,vol_regime_3_12_x_macro_vix,0.0,0.0,0,0.005
7,vol_regime_3_12_x_macro_term_spread,-0.0,0.0,0,0.005
7,vol_12m_x_macro_credit_spread,0.0,0.0,0,0.005
8,mom_12_1,0.0,0.0,0,0.005
8,mom_6_1,-0.0004934408456972867,0.0004934408456972867,1,0.005
8,mom_3_1,-0.0,0.0,0,0.005
8,tsmom_12,0.00071405532374379,0.00071405532374379,1,0.005
8,tsmom_sign_12,0.0,0.0,0,0.005
8,reversal_1m,0.0,0.0,0,0.005
8,ma_gap_12m,-0.0,0.0,0,0.005
8,ma_crossover_6_12,0.0,0.0,0,0.005
8,vol_3m,0.0,0.0,0,0.005
8,vol_12m,0.0018391740216698546,0.0018391740216698546,1,0.005
8,vol_regime_3_12,0.0,0.0,0,0.005
8,log_volume,0.0,0.0,0,0.005
8,abnormal_log_volume,0.0,0.0,0,0.005
8,macro_vix,-0.010529080177157714,0.010529080177157714,1,0.005
8,macro_epu,0.0013055256453828777,0.0013055256453828777,1,0.005
8,macro_credit_spread,0.0,0.0,0,0.005
8,macro_term_spread,-0.00496059056600882,0.00496059056600882,1,0.005
8,mom_12_1_x_macro_epu,0.0,0.0,0,0.005
8,mom_12_1_x_macro_vix,0.0,0.0,0,0.005
8,tsmom_12_x_macro_epu,0.0008361721259269233,0.0008361721259269233,1,0.005
8,tsmom_12_x_macro_vix,0.0,0.0,0,0.005
8,ma_gap_12m_x_macro_epu,-0.002994047206554142,0.002994047206554142,1,0.005
8,ma_crossover_6_12_x_macro_vix,0.0,0.0,0,0.005
8,reversal_1m_x_macro_epu,0.0,0.0,0,0.005
8,reversal_1m_x_macro_vix,0.0,0.0,0,0.005
8,reversal_1m_x_macro_credit_spread,0.0,0.0,0,0.005
8,abnormal_log_volume_x_macro_epu,0.0,0.0,0,0.005
8,abnormal_log_volume_x_macro_vix,0.0,0.0,0,0.005
8,log_volume_x_macro_credit_spread,0.0,0.0,0,0.005
8,vol_regime_3_12_x_macro_vix,0.0,0.0,0,0.005
8,vol_regime_3_12_x_macro_term_spread,-0.0,0.0,0,0.005
8,vol_12m_x_macro_credit_spread,0.0,0.0,0,0.005
9,mom_12_1,0.0,0.0,0,0.005
9,mom_6_1,-0.0,0.0,0,0.005
9,mom_3_1,0.0,0.0,0,0.005
9,tsmom_12,0.0012270313059788436,0.0012270313059788436,1,0.005
9,tsmom_sign_12,0.0,0.0,0,0.005
9,reversal_1m,0.0,0.0,0,0.005
9,ma_gap_12m,-0.0,0.0,0,0.005
9,ma_crossover_6_12,0.0,0.0,0,0.005
9,vol_3m,0.0,0.0,0,0.005
9,vol_12m,0.0021193626577349876,0.0021193626577349876,1,0.005
9,vol_regime_3_12,0.0,0.0,0,0.005
9,log_volume,0.0,0.0,0,0.005
9,abnormal_log_volume,0.0,0.0,0,0.005
9,macro_vix,-0.009703813625328506,0.009703813625328506,1,0.005
9,macro_epu,0.0022330308876747323,0.0022330308876747323,1,0.005
9,macro_credit_spread,0.0,0.0,0,0.005
9,macro_term_spread,-0.005693829528003634,0.005693829528003634,1,0.005
9,mom_12_1_x_macro_epu,0.0,0.0,0,0.005
9,mom_12_1_x_macro_vix,0.0,0.0,0,0.005
9,tsmom_12_x_macro_epu,0.0,0.0,0,0.005
9,tsmom_12_x_macro_vix,0.0,0.0,0,0.005
9,ma_gap_12m_x_macro_epu,-0.0033559971107987086,0.0033559971107987086,1,0.005
9,ma_crossover_6_12_x_macro_vix,-0.0,0.0,0,0.005
9,reversal_1m_x_macro_epu,0.0,0.0,0,0.005
9,reversal_1m_x_macro_vix,0.0,0.0,0,0.005
9,reversal_1m_x_macro_credit_spread,0.0,0.0,0,0.005
9,abnormal_log_volume_x_macro_epu,0.0,0.0,0,0.005
9,abnormal_log_volume_x_macro_vix,0.0,0.0,0,0.005
9,log_volume_x_macro_credit_spread,0.0,0.0,0,0.005
9,vol_regime_3_12_x_macro_vix,0.0003307566514563962,0.0003307566514563962,1,0.005
9,vol_regime_3_12_x_macro_term_spread,-0.0,0.0,0,0.005
9,vol_12m_x_macro_credit_spread,0.0,0.0,0,0.005
10,mom_12_1,0.0005318783978126351,0.0005318783978126351,1,0.005
10,mom_6_1,-0.0,0.0,0,0.005
10,mom_3_1,0.0,0.0,0,0.005
10,tsmom_12,0.0007966564127113938,0.0007966564127113938,1,0.005
10,tsmom_sign_12,0.0,0.0,0,0.005
10,reversal_1m,0.0,0.0,0,0.005
10,ma_gap_12m,-0.0,0.0,0,0.005
10,ma_crossover_6_12,0.0,0.0,0,0.005
10,vol_3m,0.0,0.0,0,0.005
10,vol_12m,0.0009543722928947191,0.0009543722928947191,1,0.005
10,vol_regime_3_12,0.0,0.0,0,0.005
10,log_volume,0.0,0.0,0,0.005
10,abnormal_log_volume,0.0,0.0,0,0.005
10,macro_vix,-0.00845693962789681,0.00845693962789681,1,0.005
10,macro_epu,0.0037249516275867068,0.0037249516275867068,1,0.005
10,macro_credit_spread,-0.0,0.0,0,0.005
10,macro_term_spread,-0.0054470614914274955,0.0054470614914274955,1,0.005
10,mom_12_1_x_macro_epu,0.0,0.0,0,0.005
10,mom_12_1_x_macro_vix,0.0,0.0,0,0.005
10,tsmom_12_x_macro_epu,0.0,0.0,0,0.005
10,tsmom_12_x_macro_vix,0.0,0.0,0,0.005
10,ma_gap_12m_x_macro_epu,-0.004293663862909261,0.004293663862909261,1,0.005
10,ma_crossover_6_12_x_macro_vix,-0.0,0.0,0,0.005
10,reversal_1m_x_macro_epu,0.0,0.0,0,0.005
10,reversal_1m_x_macro_vix,0.0,0.0,0,0.005
10,reversal_1m_x_macro_credit_spread,0.0,0.0,0,0.005
10,abnormal_log_volume_x_macro_epu,0.0,0.0,0,0.005
10,abnormal_log_volume_x_macro_vix,0.0,0.0,0,0.005
10,log_volume_x_macro_credit_spread,0.0,0.0,0,0.005
10,vol_regime_3_12_x_macro_vix,6.468435835492446e-05,6.468435835492446e-05,1,0.005
10,vol_regime_3_12_x_macro_term_spread,-0.0,0.0,0,0.005
10,vol_12m_x_macro_credit_spread,0.0,0.0,0,0.005
11,mom_12_1,0.0,0.0,0,0.005
11,mom_6_1,-0.0,0.0,0,0.005
11,mom_3_1,0.0,0.0,0,0.005
11,tsmom_12,0.0010234235609310348,0.0010234235609310348,1,0.005
11,tsmom_sign_12,0.0,0.0,0,0.005
11,reversal_1m,0.0,0.0,0,0.005
11,ma_gap_12m,-0.0,0.0,0,0.005
11,ma_crossover_6_12,0.0,0.0,0,0.005
11,vol_3m,0.0,0.0,0,0.005
11,vol_12m,0.0007688326254844498,0.0007688326254844498,1,0.005
11,vol_regime_3_12,0.0,0.0,0,0.005
11,log_volume,0.0,0.0,0,0.005
11,abnormal_log_volume,0.0,0.0,0,0.005
11,macro_vix,-0.007798566031016094,0.007798566031016094,1,0.005
11,macro_epu,0.0040055537893865035,0.0040055537893865035,1,0.005
11,macro_credit_spread,-0.0,0.0,0,0.005
11,macro_term_spread,-0.005422690266797497,0.005422690266797497,1,0.005
11,mom_12_1_x_macro_epu,0.0,0.0,0,0.005
11,mom_12_1_x_macro_vix,0.0,0.0,0,0.005
11,tsmom_12_x_macro_epu,0.0,0.0,0,0.005
11,tsmom_12_x_macro_vix,0.0,0.0,0,0.005
11,ma_gap_12m_x_macro_epu,-0.005113747918401205,0.005113747918401205,1,0.005
11,ma_crossover_6_12_x_macro_vix,0.0,0.0,0,0.005
11,reversal_1m_x_macro_epu,0.0,0.0,0,0.005
11,reversal_1m_x_macro_vix,0.0,0.0,0,0.005
11,reversal_1m_x_macro_credit_spread,0.0,0.0,0,0.005
11,abnormal_log_volume_x_macro_epu,0.0,0.0,0,0.005
11,abnormal_log_volume_x_macro_vix,0.0,0.0,0,0.005
11,log_volume_x_macro_credit_spread,-0.0,0.0,0,0.005
11,vol_regime_3_12_x_macro_vix,0.0,0.0,0,0.005
11,vol_regime_3_12_x_macro_term_spread,-0.0,0.0,0,0.005
11,vol_12m_x_macro_credit_spread,0.0,0.0,0,0.005
12,mom_12_1,0.0,0.0,0,0.005
12,mom_6_1,-0.0,0.0,0,0.005
12,mom_3_1,0.0,0.0,0,0.005
12,tsmom_12,0.0,0.0,0,0.005
12,tsmom_sign_12,0.0,0.0,0,0.005
12,reversal_1m,2.729598028850265e-05,2.729598028850265e-05,1,0.005
12,ma_gap_12m,-0.0,0.0,0,0.005
12,ma_crossover_6_12,0.0,0.0,0,0.005
12,vol_3m,0.0,0.0,0,0.005
12,vol_12m,0.0,0.0,0,0.005
12,vol_regime_3_12,0.0,0.0,0,0.005
12,log_volume,0.0,0.0,0,0.005
12,abnormal_log_volume,0.0,0.0,0,0.005
12,macro_vix,-0.007136025430110997,0.007136025430110997,1,0.005
12,macro_epu,0.0009816987161599838,0.0009816987161599838,1,0.005
12,macro_credit_spread,-0.0,0.0,0,0.005
12,macro_term_spread,-0.003358518954465618,0.003358518954465618,1,0.005
12,mom_12_1_x_macro_epu,-0.0,0.0,0,0.005
12,mom_12_1_x_macro_vix,-0.0,0.0,0,0.005
12,tsmom_12_x_macro_epu,0.0,0.0,0,0.005
12,tsmom_12_x_macro_vix,0.0,0.0,0,0.005
12,ma_gap_12m_x_macro_epu,-0.0025105771218783676,0.0025105771218783676,1,0.005
12,ma_crossover_6_12_x_macro_vix,-0.0,0.0,0,0.005
12,reversal_1m_x_macro_epu,0.0,0.0,0,0.005
12,reversal_1m_x_macro_vix,0.0,0.0,0,0.005
12,reversal_1m_x_macro_credit_spread,0.0,0.0,0,0.005
12,abnormal_log_volume_x_macro_epu,-0.0,0.0,0,0.005
12,abnormal_log_volume_x_macro_vix,-0.0,0.0,0,0.005
12,log_volume_x_macro_credit_spread,-0.0,0.0,0,0.005
12,vol_regime_3_12_x_macro_vix,0.00013522581761655616,0.00013522581761655616,1,0.005
12,vol_regime_3_12_x_macro_term_spread,-0.0,0.0,0,0.005
12,vol_12m_x_macro_credit_spread,0.0,0.0,0,0.005
13,mom_12_1,0.0,0.0,0,0.005
13,mom_6_1,-0.0,0.0,0,0.005
13,mom_3_1,0.0,0.0,0,0.005
13,tsmom_12,0.0,0.0,0,0.005
13,tsmom_sign_12,0.0,0.0,0,0.005
13,reversal_1m,0.0009566730348485149,0.0009566730348485149,1,0.005
13,ma_gap_12m,-0.0,0.0,0,0.005
13,ma_crossover_6_12,0.0,0.0,0,0.005
13,vol_3m,0.0,0.0,0,0.005
13,vol_12m,0.0,0.0,0,0.005
13,vol_regime_3_12,0.0,0.0,0,0.005
13,log_volume,0.0,0.0,0,0.005
13,abnormal_log_volume,0.0,0.0,0,0.005
13,macro_vix,-0.0075446715418493165,0.0075446715418493165,1,0.005
13,macro_epu,0.00199385600050254,0.00199385600050254,1,0.005
13,macro_credit_spread,-0.0,0.0,0,0.005
13,macro_term_spread,-0.004664565478075043,0.004664565478075043,1,0.005
13,mom_12_1_x_macro_epu,-0.0,0.0,0,0.005
13,mom_12_1_x_macro_vix,-0.0,0.0,0,0.005
13,tsmom_12_x_macro_epu,0.0,0.0,0,0.005
13,tsmom_12_x_macro_vix,0.0,0.0,0,0.005
13,ma_gap_12m_x_macro_epu,-0.0015582739493816215,0.0015582739493816215,1,0.005
13,ma_crossover_6_12_x_macro_vix,-0.0,0.0,0,0.005
13,reversal_1m_x_macro_epu,0.0,0.0,0,0.005
13,reversal_1m_x_macro_vix,0.0,0.0,0,0.005
13,reversal_1m_x_macro_credit_spread,0.0,0.0,0,0.005
13,abnormal_log_volume_x_macro_epu,-0.0,0.0,0,0.005
13,abnormal_log_volume_x_macro_vix,-0.0,0.0,0,0.005
13,log_volume_x_macro_credit_spread,-0.0,0.0,0,0.005
13,vol_regime_3_12_x_macro_vix,0.0,0.0,0,0.005
13,vol_regime_3_12_x_macro_term_spread,-0.0,0.0,0,0.005
13,vol_12m_x_macro_credit_spread,0.0,0.0,0,0.005
14,mom_12_1,0.0,0.0,0,0.005
14,mom_6_1,-0.0,0.0,0,0.005
14,mom_3_1,0.0,0.0,0,0.005
14,tsmom_12,0.0005165012181273678,0.0005165012181273678,1,0.005
14,tsmom_sign_12,0.0,0.0,0,0.005
14,reversal_1m,0.0,0.0,0,0.005
14,ma_gap_12m,-0.0,0.0,0,0.005
14,ma_crossover_6_12,0.0,0.0,0,0.005
14,vol_3m,0.0,0.0,0,0.005
14,vol_12m,0.00027330117882407316,0.00027330117882407316,1,0.005
14,vol_regime_3_12,0.0,0.0,0,0.005
14,log_volume,0.0,0.0,0,0.005
14,abnormal_log_volume,0.0,0.0,0,0.005
14,macro_vix,-0.007519702284032755,0.007519702284032755,1,0.005
14,macro_epu,0.0006895369177786801,0.0006895369177786801,1,0.005
14,macro_credit_spread,0.0,0.0,0,0.005
14,macro_term_spread,-0.0044153706179665825,0.0044153706179665825,1,0.005
14,mom_12_1_x_macro_epu,0.0,0.0,0,0.005
14,mom_12_1_x_macro_vix,-0.0,0.0,0,0.005
14,tsmom_12_x_macro_epu,0.0,0.0,0,0.005
14,tsmom_12_x_macro_vix,0.0,0.0,0,0.005
14,ma_gap_12m_x_macro_epu,-0.004009963660661728,0.004009963660661728,1,0.005
14,ma_crossover_6_12_x_macro_vix,-0.0,0.0,0,0.005
14,reversal_1m_x_macro_epu,0.0004787104912203321,0.0004787104912203321,1,0.005
14,reversal_1m_x_macro_vix,0.0,0.0,0,0.005
14,reversal_1m_x_macro_credit_spread,0.00013345452543600327,0.00013345452543600327,1,0.005
14,abnormal_log_volume_x_macro_epu,0.0,0.0,0,0.005
14,abnormal_log_volume_x_macro_vix,-0.0,0.0,0,0.005
14,log_volume_x_macro_credit_spread,0.0,0.0,0,0.005
14,vol_regime_3_12_x_macro_vix,0.0,0.0,0,0.005
14,vol_regime_3_12_x_macro_term_spread,-0.0,0.0,0,0.005
14,vol_12m_x_macro_credit_spread,0.0,0.0,0,0.005
15,mom_12_1,0.0,0.0,0,0.005
15,mom_6_1,-0.0,0.0,0,0.005
15,mom_3_1,-0.0,0.0,0,0.005
15,tsmom_12,0.0,0.0,0,0.005
15,tsmom_sign_12,0.0,0.0,0,0.005
15,reversal_1m,0.0,0.0,0,0.005
15,ma_gap_12m,-0.0,0.0,0,0.005
15,ma_crossover_6_12,0.0,0.0,0,0.005
15,vol_3m,0.0,0.0,0,0.005
15,vol_12m,0.0,0.0,0,0.005
15,vol_regime_3_12,0.0,0.0,0,0.005
15,log_volume,0.0,0.0,0,0.005
15,abnormal_log_volume,0.0,0.0,0,0.005
15,macro_vix,-0.008427473764519494,0.008427473764519494,1,0.005
15,macro_epu,3.920690591473485e-05,3.920690591473485e-05,1,0.005
15,macro_credit_spread,-0.0,0.0,0,0.005
15,macro_term_spread,-0.004875236424714659,0.004875236424714659,1,0.005
15,mom_12_1_x_macro_epu,-0.0,0.0,0,0.005
15,mom_12_1_x_macro_vix,-0.0,0.0,0,0.005
15,tsmom_12_x_macro_epu,0.0,0.0,0,0.005
15,tsmom_12_x_macro_vix,0.0,0.0,0,0.005
15,ma_gap_12m_x_macro_epu,-0.0017859470508353183,0.0017859470508353183,1,0.005
15,ma_crossover_6_12_x_macro_vix,0.0,0.0,0,0.005
15,reversal_1m_x_macro_epu,0.0018506527206710636,0.0018506527206710636,1,0.005
15,reversal_1m_x_macro_vix,0.0,0.0,0,0.005
15,reversal_1m_x_macro_credit_spread,0.0014700439148067038,0.0014700439148067038,1,0.005
15,abnormal_log_volume_x_macro_epu,-0.0,0.0,0,0.005
15,abnormal_log_volume_x_macro_vix,-0.0,0.0,0,0.005
15,log_volume_x_macro_credit_spread,0.0,0.0,0,0.005
15,vol_regime_3_12_x_macro_vix,0.0,0.0,0,0.005
15,vol_regime_3_12_x_macro_term_spread,-0.0,0.0,0,0.005
15,vol_12m_x_macro_credit_spread,-0.0,0.0,0,0.005
16,mom_12_1,0.0,0.0,0,0.005
16,mom_6_1,-0.0,0.0,0,0.005
16,mom_3_1,-0.0,0.0,0,0.005
16,tsmom_12,0.0,0.0,0,0.005
16,tsmom_sign_12,0.0,0.0,0,0.005
16,reversal_1m,0.0,0.0,0,0.005
16,ma_gap_12m,-0.0,0.0,0,0.005
16,ma_crossover_6_12,0.0,0.0,0,0.005
16,vol_3m,0.0,0.0,0,0.005
16,vol_12m,0.0,0.0,0,0.005
16,vol_regime_3_12,0.0,0.0,0,0.005
16,log_volume,0.0,0.0,0,0.005
16,abnormal_log_volume,0.0,0.0,0,0.005
16,macro_vix,-0.009227881465612193,0.009227881465612193,1,0.005
16,macro_epu,0.0,0.0,0,0.005
16,macro_credit_spread,-0.0,0.0,0,0.005
16,macro_term_spread,-0.005236544041326768,0.005236544041326768,1,0.005
16,mom_12_1_x_macro_epu,-0.0,0.0,0,0.005
16,mom_12_1_x_macro_vix,-0.0,0.0,0,0.005
16,tsmom_12_x_macro_epu,0.0,0.0,0,0.005
16,tsmom_12_x_macro_vix,0.0,0.0,0,0.005
16,ma_gap_12m_x_macro_epu,-0.0016706922682376878,0.0016706922682376878,1,0.005
16,ma_crossover_6_12_x_macro_vix,0.0,0.0,0,0.005
16,reversal_1m_x_macro_epu,0.0020446401277374846,0.0020446401277374846,1,0.005
16,reversal_1m_x_macro_vix,0.0,0.0,0,0.005
16,reversal_1m_x_macro_credit_spread,0.001018592691216497,0.001018592691216497,1,0.005
16,abnormal_log_volume_x_macro_epu,-0.0,0.0,0,0.005
16,abnormal_log_volume_x_macro_vix,-0.0,0.0,0,0.005
16,log_volume_x_macro_credit_spread,-0.0,0.0,0,0.005
16,vol_regime_3_12_x_macro_vix,0.0,0.0,0,0.005
16,vol_regime_3_12_x_macro_term_spread,-0.0,0.0,0,0.005
16,vol_12m_x_macro_credit_spread,-0.0,0.0,0,0.005
17,mom_12_1,0.0,0.0,0,0.005
17,mom_6_1,-0.0,0.0,0,0.005
17,mom_3_1,-0.0,0.0,0,0.005
17,tsmom_12,0.0001314457664692982,0.0001314457664692982,1,0.005
17,tsmom_sign_12,0.0,0.0,0,0.005
17,reversal_1m,0.0,0.0,0,0.005
17,ma_gap_12m,-0.0,0.0,0,0.005
17,ma_crossover_6_12,0.0,0.0,0,0.005
17,vol_3m,0.0,0.0,0,0.005
17,vol_12m,0.0,0.0,0,0.005
17,vol_regime_3_12,0.0,0.0,0,0.005
17,log_volume,0.0,0.0,0,0.005
17,abnormal_log_volume,0.0,0.0,0,0.005
17,macro_vix,-0.008554478455279332,0.008554478455279332,1,0.005
17,macro_epu,0.00046982938853510703,0.00046982938853510703,1,0.005
17,macro_credit_spread,-0.0,0.0,0,0.005
17,macro_term_spread,-0.004806215634940602,0.004806215634940602,1,0.005
17,mom_12_1_x_macro_epu,-0.0,0.0,0,0.005
17,mom_12_1_x_macro_vix,-0.0,0.0,0,0.005
17,tsmom_12_x_macro_epu,0.0,0.0,0,0.005
17,tsmom_12_x_macro_vix,0.0,0.0,0,0.005
17,ma_gap_12m_x_macro_epu,-0.0026829846703659405,0.0026829846703659405,1,0.005
17,ma_crossover_6_12_x_macro_vix,0.0,0.0,0,0.005
17,reversal_1m_x_macro_epu,0.0024664703987307504,0.0024664703987307504,1,0.005
17,reversal_1m_x_macro_vix,0.0,0.0,0,0.005
17,reversal_1m_x_macro_credit_spread,0.0006180173078257062,0.0006180173078257062,1,0.005
17,abnormal_log_volume_x_macro_epu,0.0,0.0,0,0.005
17,abnormal_log_volume_x_macro_vix,0.0,0.0,0,0.005
17,log_volume_x_macro_credit_spread,0.0,0.0,0,0.005
17,vol_regime_3_12_x_macro_vix,0.0,0.0,0,0.005
17,vol_regime_3_12_x_macro_term_spread,0.0,0.0,0,0.005
17,vol_12m_x_macro_credit_spread,0.0,0.0,0,0.005
18,mom_12_1,0.0,0.0,0,0.005
18,mom_6_1,-0.0,0.0,0,0.005
18,mom_3_1,-0.0,0.0,0,0.005
18,tsmom_12,0.00025380919597915215,0.00025380919597915215,1,0.005
18,tsmom_sign_12,0.0,0.0,0,0.005
18,reversal_1m,0.0,0.0,0,0.005
18,ma_gap_12m,-0.0,0.0,0,0.005
18,ma_crossover_6_12,0.0,0.0,0,0.005
18,vol_3m,0.0,0.0,0,0.005
18,vol_12m,0.0,0.0,0,0.005
18,vol_regime_3_12,0.0,0.0,0,0.005
18,log_volume,0.0,0.0,0,0.005
18,abnormal_log_volume,0.0,0.0,0,0.005
18,macro_vix,-0.008570795685349077,0.008570795685349077,1,0.005
18,macro_epu,0.0007913014063817,0.0007913014063817,1,0.005
18,macro_credit_spread,-0.0,0.0,0,0.005
18,macro_term_spread,-0.005109196575878377,0.005109196575878377,1,0.005
18,mom_12_1_x_macro_epu,-0.0,0.0,0,0.005
18,mom_12_1_x_macro_vix,-0.0,0.0,0,0.005
18,tsmom_12_x_macro_epu,0.0,0.0,0,0.005
18,tsmom_12_x_macro_vix,0.0,0.0,0,0.005
18,ma_gap_12m_x_macro_epu,-0.002687955719297905,0.002687955719297905,1,0.005
18,ma_crossover_6_12_x_macro_vix,0.0,0.0,0,0.005
18,reversal_1m_x_macro_epu,0.0024854303298532435,0.0024854303298532435,1,0.005
18,reversal_1m_x_macro_vix,0.0,0.0,0,0.005
18,reversal_1m_x_macro_credit_spread,0.0007194744158469916,0.0007194744158469916,1,0.005
18,abnormal_log_volume_x_macro_epu,0.0,0.0,0,0.005
18,abnormal_log_volume_x_macro_vix,-0.0,0.0,0,0.005
18,log_volume_x_macro_credit_spread,0.0,0.0,0,0.005
18,vol_regime_3_12_x_macro_vix,0.0,0.0,0,0.005
18,vol_regime_3_12_x_macro_term_spread,0.0,0.0,0,0.005
18,vol_12m_x_macro_credit_spread,-0.0,0.0,0,0.005
19,mom_12_1,0.0,0.0,0,0.005
19,mom_6_1,-0.0,0.0,0,0.005
19,mom_3_1,-0.0,0.0,0,0.005
19,tsmom_12,0.0,0.0,0,0.005
19,tsmom_sign_12,0.0,0.0,0,0.005
19,reversal_1m,0.0,0.0,0,0.005
19,ma_gap_12m,-0.0,0.0,0,0.005
19,ma_crossover_6_12,0.0,0.0,0,0.005
19,vol_3m,0.0,0.0,0,0.005
19,vol_12m,0.0,0.0,0,0.005
19,vol_regime_3_12,0.0,0.0,0,0.005
19,log_volume,0.0,0.0,0,0.005
19,abnormal_log_volume,0.0,0.0,0,0.005
19,macro_vix,-0.008036453785020336,0.008036453785020336,1,0.005
19,macro_epu,0.00042150456002639316,0.00042150456002639316,1,0.005
19,macro_credit_spread,-0.0,0.0,0,0.005
19,macro_term_spread,-0.004403216684934202,0.004403216684934202,1,0.005
19,mom_12_1_x_macro_epu,-0.0,0.0,0,0.005
19,mom_12_1_x_macro_vix,-0.0,0.0,0,0.005
19,tsmom_12_x_macro_epu,0.0,0.0,0,0.005
19,tsmom_12_x_macro_vix,0.0,0.0,0,0.005
19,ma_gap_12m_x_macro_epu,-0.002332113359927425,0.002332113359927425,1,0.005
19,ma_crossover_6_12_x_macro_vix,0.0,0.0,0,0.005
19,reversal_1m_x_macro_epu,0.0019056026305252437,0.0019056026305252437,1,0.005
19,reversal_1m_x_macro_vix,0.0,0.0,0,0.005
19,reversal_1m_x_macro_credit_spread,0.0013371853420293322,0.0013371853420293322,1,0.005
19,abnormal_log_volume_x_macro_epu,0.0,0.0,0,0.005
19,abnormal_log_volume_x_macro_vix,-0.0,0.0,0,0.005
19,log_volume_x_macro_credit_spread,-0.0,0.0,0,0.005
19,vol_regime_3_12_x_macro_vix,0.0,0.0,0,0.005
19,vol_regime_3_12_x_macro_term_spread,-0.0,0.0,0,0.005
19,vol_12m_x_macro_credit_spread,-0.0,0.0,0,0.005
20,mom_12_1,0.0,0.0,0,0.005
20,mom_6_1,-0.0,0.0,0,0.005
20,mom_3_1,-0.0,0.0,0,0.005
20,tsmom_12,0.0,0.0,0,0.005
20,tsmom_sign_12,0.0,0.0,0,0.005
20,reversal_1m,0.0,0.0,0,0.005
20,ma_gap_12m,-0.0,0.0,0,0.005
20,ma_crossover_6_12,0.0,0.0,0,0.005
20,vol_3m,0.0,0.0,0,0.005
20,vol_12m,0.0,0.0,0,0.005
20,vol_regime_3_12,0.0,0.0,0,0.005
20,log_volume,0.0,0.0,0,0.005
20,abnormal_log_volume,0.0,0.0,0,0.005
20,macro_vix,-0.00805992803071743,0.00805992803071743,1,0.005
20,macro_epu,0.0005121572518147824,0.0005121572518147824,1,0.005
20,macro_credit_spread,-0.0,0.0,0,0.005
20,macro_term_spread,-0.0045824019851344955,0.0045824019851344955,1,0.005
20,mom_12_1_x_macro_epu,-0.0,0.0,0,0.005
20,mom_12_1_x_macro_vix,-0.0,0.0,0,0.005
20,tsmom_12_x_macro_epu,0.0,0.0,0,0.005
20,tsmom_12_x_macro_vix,0.0,0.0,0,0.005
20,ma_gap_12m_x_macro_epu,-0.0021987306368461313,0.0021987306368461313,1,0.005
20,ma_crossover_6_12_x_macro_vix,0.0,0.0,0,0.005
20,reversal_1m_x_macro_epu,0.0020496300361399875,0.0020496300361399875,1,0.005
20,reversal_1m_x_macro_vix,0.0,0.0,0,0.005
20,reversal_1m_x_macro_credit_spread,0.001100268514664226,0.001100268514664226,1,0.005
20,abnormal_log_volume_x_macro_epu,0.0,0.0,0,0.005
20,abnormal_log_volume_x_macro_vix,-0.0,0.0,0,0.005
20,log_volume_x_macro_credit_spread,-0.0,0.0,0,0.005
20,vol_regime_3_12_x_macro_vix,0.0,0.0,0,0.005
20,vol_regime_3_12_x_macro_term_spread,-0.0,0.0,0,0.005
20,vol_12m_x_macro_credit_spread,-0.0,0.0,0,0.005
21,mom_12_1,0.0,0.0,0,0.005
21,mom_6_1,-0.0,0.0,0,0.005
21,mom_3_1,-0.0,0.0,0,0.005
21,tsmom_12,0.0,0.0,0,0.005
21,tsmom_sign_12,0.0,0.0,0,0.005
21,reversal_1m,0.0,0.0,0,0.005
21,ma_gap_12m,-0.0,0.0,0,0.005
21,ma_crossover_6_12,0.0,0.0,0,0.005
21,vol_3m,0.0,0.0,0,0.005
21,vol_12m,-0.0,0.0,0,0.005
21,vol_regime_3_12,0.0,0.0,0,0.005
21,log_volume,0.0,0.0,0,0.005
21,abnormal_log_volume,0.0,0.0,0,0.005
21,macro_vix,-0.008723795142128897,0.008723795142128897,1,0.005
21,macro_epu,0.0007429842126266719,0.0007429842126266719,1,0.005
21,macro_credit_spread,-0.0,0.0,0,0.005
21,macro_term_spread,-0.005182169069900052,0.005182169069900052,1,0.005
21,mom_12_1_x_macro_epu,-0.0,0.0,0,0.005
21,mom_12_1_x_macro_vix,-0.0,0.0,0,0.005
21,tsmom_12_x_macro_epu,0.0,0.0,0,0.005
21,tsmom_12_x_macro_vix,0.0,0.0,0,0.005
21,ma_gap_12m_x_macro_epu,-0.001946445987045839,0.001946445987045839,1,0.005
21,ma_crossover_6_12_x_macro_vix,0.0,0.0,0,0.005
21,reversal_1m_x_macro_epu,0.0031267476624397593,0.0031267476624397593,1,0.005
21,reversal_1m_x_macro_vix,0.0,0.0,0,0.005
21,reversal_1m_x_macro_credit_spread,0.00011054437811947103,0.00011054437811947103,1,0.005
21,abnormal_log_volume_x_macro_epu,0.0,0.0,0,0.005
21,abnormal_log_volume_x_macro_vix,-0.0,0.0,0,0.005
21,log_volume_x_macro_credit_spread,-0.0,0.0,0,0.005
21,vol_regime_3_12_x_macro_vix,0.0,0.0,0,0.005
21,vol_regime_3_12_x_macro_term_spread,0.0,0.0,0,0.005
21,vol_12m_x_macro_credit_spread,-0.0,0.0,0,0.005
22,mom_12_1,0.0,0.0,0,0.005
22,mom_6_1,-0.0,0.0,0,0.005
22,mom_3_1,-0.0,0.0,0,0.005
22,tsmom_12,0.0,0.0,0,0.005
22,tsmom_sign_12,0.0,0.0,0,0.005
22,reversal_1m,0.0005271500801970109,0.0005271500801970109,1,0.005
22,ma_gap_12m,-0.0,0.0,0,0.005
22,ma_crossover_6_12,0.0,0.0,0,0.005
22,vol_3m,0.0,0.0,0,0.005
22,vol_12m,0.0,0.0,0,0.005
22,vol_regime_3_12,0.0,0.0,0,0.005
22,log_volume,0.0,0.0,0,0.005
22,abnormal_log_volume,0.0,0.0,0,0.005
22,macro_vix,-0.01025103206363678,0.01025103206363678,1,0.005
22,macro_epu,-0.0,0.0,0,0.005
22,macro_credit_spread,-0.0010059151536755948,0.0010059151536755948,1,0.005
22,macro_term_spread,-0.006677271989954779,0.006677271989954779,1,0.005
22,mom_12_1_x_macro_epu,0.0,0.0,0,0.005
22,mom_12_1_x_macro_vix,-0.0,0.0,0,0.005
22,tsmom_12_x_macro_epu,0.0,0.0,0,0.005
22,tsmom_12_x_macro_vix,0.0,0.0,0,0.005
22,ma_gap_12m_x_macro_epu,-0.0003982724351117229,0.0003982724351117229,1,0.005
22,ma_crossover_6_12_x_macro_vix,0.0,0.0,0,0.005
22,reversal_1m_x_macro_epu,0.0,0.0,0,0.005
22,reversal_1m_x_macro_vix,0.0,0.0,0,0.005
22,reversal_1m_x_macro_credit_spread,0.002490803783813102,0.002490803783813102,1,0.005
22,abnormal_log_volume_x_macro_epu,0.0,0.0,0,0.005
22,abnormal_log_volume_x_macro_vix,0.0,0.0,0,0.005
22,log_volume_x_macro_credit_spread,-0.0,0.0,0,0.005
22,vol_regime_3_12_x_macro_vix,0.0006847003461688141,0.0006847003461688141,1,0.005
22,vol_regime_3_12_x_macro_term_spread,0.0,0.0,0,0.005
22,vol_12m_x_macro_credit_spread,-0.0007277230155970114,0.0007277230155970114,1,0.005
23,mom_12_1,0.0,0.0,0,0.005
23,mom_6_1,-0.0,0.0,0,0.005
23,mom_3_1,-0.0,0.0,0,0.005
23,tsmom_12,0.0,0.0,0,0.005
23,tsmom_sign_12,0.0,0.0,0,0.005
23,reversal_1m,0.0,0.0,0,0.005
23,ma_gap_12m,-0.0,0.0,0,0.005
23,ma_crossover_6_12,0.0,0.0,0,0.005
23,vol_3m,0.0,0.0,0,0.005
23,vol_12m,-0.0,0.0,0,0.005
23,vol_regime_3_12,0.0,0.0,0,0.005
23,log_volume,0.0,0.0,0,0.005
23,abnormal_log_volume,0.0,0.0,0,0.005
23,macro_vix,-0.009713253208305348,0.009713253208305348,1,0.005
23,macro_epu,0.0,0.0,0,0.005
23,macro_credit_spread,-0.0010425467626562293,0.0010425467626562293,1,0.005
23,macro_term_spread,-0.0058144597878117595,0.0058144597878117595,1,0.005
23,mom_12_1_x_macro_epu,0.0,0.0,0,0.005
23,mom_12_1_x_macro_vix,-0.0,0.0,0,0.005
23,tsmom_12_x_macro_epu,0.0,0.0,0,0.005
23,tsmom_12_x_macro_vix,0.0,0.0,0,0.005
23,ma_gap_12m_x_macro_epu,-0.0016066622667356702,0.0016066622667356702,1,0.005
23,ma_crossover_6_12_x_macro_vix,0.0,0.0,0,0.005
23,reversal_1m_x_macro_epu,0.0026251644761286722,0.0026251644761286722,1,0.005
23,reversal_1m_x_macro_vix,0.0,0.0,0,0.005
23,reversal_1m_x_macro_credit_spread,0.0010444995515275846,0.0010444995515275846,1,0.005
23,abnormal_log_volume_x_macro_epu,0.0,0.0,0,0.005
23,abnormal_log_volume_x_macro_vix,0.0,0.0,0,0.005
23,log_volume_x_macro_credit_spread,-0.0,0.0,0,0.005
23,vol_regime_3_12_x_macro_vix,0.0005091416246787064,0.0005091416246787064,1,0.005
23,vol_regime_3_12_x_macro_term_spread,0.0,0.0,0,0.005
23,vol_12m_x_macro_credit_spread,-4.1254790610050065e-05,4.1254790610050065e-05,1,0.005
24,mom_12_1,0.003848191083991266,0.003848191083991266,1,0.0005
24,mom_6_1,-0.0014748315663771579,0.0014748315663771579,1,0.0005
24,mom_3_1,0.000657351626470902,0.000657351626470902,1,0.0005
24,tsmom_12,0.0,0.0,0,0.0005
24,tsmom_sign_12,-0.00025892788992197985,0.00025892788992197985,1,0.0005
24,reversal_1m,0.0011443505987240438,0.0011443505987240438,1,0.0005
24,ma_gap_12m,0.0,0.0,0,0.0005
24,ma_crossover_6_12,0.004419192378487852,0.004419192378487852,1,0.0005
24,vol_3m,-0.0008385518958360102,0.0008385518958360102,1,0.0005
24,vol_12m,0.02879775419728779,0.02879775419728779,1,0.0005
24,vol_regime_3_12,-0.006658255494514138,0.006658255494514138,1,0.0005
24,log_volume,0.00036060336094425065,0.00036060336094425065,1,0.0005
24,abnormal_log_volume,-0.0,0.0,0,0.0005
24,macro_vix,-0.014085725399769468,0.014085725399769468,1,0.0005
24,macro_epu,0.004841532752270034,0.004841532752270034,1,0.0005
24,macro_credit_spread,0.00734804396502869,0.00734804396502869,1,0.0005
24,macro_term_spread,-0.010010926759217517,0.010010926759217517,1,0.0005
24,mom_12_1_x_macro_epu,-0.003247776860025957,0.003247776860025957,1,0.0005
24,mom_12_1_x_macro_vix,-0.0053662278860785615,0.0053662278860785615,1,0.0005
24,tsmom_12_x_macro_epu,0.006812628858995265,0.006812628858995265,1,0.0005
24,tsmom_12_x_macro_vix,0.0,0.0,0,0.0005
24,ma_gap_12m_x_macro_epu,-0.012321923387241912,0.012321923387241912,1,0.0005
24,ma_crossover_6_12_x_macro_vix,0.0026332478201837027,0.0026332478201837027,1,0.0005
24,reversal_1m_x_macro_epu,-0.00014161245215295917,0.00014161245215295917,1,0.0005
24,reversal_1m_x_macro_vix,-0.0,0.0,0,0.0005
24,reversal_1m_x_macro_credit_spread,0.0,0.0,0,0.0005
24,abnormal_log_volume_x_macro_epu,0.00048114787709674096,0.00048114787709674096,1,0.0005
24,abnormal_log_volume_x_macro_vix,-0.0004177301593564496,0.0004177301593564496,1,0.0005
24,log_volume_x_macro_credit_spread,-0.0,0.0,0,0.0005
24,vol_regime_3_12_x_macro_vix,0.008686889899168337,0.008686889899168337,1,0.0005
24,vol_regime_3_12_x_macro_term_spread,0.0,0.0,0,0.0005
24,vol_12m_x_macro_credit_spread,-0.03302792835729622,0.03302792835729622,1,0.0005
25,mom_12_1,0.032872787730094055,0.032872787730094055,1,5e-05
25,mom_6_1,-0.0020948397792473253,0.0020948397792473253,1,5e-05
25,mom_3_1,0.0015706892147708403,0.0015706892147708403,1,5e-05
25,tsmom_12,-0.014964364509631872,0.014964364509631872,1,5e-05
25,tsmom_sign_12,-0.0007986873353429636,0.0007986873353429636,1,5e-05
25,reversal_1m,0.0022935200555219792,0.0022935200555219792,1,5e-05
25,ma_gap_12m,0.003266887892386217,0.003266887892386217,1,5e-05
25,ma_crossover_6_12,-0.002737480960297476,0.002737480960297476,1,5e-05
25,vol_3m,-0.0035035777757256932,0.0035035777757256932,1,5e-05
25,vol_12m,0.03318180334739097,0.03318180334739097,1,5e-05
25,vol_regime_3_12,-0.014374387996392998,0.014374387996392998,1,5e-05
25,log_volume,0.012940816058284793,0.012940816058284793,1,5e-05
25,abnormal_log_volume,-0.002960273940465629,0.002960273940465629,1,5e-05
25,macro_vix,-0.015349940746198231,0.015349940746198231,1,5e-05
25,macro_epu,0.0038922665567765013,0.0038922665567765013,1,5e-05
25,macro_credit_spread,0.0396673589887681,0.0396673589887681,1,5e-05
25,macro_term_spread,-0.01012266044686259,0.01012266044686259,1,5e-05
25,mom_12_1_x_macro_epu,-0.01110712700230353,0.01110712700230353,1,5e-05
25,mom_12_1_x_macro_vix,-0.029525404416481413,0.029525404416481413,1,5e-05
25,tsmom_12_x_macro_epu,0.008367879894255031,0.008367879894255031,1,5e-05
25,tsmom_12_x_macro_vix,0.013386258649097166,0.013386258649097166,1,5e-05
25,ma_gap_12m_x_macro_epu,-0.017283681279699026,0.017283681279699026,1,5e-05
25,ma_crossover_6_12_x_macro_vix,0.012275863577612107,0.012275863577612107,1,5e-05
25,reversal_1m_x_macro_epu,-0.009390341705979799,0.009390341705979799,1,5e-05
25,reversal_1m_x_macro_vix,-0.0017496745414036436,0.0017496745414036436,1,5e-05
25,reversal_1m_x_macro_credit_spread,0.008720055383210181,0.008720055383210181,1,5e-05
25,abnormal_log_volume_x_macro_epu,0.005281654897611436,0.005281654897611436,1,5e-05
25,abnormal_log_volume_x_macro_vix,-0.002180603023527478,0.002180603023527478,1,5e-05
25,log_volume_x_macro_credit_spread,-0.03389739919097957,0.03389739919097957,1,5e-05
25,vol_regime_3_12_x_macro_vix,0.01677177691604883,0.01677177691604883,1,5e-05
25,vol_regime_3_12_x_macro_term_spread,0.002463682976322826,0.002463682976322826,1,5e-05
25,vol_12m_x_macro_credit_spread,-0.03680708450835687,0.03680708450835687,1,5e-05
26,mom_12_1,0.0,0.0,0,0.005
26,mom_6_1,-0.0,0.0,0,0.005
26,mom_3_1,-0.0,0.0,0,0.005
26,tsmom_12,0.0,0.0,0,0.005
26,tsmom_sign_12,0.0,0.0,0,0.005
26,reversal_1m,0.0,0.0,0,0.005
26,ma_gap_12m,-0.0,0.0,0,0.005
26,ma_crossover_6_12,8.341096172229832e-05,8.341096172229832e-05,1,0.005
26,vol_3m,0.0,0.0,0,0.005
26,vol_12m,0.0,0.0,0,0.005
26,vol_regime_3_12,0.0,0.0,0,0.005
26,log_volume,0.0,0.0,0,0.005
26,abnormal_log_volume,0.0,0.0,0,0.005
26,macro_vix,-0.008773501388657784,0.008773501388657784,1,0.005
26,macro_epu,-0.0,0.0,0,0.005
26,macro_credit_spread,-0.0,0.0,0,0.005
26,macro_term_spread,-0.004357977985970436,0.004357977985970436,1,0.005
26,mom_12_1_x_macro_epu,-0.0,0.0,0,0.005
26,mom_12_1_x_macro_vix,-0.0,0.0,0,0.005
26,tsmom_12_x_macro_epu,0.0,0.0,0,0.005
26,tsmom_12_x_macro_vix,0.0,0.0,0,0.005
26,ma_gap_12m_x_macro_epu,-0.0037125273266809854,0.0037125273266809854,1,0.005
26,ma_crossover_6_12_x_macro_vix,0.0,0.0,0,0.005
26,reversal_1m_x_macro_epu,0.0,0.0,0,0.005
26,reversal_1m_x_macro_vix,0.0,0.0,0,0.005
26,reversal_1m_x_macro_credit_spread,0.0012903181184041937,0.0012903181184041937,1,0.005
26,abnormal_log_volume_x_macro_epu,0.0,0.0,0,0.005
26,abnormal_log_volume_x_macro_vix,0.0,0.0,0,0.005
26,log_volume_x_macro_credit_spread,-0.0,0.0,0,0.005
26,vol_regime_3_12_x_macro_vix,0.0005519055067194019,0.0005519055067194019,1,0.005
26,vol_regime_3_12_x_macro_term_spread,0.0,0.0,0,0.005
26,vol_12m_x_macro_credit_spread,-0.0,0.0,0,0.005
27,mom_12_1,0.0,0.0,0,0.005
27,mom_6_1,-0.0,0.0,0,0.005
27,mom_3_1,-0.0,0.0,0,0.005
27,tsmom_12,0.0,0.0,0,0.005
27,tsmom_sign_12,0.0,0.0,0,0.005
27,reversal_1m,0.0,0.0,0,0.005
27,ma_gap_12m,-0.0,0.0,0,0.005
27,ma_crossover_6_12,0.0007147275520613933,0.0007147275520613933,1,0.005
27,vol_3m,0.0,0.0,0,0.005
27,vol_12m,-0.0,0.0,0,0.005
27,vol_regime_3_12,0.0,0.0,0,0.005
27,log_volume,0.0,0.0,0,0.005
27,abnormal_log_volume,0.0,0.0,0,0.005
27,macro_vix,-0.008954240984105376,0.008954240984105376,1,0.005
27,macro_epu,-0.0,0.0,0,0.005
27,macro_credit_spread,-0.0,0.0,0,0.005
27,macro_term_spread,-0.00474713398634141,0.00474713398634141,1,0.005
27,mom_12_1_x_macro_epu,-0.0,0.0,0,0.005
27,mom_12_1_x_macro_vix,-0.0,0.0,0,0.005
27,tsmom_12_x_macro_epu,0.0,0.0,0,0.005
27,tsmom_12_x_macro_vix,0.0,0.0,0,0.005
27,ma_gap_12m_x_macro_epu,-0.004127551996612414,0.004127551996612414,1,0.005
27,ma_crossover_6_12_x_macro_vix,0.0,0.0,0,0.005
27,reversal_1m_x_macro_epu,0.0,0.0,0,0.005
27,reversal_1m_x_macro_vix,0.0,0.0,0,0.005
27,reversal_1m_x_macro_credit_spread,0.001278086134298035,0.001278086134298035,1,0.005
27,abnormal_log_volume_x_macro_epu,0.0,0.0,0,0.005
27,abnormal_log_volume_x_macro_vix,0.0,0.0,0,0.005
27,log_volume_x_macro_credit_spread,-0.0,0.0,0,0.005
27,vol_regime_3_12_x_macro_vix,0.000516246121354827,0.000516246121354827,1,0.005
27,vol_regime_3_12_x_macro_term_spread,0.0,0.0,0,0.005
27,vol_12m_x_macro_credit_spread,-0.0,0.0,0,0.005
28,mom_12_1,0.0,0.0,0,0.005
28,mom_6_1,-0.0,0.0,0,0.005
28,mom_3_1,-0.0,0.0,0,0.005
28,tsmom_12,0.0,0.0,0,0.005
28,tsmom_sign_12,0.0,0.0,0,0.005
28,reversal_1m,0.0,0.0,0,0.005
28,ma_gap_12m,-0.0,0.0,0,0.005
28,ma_crossover_6_12,3.5628557697989488e-06,3.5628557697989488e-06,1,0.005
28,vol_3m,0.0,0.0,0,0.005
28,vol_12m,0.0,0.0,0,0.005
28,vol_regime_3_12,0.0,0.0,0,0.005
28,log_volume,0.0,0.0,0,0.005
28,abnormal_log_volume,0.0,0.0,0,0.005
28,macro_vix,-0.00861837469086381,0.00861837469086381,1,0.005
28,macro_epu,-0.0,0.0,0,0.005
28,macro_credit_spread,-0.0,0.0,0,0.005
28,macro_term_spread,-0.0035824802811864104,0.0035824802811864104,1,0.005
28,mom_12_1_x_macro_epu,-0.0,0.0,0,0.005
28,mom_12_1_x_macro_vix,-0.0,0.0,0,0.005
28,tsmom_12_x_macro_epu,0.0,0.0,0,0.005
28,tsmom_12_x_macro_vix,0.0,0.0,0,0.005
28,ma_gap_12m_x_macro_epu,-0.003557872580173626,0.003557872580173626,1,0.005
28,ma_crossover_6_12_x_macro_vix,0.0,0.0,0,0.005
28,reversal_1m_x_macro_epu,0.0,0.0,0,0.005
28,reversal_1m_x_macro_vix,0.0,0.0,0,0.005
28,reversal_1m_x_macro_credit_spread,0.0016356289843551133,0.0016356289843551133,1,0.005
28,abnormal_log_volume_x_macro_epu,0.0,0.0,0,0.005
28,abnormal_log_volume_x_macro_vix,0.0,0.0,0,0.005
28,log_volume_x_macro_credit_spread,-0.0,0.0,0,0.005
28,vol_regime_3_12_x_macro_vix,0.0005280395166397066,0.0005280395166397066,1,0.005
28,vol_regime_3_12_x_macro_term_spread,0.0,0.0,0,0.005
28,vol_12m_x_macro_credit_spread,-0.0,0.0,0,0.005
29,mom_12_1,0.0,0.0,0,0.005
29,mom_6_1,-0.0,0.0,0,0.005
29,mom_3_1,-0.0,0.0,0,0.005
29,tsmom_12,0.0,0.0,0,0.005
29,tsmom_sign_12,0.0,0.0,0,0.005
29,reversal_1m,0.0,0.0,0,0.005
29,ma_gap_12m,-0.0,0.0,0,0.005
29,ma_crossover_6_12,0.00021208021206344757,0.00021208021206344757,1,0.005
29,vol_3m,0.0,0.0,0,0.005
29,vol_12m,-0.0,0.0,0,0.005
29,vol_regime_3_12,0.0,0.0,0,0.005
29,log_volume,0.0,0.0,0,0.005
29,abnormal_log_volume,0.0,0.0,0,0.005
29,macro_vix,-0.00889860903993049,0.00889860903993049,1,0.005
29,macro_epu,-0.0,0.0,0,0.005
29,macro_credit_spread,-0.0,0.0,0,0.005
29,macro_term_spread,-0.00407869848087718,0.00407869848087718,1,0.005
29,mom_12_1_x_macro_epu,-0.0,0.0,0,0.005
29,mom_12_1_x_macro_vix,-0.0,0.0,0,0.005
29,tsmom_12_x_macro_epu,0.0,0.0,0,0.005
29,tsmom_12_x_macro_vix,0.0,0.0,0,0.005
29,ma_gap_12m_x_macro_epu,-0.0033540460856930692,0.0033540460856930692,1,0.005
29,ma_crossover_6_12_x_macro_vix,0.0,0.0,0,0.005
29,reversal_1m_x_macro_epu,0.0,0.0,0,0.005
29,reversal_1m_x_macro_vix,0.0,0.0,0,0.005
29,reversal_1m_x_macro_credit_spread,0.0019442823967437501,0.0019442823967437501,1,0.005
29,abnormal_log_volume_x_macro_epu,0.0,0.0,0,0.005
29,abnormal_log_volume_x_macro_vix,0.0,0.0,0,0.005
29,log_volume_x_macro_credit_spread,-0.0,0.0,0,0.005
29,vol_regime_3_12_x_macro_vix,0.0005985097372401935,0.0005985097372401935,1,0.005
29,vol_regime_3_12_x_macro_term_spread,0.0,0.0,0,0.005
29,vol_12m_x_macro_credit_spread,-0.0,0.0,0,0.005
30,mom_12_1,0.0,0.0,0,0.005
30,mom_6_1,-0.0,0.0,0,0.005
30,mom_3_1,-0.0,0.0,0,0.005
30,tsmom_12,0.0,0.0,0,0.005
30,tsmom_sign_12,0.0,0.0,0,0.005
30,reversal_1m,0.0,0.0,0,0.005
30,ma_gap_12m,-0.0,0.0,0,0.005
30,ma_crossover_6_12,0.00034942279084319047,0.00034942279084319047,1,0.005
30,vol_3m,0.0,0.0,0,0.005
30,vol_12m,-0.0,0.0,0,0.005
30,vol_regime_3_12,0.0,0.0,0,0.005
30,log_volume,0.0,0.0,0,0.005
30,abnormal_log_volume,0.0,0.0,0,0.005
30,macro_vix,-0.008956502758951003,0.008956502758951003,1,0.005
30,macro_epu,-0.0,0.0,0,0.005
30,macro_credit_spread,-0.0,0.0,0,0.005
30,macro_term_spread,-0.0041486656425424005,0.0041486656425424005,1,0.005
30,mom_12_1_x_macro_epu,-0.0,0.0,0,0.005
30,mom_12_1_x_macro_vix,-0.0,0.0,0,0.005
30,tsmom_12_x_macro_epu,0.0,0.0,0,0.005
30,tsmom_12_x_macro_vix,0.0,0.0,0,0.005
30,ma_gap_12m_x_macro_epu,-0.003416351482723303,0.003416351482723303,1,0.005
30,ma_crossover_6_12_x_macro_vix,0.0,0.0,0,0.005
30,reversal_1m_x_macro_epu,0.0,0.0,0,0.005
30,reversal_1m_x_macro_vix,0.0,0.0,0,0.005
30,reversal_1m_x_macro_credit_spread,0.0017739670065882996,0.0017739670065882996,1,0.005
30,abnormal_log_volume_x_macro_epu,0.0,0.0,0,0.005
30,abnormal_log_volume_x_macro_vix,0.0,0.0,0,0.005
30,log_volume_x_macro_credit_spread,-0.0,0.0,0,0.005
30,vol_regime_3_12_x_macro_vix,0.0005458382716548891,0.0005458382716548891,1,0.005
30,vol_regime_3_12_x_macro_term_spread,0.0,0.0,0,0.005
30,vol_12m_x_macro_credit_spread,-0.0,0.0,0,0.005
31,mom_12_1,0.0,0.0,0,0.005
31,mom_6_1,-0.0,0.0,0,0.005
31,mom_3_1,-0.0,0.0,0,0.005
31,tsmom_12,0.0,0.0,0,0.005
31,tsmom_sign_12,0.0,0.0,0,0.005
31,reversal_1m,0.0,0.0,0,0.005
31,ma_gap_12m,-0.0,0.0,0,0.005
31,ma_crossover_6_12,0.0005779448618465597,0.0005779448618465597,1,0.005
31,vol_3m,0.0,0.0,0,0.005
31,vol_12m,-0.0,0.0,0,0.005
31,vol_regime_3_12,0.0,0.0,0,0.005
31,log_volume,0.0,0.0,0,0.005
31,abnormal_log_volume,0.0,0.0,0,0.005
31,macro_vix,-0.009765008389329127,0.009765008389329127,1,0.005
31,macro_epu,-0.0,0.0,0,0.005
31,macro_credit_spread,-0.0,0.0,0,0.005
31,macro_term_spread,-0.004796382302746781,0.004796382302746781,1,0.005
31,mom_12_1_x_macro_epu,-0.0,0.0,0,0.005
31,mom_12_1_x_macro_vix,0.0,0.0,0,0.005
31,tsmom_12_x_macro_epu,0.0,0.0,0,0.005
31,tsmom_12_x_macro_vix,0.0,0.0,0,0.005
31,ma_gap_12m_x_macro_epu,-0.003510793151175588,0.003510793151175588,1,0.005
31,ma_crossover_6_12_x_macro_vix,0.0,0.0,0,0.005
31,reversal_1m_x_macro_epu,0.0,0.0,0,0.005
31,reversal_1m_x_macro_vix,0.0,0.0,0,0.005
31,reversal_1m_x_macro_credit_spread,0.0015247137268460849,0.0015247137268460849,1,0.005
31,abnormal_log_volume_x_macro_epu,0.0,0.0,0,0.005
31,abnormal_log_volume_x_macro_vix,0.0,0.0,0,0.005
31,log_volume_x_macro_credit_spread,-0.0,0.0,0,0.005
31,vol_regime_3_12_x_macro_vix,0.00054620892453824,0.00054620892453824,1,0.005
31,vol_regime_3_12_x_macro_term_spread,0.0,0.0,0,0.005
31,vol_12m_x_macro_credit_spread,-0.00046110550777670465,0.00046110550777670465,1,0.005
32,mom_12_1,0.0,0.0,0,0.0025
32,mom_6_1,-0.0,0.0,0,0.0025
32,mom_3_1,0.0,0.0,0,0.0025
32,tsmom_12,0.0004518378501879957,0.0004518378501879957,1,0.0025
32,tsmom_sign_12,0.0,0.0,0,0.0025
32,reversal_1m,0.0006720068094185024,0.0006720068094185024,1,0.0025
32,ma_gap_12m,-0.0,0.0,0,0.0025
32,ma_crossover_6_12,0.0036662779432383203,0.0036662779432383203,1,0.0025
32,vol_3m,0.0,0.0,0,0.0025
32,vol_12m,0.0,0.0,0,0.0025
32,vol_regime_3_12,-0.0,0.0,0,0.0025
32,log_volume,0.0,0.0,0,0.0025
32,abnormal_log_volume,-0.0,0.0,0,0.0025
32,macro_vix,-0.012886411237831975,0.012886411237831975,1,0.0025
32,macro_epu,4.1772129770531065e-05,4.1772129770531065e-05,1,0.0025
32,macro_credit_spread,-0.0,0.0,0,0.0025
32,macro_term_spread,-0.007911284130303972,0.007911284130303972,1,0.0025
32,mom_12_1_x_macro_epu,-0.0,0.0,0,0.0025
32,mom_12_1_x_macro_vix,-0.0,0.0,0,0.0025
32,tsmom_12_x_macro_epu,0.0,0.0,0,0.0025
32,tsmom_12_x_macro_vix,0.0,0.0,0,0.0025
32,ma_gap_12m_x_macro_epu,-0.0075267735625042095,0.0075267735625042095,1,0.0025
32,ma_crossover_6_12_x_macro_vix,0.0,0.0,0,0.0025
32,reversal_1m_x_macro_epu,0.0,0.0,0,0.0025
32,reversal_1m_x_macro_vix,0.0,0.0,0,0.0025
32,reversal_1m_x_macro_credit_spread,0.0,0.0,0,0.0025
32,abnormal_log_volume_x_macro_epu,0.0,0.0,0,0.0025
32,abnormal_log_volume_x_macro_vix,-0.0,0.0,0,0.0025
32,log_volume_x_macro_credit_spread,-0.0,0.0,0,0.0025
32,vol_regime_3_12_x_macro_vix,0.0017338024086708075,0.0017338024086708075,1,0.0025
32,vol_regime_3_12_x_macro_term_spread,-0.0,0.0,0,0.0025
32,vol_12m_x_macro_credit_spread,-0.0016143442263276023,0.0016143442263276023,1,0.0025
33,mom_12_1,0.0,0.0,0,0.0025
33,mom_6_1,-0.0,0.0,0,0.0025
33,mom_3_1,-0.0,0.0,0,0.0025
33,tsmom_12,0.0001767568437962608,0.0001767568437962608,1,0.0025
33,tsmom_sign_12,0.0,0.0,0,0.0025
33,reversal_1m,0.0007118719137877714,0.0007118719137877714,1,0.0025
33,ma_gap_12m,-0.0,0.0,0,0.0025
33,ma_crossover_6_12,0.004158451294434,0.004158451294434,1,0.0025
33,vol_3m,0.0,0.0,0,0.0025
33,vol_12m,0.0,0.0,0,0.0025
33,vol_regime_3_12,-0.0,0.0,0,0.0025
33,log_volume,0.0,0.0,0,0.0025
33,abnormal_log_volume,0.0,0.0,0,0.0025
33,macro_vix,-0.012750052139443645,0.012750052139443645,1,0.0025
33,macro_epu,0.00013678480461463437,0.00013678480461463437,1,0.0025
33,macro_credit_spread,-0.0,0.0,0,0.0025
33,macro_term_spread,-0.007151004761717009,0.007151004761717009,1,0.0025
33,mom_12_1_x_macro_epu,-0.0,0.0,0,0.0025
33,mom_12_1_x_macro_vix,-0.0,0.0,0,0.0025
33,tsmom_12_x_macro_epu,0.0,0.0,0,0.0025
33,tsmom_12_x_macro_vix,0.0,0.0,0,0.0025
33,ma_gap_12m_x_macro_epu,-0.007755823013050849,0.007755823013050849,1,0.0025
33,ma_crossover_6_12_x_macro_vix,0.0,0.0,0,0.0025
33,reversal_1m_x_macro_epu,0.0,0.0,0,0.0025
33,reversal_1m_x_macro_vix,0.0,0.0,0,0.0025
33,reversal_1m_x_macro_credit_spread,0.0,0.0,0,0.0025
33,abnormal_log_volume_x_macro_epu,0.0,0.0,0,0.0025
33,abnormal_log_volume_x_macro_vix,0.0,0.0,0,0.0025
33,log_volume_x_macro_credit_spread,-0.0,0.0,0,0.0025
33,vol_regime_3_12_x_macro_vix,0.0017317669855855362,0.0017317669855855362,1,0.0025
33,vol_regime_3_12_x_macro_term_spread,-0.0,0.0,0,0.0025
33,vol_12m_x_macro_credit_spread,-0.001568538115902081,0.001568538115902081,1,0.0025
34,mom_12_1,0.0,0.0,0,0.005
34,mom_6_1,-0.0,0.0,0,0.005
34,mom_3_1,-0.0,0.0,0,0.005
34,tsmom_12,0.0,0.0,0,0.005
34,tsmom_sign_12,0.0,0.0,0,0.005
34,reversal_1m,0.0012932526355387284,0.0012932526355387284,1,0.005
34,ma_gap_12m,-0.0,0.0,0,0.005
34,ma_crossover_6_12,0.0,0.0,0,0.005
34,vol_3m,0.0,0.0,0,0.005
34,vol_12m,0.0,0.0,0,0.005
34,vol_regime_3_12,0.0,0.0,0,0.005
34,log_volume,0.0,0.0,0,0.005
34,abnormal_log_volume,0.0,0.0,0,0.005
34,macro_vix,-0.013037319817434938,0.013037319817434938,1,0.005
34,macro_epu,0.0,0.0,0,0.005
34,macro_credit_spread,-0.0,0.0,0,0.005
34,macro_term_spread,-0.00652117613593049,0.00652117613593049,1,0.005
34,mom_12_1_x_macro_epu,0.0,0.0,0,0.005
34,mom_12_1_x_macro_vix,0.0,0.0,0,0.005
34,tsmom_12_x_macro_epu,0.0,0.0,0,0.005
34,tsmom_12_x_macro_vix,0.0,0.0,0,0.005
34,ma_gap_12m_x_macro_epu,-0.002305277534483835,0.002305277534483835,1,0.005
34,ma_crossover_6_12_x_macro_vix,0.0,0.0,0,0.005
34,reversal_1m_x_macro_epu,0.0,0.0,0,0.005
34,reversal_1m_x_macro_vix,0.0,0.0,0,0.005
34,reversal_1m_x_macro_credit_spread,0.0003894774477729483,0.0003894774477729483,1,0.005
34,abnormal_log_volume_x_macro_epu,0.0,0.0,0,0.005
34,abnormal_log_volume_x_macro_vix,0.0,0.0,0,0.005
34,log_volume_x_macro_credit_spread,-0.00047670460724546354,0.00047670460724546354,1,0.005
34,vol_regime_3_12_x_macro_vix,0.0010082895266484459,0.0010082895266484459,1,0.005
34,vol_regime_3_12_x_macro_term_spread,0.0,0.0,0,0.005
34,vol_12m_x_macro_credit_spread,-0.0005441169849896274,0.0005441169849896274,1,0.005
35,mom_12_1,0.0,0.0,0,0.005
35,mom_6_1,-0.0,0.0,0,0.005
35,mom_3_1,-0.0,0.0,0,0.005
35,tsmom_12,0.00021465703793989324,0.00021465703793989324,1,0.005
35,tsmom_sign_12,0.0,0.0,0,0.005
35,reversal_1m,0.0,0.0,0,0.005
35,ma_gap_12m,-0.0,0.0,0,0.005
35,ma_crossover_6_12,0.0,0.0,0,0.005
35,vol_3m,0.0,0.0,0,0.005
35,vol_12m,0.0,0.0,0,0.005
35,vol_regime_3_12,0.0,0.0,0,0.005
35,log_volume,0.0,0.0,0,0.005
35,abnormal_log_volume,0.0,0.0,0,0.005
35,macro_vix,-0.012430895539829406,0.012430895539829406,1,0.005
35,macro_epu,-0.0,0.0,0,0.005
35,macro_credit_spread,-0.0,0.0,0,0.005
35,macro_term_spread,-0.005895873718728365,0.005895873718728365,1,0.005
35,mom_12_1_x_macro_epu,0.0,0.0,0,0.005
35,mom_12_1_x_macro_vix,0.0,0.0,0,0.005
35,tsmom_12_x_macro_epu,0.0,0.0,0,0.005
35,tsmom_12_x_macro_vix,0.0,0.0,0,0.005
35,ma_gap_12m_x_macro_epu,-0.0030606374049454367,0.0030606374049454367,1,0.005
35,ma_crossover_6_12_x_macro_vix,0.0,0.0,0,0.005
35,reversal_1m_x_macro_epu,0.0,0.0,0,0.005
35,reversal_1m_x_macro_vix,0.0,0.0,0,0.005
35,reversal_1m_x_macro_credit_spread,0.002150423518011153,0.002150423518011153,1,0.005
35,abnormal_log_volume_x_macro_epu,0.0,0.0,0,0.005
35,abnormal_log_volume_x_macro_vix,0.0,0.0,0,0.005
35,log_volume_x_macro_credit_spread,-0.0,0.0,0,0.005
35,vol_regime_3_12_x_macro_vix,0.0010090778618159991,0.0010090778618159991,1,0.005
35,vol_regime_3_12_x_macro_term_spread,0.0,0.0,0,0.005
35,vol_12m_x_macro_credit_spread,-0.0005370828390914153,0.0005370828390914153,1,0.005
36,mom_12_1,0.0,0.0,0,0.0005
36,mom_6_1,-0.0008421048601643792,0.0008421048601643792,1,0.0005
36,mom_3_1,0.002640362052793104,0.002640362052793104,1,0.0005
36,tsmom_12,0.0,0.0,0,0.0005
36,tsmom_sign_12,0.0004540095225638125,0.0004540095225638125,1,0.0005
36,reversal_1m,0.003988150588700039,0.003988150588700039,1,0.0005
36,ma_gap_12m,0.0,0.0,0,0.0005
36,ma_crossover_6_12,0.0077103318660971636,0.0077103318660971636,1,0.0005
36,vol_3m,-0.0,0.0,0,0.0005
36,vol_12m,0.026468640443526165,0.026468640443526165,1,0.0005
36,vol_regime_3_12,-0.00800419840079136,0.00800419840079136,1,0.0005
36,log_volume,0.000773407383799228,0.000773407383799228,1,0.0005
36,abnormal_log_volume,-0.0,0.0,0,0.0005
36,macro_vix,-0.01816155845865843,0.01816155845865843,1,0.0005
36,macro_epu,0.0035268717022612227,0.0035268717022612227,1,0.0005
36,macro_credit_spread,0.01348378850910657,0.01348378850910657,1,0.0005
36,macro_term_spread,-0.009187234896655242,0.009187234896655242,1,0.0005
36,mom_12_1_x_macro_epu,-0.0033754799018074133,0.0033754799018074133,1,0.0005
36,mom_12_1_x_macro_vix,-0.0,0.0,0,0.0005
36,tsmom_12_x_macro_epu,0.0,0.0,0,0.0005
36,tsmom_12_x_macro_vix,0.00570328240338777,0.00570328240338777,1,0.0005
36,ma_gap_12m_x_macro_epu,-0.017834998000250225,0.017834998000250225,1,0.0005
36,ma_crossover_6_12_x_macro_vix,-0.0,0.0,0,0.0005
36,reversal_1m_x_macro_epu,-0.00623778443499931,0.00623778443499931,1,0.0005
36,reversal_1m_x_macro_vix,0.0,0.0,0,0.0005
36,reversal_1m_x_macro_credit_spread,0.0,0.0,0,0.0005
36,abnormal_log_volume_x_macro_epu,0.0007930610727477059,0.0007930610727477059,1,0.0005
36,abnormal_log_volume_x_macro_vix,-0.0007030781688920688,0.0007030781688920688,1,0.0005
36,log_volume_x_macro_credit_spread,-0.0,0.0,0,0.0005
36,vol_regime_3_12_x_macro_vix,0.009927385357610756,0.009927385357610756,1,0.0005
36,vol_regime_3_12_x_macro_term_spread,0.0,0.0,0,0.0005
36,vol_12m_x_macro_credit_spread,-0.03476191172601125,0.03476191172601125,1,0.0005
37,mom_12_1,0.0,0.0,0,0.0005
37,mom_6_1,-0.0010798154604056728,0.0010798154604056728,1,0.0005
37,mom_3_1,0.0022716442695369424,0.0022716442695369424,1,0.0005
37,tsmom_12,0.0,0.0,0,0.0005
37,tsmom_sign_12,0.00031835814213520706,0.00031835814213520706,1,0.0005
37,reversal_1m,0.0018058826040292784,0.0018058826040292784,1,0.0005
37,ma_gap_12m,0.0,0.0,0,0.0005
37,ma_crossover_6_12,0.007864062798914849,0.007864062798914849,1,0.0005
37,vol_3m,-0.0006914817514744453,0.0006914817514744453,1,0.0005
37,vol_12m,0.028385250042176964,0.028385250042176964,1,0.0005
37,vol_regime_3_12,-0.006439291177434141,0.006439291177434141,1,0.0005
37,log_volume,0.0006204006947779373,0.0006204006947779373,1,0.0005
37,abnormal_log_volume,-0.0,0.0,0,0.0005
37,macro_vix,-0.018600586010269607,0.018600586010269607,1,0.0005
37,macro_epu,0.003300482412464484,0.003300482412464484,1,0.0005
37,macro_credit_spread,0.014369790035908611,0.014369790035908611,1,0.0005
37,macro_term_spread,-0.009670073254034574,0.009670073254034574,1,0.0005
37,mom_12_1_x_macro_epu,-0.003565840248080157,0.003565840248080157,1,0.0005
37,mom_12_1_x_macro_vix,-0.0,0.0,0,0.0005
37,tsmom_12_x_macro_epu,0.0,0.0,0,0.0005
37,tsmom_12_x_macro_vix,0.005723225881580967,0.005723225881580967,1,0.0005
37,ma_gap_12m_x_macro_epu,-0.016747490091948234,0.016747490091948234,1,0.0005
37,ma_crossover_6_12_x_macro_vix,0.0,0.0,0,0.0005
37,reversal_1m_x_macro_epu,-0.0032928920163579406,0.0032928920163579406,1,0.0005
37,reversal_1m_x_macro_vix,0.0,0.0,0,0.0005
37,reversal_1m_x_macro_credit_spread,0.0005949606025622351,0.0005949606025622351,1,0.0005
37,abnormal_log_volume_x_macro_epu,0.0008931301542926866,0.0008931301542926866,1,0.0005
37,abnormal_log_volume_x_macro_vix,-0.0006130945192546388,0.0006130945192546388,1,0.0005
37,log_volume_x_macro_credit_spread,-0.0,0.0,0,0.0005
37,vol_regime_3_12_x_macro_vix,0.008695809780536957,0.008695809780536957,1,0.0005
37,vol_regime_3_12_x_macro_term_spread,-0.0002408174738633713,0.0002408174738633713,1,0.0005
37,vol_12m_x_macro_credit_spread,-0.036782281037917294,0.036782281037917294,1,0.0005
38,mom_12_1,-0.0,0.0,0,0.0005
38,mom_6_1,-0.0010717701575463476,0.0010717701575463476,1,0.0005
38,mom_3_1,0.0019301429323522904,0.0019301429323522904,1,0.0005
38,tsmom_12,-0.0,0.0,0,0.0005
38,tsmom_sign_12,0.00023936823779902003,0.00023936823779902003,1,0.0005
38,reversal_1m,0.0023085355760780126,0.0023085355760780126,1,0.0005
38,ma_gap_12m,-0.0,0.0,0,0.0005
38,ma_crossover_6_12,0.00793056824150928,0.00793056824150928,1,0.0005
38,vol_3m,-0.0004767528280802069,0.0004767528280802069,1,0.0005
38,vol_12m,0.027669522445694733,0.027669522445694733,1,0.0005
38,vol_regime_3_12,-0.0056403326915727015,0.0056403326915727015,1,0.0005
38,log_volume,0.0006428865031517908,0.0006428865031517908,1,0.0005
38,abnormal_log_volume,-0.00039196469802646174,0.00039196469802646174,1,0.0005
38,macro_vix,-0.01879093792740172,0.01879093792740172,1,0.0005
38,macro_epu,0.0032466500729981173,0.0032466500729981173,1,0.0005
38,macro_credit_spread,0.014059625910760248,0.014059625910760248,1,0.0005
38,macro_term_spread,-0.009774375435289,0.009774375435289,1,0.0005
38,mom_12_1_x_macro_epu,-0.003919772278362721,0.003919772278362721,1,0.0005
38,mom_12_1_x_macro_vix,-0.0,0.0,0,0.0005
38,tsmom_12_x_macro_epu,0.0,0.0,0,0.0005
38,tsmom_12_x_macro_vix,0.005915877303619119,0.005915877303619119,1,0.0005
38,ma_gap_12m_x_macro_epu,-0.01627079802967057,0.01627079802967057,1,0.0005
38,ma_crossover_6_12_x_macro_vix,0.0,0.0,0,0.0005
38,reversal_1m_x_macro_epu,-0.0032723883274406516,0.0032723883274406516,1,0.0005
38,reversal_1m_x_macro_vix,0.0,0.0,0,0.0005
38,reversal_1m_x_macro_credit_spread,0.00032891147736793396,0.00032891147736793396,1,0.0005
38,abnormal_log_volume_x_macro_epu,0.0010710335298937004,0.0010710335298937004,1,0.0005
38,abnormal_log_volume_x_macro_vix,-0.00031845807306698067,0.00031845807306698067,1,0.0005
38,log_volume_x_macro_credit_spread,-0.0,0.0,0,0.0005
38,vol_regime_3_12_x_macro_vix,0.0079417937209184,0.0079417937209184,1,0.0005
38,vol_regime_3_12_x_macro_term_spread,-0.0005924171752938338,0.0005924171752938338,1,0.0005
38,vol_12m_x_macro_credit_spread,-0.03598194778478543,0.03598194778478543,1,0.0005
39,mom_12_1,-0.0,0.0,0,0.0005
39,mom_6_1,-0.0010080228111703912,0.0010080228111703912,1,0.0005
39,mom_3_1,0.0015789419088333132,0.0015789419088333132,1,0.0005
39,tsmom_12,-0.0,0.0,0,0.0005
39,tsmom_sign_12,0.00021330036184179636,0.00021330036184179636,1,0.0005
39,reversal_1m,0.002551847873597719,0.002551847873597719,1,0.0005
39,ma_gap_12m,-0.0,0.0,0,0.0005
39,ma_crossover_6_12,0.007697016028681378,0.007697016028681378,1,0.0005
39,vol_3m,-0.0,0.0,0,0.0005
39,vol_12m,0.027174496226315875,0.027174496226315875,1,0.0005
39,vol_regime_3_12,-0.005623159044605208,0.005623159044605208,1,0.0005
39,log_volume,0.0007327494437652803,0.0007327494437652803,1,0.0005
39,abnormal_log_volume,-0.00040403216092870815,0.00040403216092870815,1,0.0005
39,macro_vix,-0.018895403890199364,0.018895403890199364,1,0.0005
39,macro_epu,0.0033175449100315423,0.0033175449100315423,1,0.0005
39,macro_credit_spread,0.013817679313696103,0.013817679313696103,1,0.0005
39,macro_term_spread,-0.009699035744758616,0.009699035744758616,1,0.0005
39,mom_12_1_x_macro_epu,-0.004371285898999723,0.004371285898999723,1,0.0005
39,mom_12_1_x_macro_vix,-0.0,0.0,0,0.0005
39,tsmom_12_x_macro_epu,0.0,0.0,0,0.0005
39,tsmom_12_x_macro_vix,0.006139362115172714,0.006139362115172714,1,0.0005
39,ma_gap_12m_x_macro_epu,-0.015399538569235349,0.015399538569235349,1,0.0005
39,ma_crossover_6_12_x_macro_vix,0.0,0.0,0,0.0005
39,reversal_1m_x_macro_epu,-0.002838876374836704,0.002838876374836704,1,0.0005
39,reversal_1m_x_macro_vix,0.0,0.0,0,0.0005
39,reversal_1m_x_macro_credit_spread,0.00010644832113747686,0.00010644832113747686,1,0.0005
39,abnormal_log_volume_x_macro_epu,0.0012134799395599927,0.0012134799395599927,1,0.0005
39,abnormal_log_volume_x_macro_vix,-0.0004054386026099978,0.0004054386026099978,1,0.0005
39,log_volume_x_macro_credit_spread,-0.0,0.0,0,0.0005
39,vol_regime_3_12_x_macro_vix,0.007657988150465063,0.007657988150465063,1,0.0005
39,vol_regime_3_12_x_macro_term_spread,-0.0005573090152061146,0.0005573090152061146,1,0.0005
39,vol_12m_x_macro_credit_spread,-0.035466634947505085,0.035466634947505085,1,0.0005
40,mom_12_1,-0.0,0.0,0,0.0005
40,mom_6_1,-0.001036386913022939,0.001036386913022939,1,0.0005
40,mom_3_1,0.0014462303017773364,0.0014462303017773364,1,0.0005
40,tsmom_12,-0.0,0.0,0,0.0005
40,tsmom_sign_12,7.964980868658368e-05,7.964980868658368e-05,1,0.0005
40,reversal_1m,0.002886095540759572,0.002886095540759572,1,0.0005
40,ma_gap_12m,-0.0,0.0,0,0.0005
40,ma_crossover_6_12,0.007610322566242237,0.007610322566242237,1,0.0005
40,vol_3m,-0.0,0.0,0,0.0005
40,vol_12m,0.0271755791487224,0.0271755791487224,1,0.0005
40,vol_regime_3_12,-0.00506626351954381,0.00506626351954381,1,0.0005
40,log_volume,0.0009183059307690915,0.0009183059307690915,1,0.0005
40,abnormal_log_volume,-0.0004679816664081733,0.0004679816664081733,1,0.0005
40,macro_vix,-0.018712302208564367,0.018712302208564367,1,0.0005
40,macro_epu,0.004045659066092001,0.004045659066092001,1,0.0005
40,macro_credit_spread,0.013382259174537437,0.013382259174537437,1,0.0005
40,macro_term_spread,-0.00976537468261476,0.00976537468261476,1,0.0005
40,mom_12_1_x_macro_epu,-0.004620718540762158,0.004620718540762158,1,0.0005
40,mom_12_1_x_macro_vix,-0.0,0.0,0,0.0005
40,tsmom_12_x_macro_epu,0.0,0.0,0,0.0005
40,tsmom_12_x_macro_vix,0.006283465947300259,0.006283465947300259,1,0.0005
40,ma_gap_12m_x_macro_epu,-0.015175991453220603,0.015175991453220603,1,0.0005
40,ma_crossover_6_12_x_macro_vix,0.0,0.0,0,0.0005
40,reversal_1m_x_macro_epu,-0.0033719469377976458,0.0033719469377976458,1,0.0005
40,reversal_1m_x_macro_vix,0.0,0.0,0,0.0005
40,reversal_1m_x_macro_credit_spread,0.0003957178707506627,0.0003957178707506627,1,0.0005
40,abnormal_log_volume_x_macro_epu,0.0007898983262849816,0.0007898983262849816,1,0.0005
40,abnormal_log_volume_x_macro_vix,-0.0,0.0,0,0.0005
40,log_volume_x_macro_credit_spread,-0.0,0.0,0,0.0005
40,vol_regime_3_12_x_macro_vix,0.007205464926127509,0.007205464926127509,1,0.0005
40,vol_regime_3_12_x_macro_term_spread,-0.0007857742771311548,0.0007857742771311548,1,0.0005
40,vol_12m_x_macro_credit_spread,-0.03542890703781333,0.03542890703781333,1,0.0005
41,mom_12_1,0.0,0.0,0,0.0005
41,mom_6_1,-0.0,0.0,0,0.0005
41,mom_3_1,0.001310508084568366,0.001310508084568366,1,0.0005
41,tsmom_12,-0.0,0.0,0,0.0005
41,tsmom_sign_12,0.0,0.0,0,0.0005
41,reversal_1m,0.0029600514663559035,0.0029600514663559035,1,0.0005
41,ma_gap_12m,-0.0,0.0,0,0.0005
41,ma_crossover_6_12,0.006912529283441254,0.006912529283441254,1,0.0005
41,vol_3m,-0.0014859660523525119,0.0014859660523525119,1,0.0005
41,vol_12m,0.030101043744572634,0.030101043744572634,1,0.0005
41,vol_regime_3_12,-0.004606980100650083,0.004606980100650083,1,0.0005
41,log_volume,0.0009629478313845945,0.0009629478313845945,1,0.0005
41,abnormal_log_volume,-0.0003047353968306751,0.0003047353968306751,1,0.0005
41,macro_vix,-0.020142245670859267,0.020142245670859267,1,0.0005
41,macro_epu,0.00542896944492203,0.00542896944492203,1,0.0005
41,macro_credit_spread,0.014752218872250271,0.014752218872250271,1,0.0005
41,macro_term_spread,-0.009524269775956874,0.009524269775956874,1,0.0005
41,mom_12_1_x_macro_epu,-0.006518846729352497,0.006518846729352497,1,0.0005
41,mom_12_1_x_macro_vix,0.0,0.0,0,0.0005
41,tsmom_12_x_macro_epu,-0.0,0.0,0,0.0005
41,tsmom_12_x_macro_vix,0.007302777192274383,0.007302777192274383,1,0.0005
41,ma_gap_12m_x_macro_epu,-0.015898663764170626,0.015898663764170626,1,0.0005
41,ma_crossover_6_12_x_macro_vix,0.0009742190709458585,0.0009742190709458585,1,0.0005
41,reversal_1m_x_macro_epu,-0.004245482037488013,0.004245482037488013,1,0.0005
41,reversal_1m_x_macro_vix,0.0,0.0,0,0.0005
41,reversal_1m_x_macro_credit_spread,0.0008007994629623152,0.0008007994629623152,1,0.0005
41,abnormal_log_volume_x_macro_epu,0.001466532379089083,0.001466532379089083,1,0.0005
41,abnormal_log_volume_x_macro_vix,-0.0005133774880251161,0.0005133774880251161,1,0.0005
41,log_volume_x_macro_credit_spread,-0.0,0.0,0,0.0005
41,vol_regime_3_12_x_macro_vix,0.007950402002665186,0.007950402002665186,1,0.0005
41,vol_regime_3_12_x_macro_term_spread,-0.0015030802858141052,0.0015030802858141052,1,0.0005
41,vol_12m_x_macro_credit_spread,-0.03763108105490362,0.03763108105490362,1,0.0005
42,mom_12_1,0.0,0.0,0,0.0005
42,mom_6_1,0.0,0.0,0,0.0005
42,mom_3_1,0.001474083675121969,0.001474083675121969,1,0.0005
42,tsmom_12,-0.0,0.0,0,0.0005
42,tsmom_sign_12,-0.0,0.0,0,0.0005
42,reversal_1m,0.003373119036692346,0.003373119036692346,1,0.0005
42,ma_gap_12m,-0.0,0.0,0,0.0005
42,ma_crossover_6_12,0.005102954393590411,0.005102954393590411,1,0.0005
42,vol_3m,-0.0027196981180297847,0.0027196981180297847,1,0.0005
42,vol_12m,0.031174258878805546,0.031174258878805546,1,0.0005
42,vol_regime_3_12,-0.0042077861309749625,0.0042077861309749625,1,0.0005
42,log_volume,0.0013197380823048162,0.0013197380823048162,1,0.0005
42,abnormal_log_volume,-0.00044665788745423644,0.00044665788745423644,1,0.0005
42,macro_vix,-0.021104721169198235,0.021104721169198235,1,0.0005
42,macro_epu,0.0055245310842754304,0.0055245310842754304,1,0.0005
42,macro_credit_spread,0.015779908817829848,0.015779908817829848,1,0.0005
42,macro_term_spread,-0.009339928941367369,0.009339928941367369,1,0.0005
42,mom_12_1_x_macro_epu,-0.007900324947915687,0.007900324947915687,1,0.0005
42,mom_12_1_x_macro_vix,0.0,0.0,0,0.0005
42,tsmom_12_x_macro_epu,-0.0,0.0,0,0.0005
42,tsmom_12_x_macro_vix,0.007679803753134422,0.007679803753134422,1,0.0005
42,ma_gap_12m_x_macro_epu,-0.015798880076528694,0.015798880076528694,1,0.0005
42,ma_crossover_6_12_x_macro_vix,0.003312599944088185,0.003312599944088185,1,0.0005
42,reversal_1m_x_macro_epu,-0.004258530113019907,0.004258530113019907,1,0.0005
42,reversal_1m_x_macro_vix,0.0,0.0,0,0.0005
42,reversal_1m_x_macro_credit_spread,0.0,0.0,0,0.0005
42,abnormal_log_volume_x_macro_epu,0.0012109734790353452,0.0012109734790353452,1,0.0005
42,abnormal_log_volume_x_macro_vix,-0.00019032502988330149,0.00019032502988330149,1,0.0005
42,log_volume_x_macro_credit_spread,-0.0,0.0,0,0.0005
42,vol_regime_3_12_x_macro_vix,0.008396306637501717,0.008396306637501717,1,0.0005
42,vol_regime_3_12_x_macro_term_spread,-0.001592951340292208,0.001592951340292208,1,0.0005
42,vol_12m_x_macro_credit_spread,-0.03771194258614869,0.03771194258614869,1,0.0005
43,mom_12_1,0.0,0.0,0,0.0005
43,mom_6_1,-0.0,0.0,0,0.0005
43,mom_3_1,0.0015353301445760628,0.0015353301445760628,1,0.0005
43,tsmom_12,-0.0,0.0,0,0.0005
43,tsmom_sign_12,-0.0,0.0,0,0.0005
43,reversal_1m,0.0033205645563209067,0.0033205645563209067,1,0.0005
43,ma_gap_12m,-0.0,0.0,0,0.0005
43,ma_crossover_6_12,0.004494893367008574,0.004494893367008574,1,0.0005
43,vol_3m,-0.0025235567127801692,0.0025235567127801692,1,0.0005
43,vol_12m,0.03169550141893588,0.03169550141893588,1,0.0005
43,vol_regime_3_12,-0.004264551159451312,0.004264551159451312,1,0.0005
43,log_volume,0.0012730306601331774,0.0012730306601331774,1,0.0005
43,abnormal_log_volume,-0.0005379635415782506,0.0005379635415782506,1,0.0005
43,macro_vix,-0.021518132918192257,0.021518132918192257,1,0.0005
43,macro_epu,0.00581042792636409,0.00581042792636409,1,0.0005
43,macro_credit_spread,0.016180873761011957,0.016180873761011957,1,0.0005
43,macro_term_spread,-0.009223642826262281,0.009223642826262281,1,0.0005
43,mom_12_1_x_macro_epu,-0.008139908596988274,0.008139908596988274,1,0.0005
43,mom_12_1_x_macro_vix,0.0,0.0,0,0.0005
43,tsmom_12_x_macro_epu,-0.00011888594467451923,0.00011888594467451923,1,0.0005
43,tsmom_12_x_macro_vix,0.007809548408117662,0.007809548408117662,1,0.0005
43,ma_gap_12m_x_macro_epu,-0.015831620227066,0.015831620227066,1,0.0005
43,ma_crossover_6_12_x_macro_vix,0.00412296845583347,0.00412296845583347,1,0.0005
43,reversal_1m_x_macro_epu,-0.004350380512390238,0.004350380512390238,1,0.0005
43,reversal_1m_x_macro_vix,6.42436284010402e-05,6.42436284010402e-05,1,0.0005
43,reversal_1m_x_macro_credit_spread,0.0,0.0,0,0.0005
43,abnormal_log_volume_x_macro_epu,0.0011246729792366741,0.0011246729792366741,1,0.0005
43,abnormal_log_volume_x_macro_vix,-0.0,0.0,0,0.0005
43,log_volume_x_macro_credit_spread,-0.0,0.0,0,0.0005
43,vol_regime_3_12_x_macro_vix,0.008362658209256616,0.008362658209256616,1,0.0005
43,vol_regime_3_12_x_macro_term_spread,-0.0016286905265636752,0.0016286905265636752,1,0.0005
43,vol_12m_x_macro_credit_spread,-0.038462900909791466,0.038462900909791466,1,0.0005
44,mom_12_1,0.0,0.0,0,0.005
44,mom_6_1,0.0,0.0,0,0.005
44,mom_3_1,-0.0,0.0,0,0.005
44,tsmom_12,0.0,0.0,0,0.005
44,tsmom_sign_12,0.0,0.0,0,0.005
44,reversal_1m,0.000608675688333317,0.000608675688333317,1,0.005
44,ma_gap_12m,-0.0,0.0,0,0.005
44,ma_crossover_6_12,0.0,0.0,0,0.005
44,vol_3m,0.0,0.0,0,0.005
44,vol_12m,0.0,0.0,0,0.005
44,vol_regime_3_12,0.0,0.0,0,0.005
44,log_volume,0.0,0.0,0,0.005
44,abnormal_log_volume,0.0,0.0,0,0.005
44,macro_vix,-0.012763372498507113,0.012763372498507113,1,0.005
44,macro_epu,0.0,0.0,0,0.005
44,macro_credit_spread,-0.0,0.0,0,0.005
44,macro_term_spread,-0.004299057322374359,0.004299057322374359,1,0.005
44,mom_12_1_x_macro_epu,-0.0,0.0,0,0.005
44,mom_12_1_x_macro_vix,0.0,0.0,0,0.005
44,tsmom_12_x_macro_epu,0.0,0.0,0,0.005
44,tsmom_12_x_macro_vix,0.0,0.0,0,0.005
44,ma_gap_12m_x_macro_epu,-0.00554126053210398,0.00554126053210398,1,0.005
44,ma_crossover_6_12_x_macro_vix,0.0,0.0,0,0.005
44,reversal_1m_x_macro_epu,0.0,0.0,0,0.005
44,reversal_1m_x_macro_vix,0.0,0.0,0,0.005
44,reversal_1m_x_macro_credit_spread,0.0,0.0,0,0.005
44,abnormal_log_volume_x_macro_epu,0.0,0.0,0,0.005
44,abnormal_log_volume_x_macro_vix,0.0,0.0,0,0.005
44,log_volume_x_macro_credit_spread,-0.0,0.0,0,0.005
44,vol_regime_3_12_x_macro_vix,0.0,0.0,0,0.005
44,vol_regime_3_12_x_macro_term_spread,0.0,0.0,0,0.005
44,vol_12m_x_macro_credit_spread,-0.0,0.0,0,0.005
45,mom_12_1,0.0,0.0,0,0.0005
45,mom_6_1,0.0,0.0,0,0.0005
45,mom_3_1,0.0018197023695971962,0.0018197023695971962,1,0.0005
45,tsmom_12,-0.0,0.0,0,0.0005
45,tsmom_sign_12,-0.0,0.0,0,0.0005
45,reversal_1m,0.0031131746833884507,0.0031131746833884507,1,0.0005
45,ma_gap_12m,-0.0,0.0,0,0.0005
45,ma_crossover_6_12,0.0032862045973354953,0.0032862045973354953,1,0.0005
45,vol_3m,-0.003240172177326299,0.003240172177326299,1,0.0005
45,vol_12m,0.03350683967266389,0.03350683967266389,1,0.0005
45,vol_regime_3_12,-0.0038434214813344142,0.0038434214813344142,1,0.0005
45,log_volume,0.0016848101473202115,0.0016848101473202115,1,0.0005
45,abnormal_log_volume,-0.0005397846765190754,0.0005397846765190754,1,0.0005
45,macro_vix,-0.021664511887122047,0.021664511887122047,1,0.0005
45,macro_epu,0.0053623655850255705,0.0053623655850255705,1,0.0005
45,macro_credit_spread,0.016751601928707366,0.016751601928707366,1,0.0005
45,macro_term_spread,-0.008154143833694002,0.008154143833694002,1,0.0005
45,mom_12_1_x_macro_epu,-0.008399189940401581,0.008399189940401581,1,0.0005
45,mom_12_1_x_macro_vix,0.0,0.0,0,0.0005
45,tsmom_12_x_macro_epu,-0.0006801934159243166,0.0006801934159243166,1,0.0005
45,tsmom_12_x_macro_vix,0.008113218768088085,0.008113218768088085,1,0.0005
45,ma_gap_12m_x_macro_epu,-0.015075098291473436,0.015075098291473436,1,0.0005
45,ma_crossover_6_12_x_macro_vix,0.005243943358198165,0.005243943358198165,1,0.0005
45,reversal_1m_x_macro_epu,-0.00375400979548274,0.00375400979548274,1,0.0005
45,reversal_1m_x_macro_vix,0.0,0.0,0,0.0005
45,reversal_1m_x_macro_credit_spread,0.0,0.0,0,0.0005
45,abnormal_log_volume_x_macro_epu,0.001712966102780319,0.001712966102780319,1,0.0005
45,abnormal_log_volume_x_macro_vix,-0.0005105579321865074,0.0005105579321865074,1,0.0005
45,log_volume_x_macro_credit_spread,-0.0,0.0,0,0.0005
45,vol_regime_3_12_x_macro_vix,0.008798092326985866,0.008798092326985866,1,0.0005
45,vol_regime_3_12_x_macro_term_spread,-0.002204268931054881,0.002204268931054881,1,0.0005
45,vol_12m_x_macro_credit_spread,-0.03938989723192443,0.03938989723192443,1,0.0005
46,mom_12_1,0.0,0.0,0,0.005
46,mom_6_1,0.0,0.0,0,0.005
46,mom_3_1,-0.0,0.0,0,0.005
46,tsmom_12,0.0,0.0,0,0.005
46,tsmom_sign_12,0.0,0.0,0,0.005
46,reversal_1m,0.00018147117735298646,0.00018147117735298646,1,0.005
46,ma_gap_12m,-0.0,0.0,0,0.005
46,ma_crossover_6_12,0.0,0.0,0,0.005
46,vol_3m,0.0,0.0,0,0.005
46,vol_12m,0.0,0.0,0,0.005
46,vol_regime_3_12,0.0,0.0,0,0.005
46,log_volume,0.0,0.0,0,0.005
46,abnormal_log_volume,0.0,0.0,0,0.005
46,macro_vix,-0.012757016700715785,0.012757016700715785,1,0.005
46,macro_epu,0.0,0.0,0,0.005
46,macro_credit_spread,-0.0,0.0,0,0.005
46,macro_term_spread,-0.004010123701056502,0.004010123701056502,1,0.005
46,mom_12_1_x_macro_epu,-0.0,0.0,0,0.005
46,mom_12_1_x_macro_vix,0.0,0.0,0,0.005
46,tsmom_12_x_macro_epu,0.0,0.0,0,0.005
46,tsmom_12_x_macro_vix,0.0,0.0,0,0.005
46,ma_gap_12m_x_macro_epu,-0.005526430842639127,0.005526430842639127,1,0.005
46,ma_crossover_6_12_x_macro_vix,0.0,0.0,0,0.005
46,reversal_1m_x_macro_epu,0.0,0.0,0,0.005
46,reversal_1m_x_macro_vix,0.00033664353876067325,0.00033664353876067325,1,0.005
46,reversal_1m_x_macro_credit_spread,0.0,0.0,0,0.005
46,abnormal_log_volume_x_macro_epu,0.0,0.0,0,0.005
46,abnormal_log_volume_x_macro_vix,0.0,0.0,0,0.005
46,log_volume_x_macro_credit_spread,-0.0,0.0,0,0.005
46,vol_regime_3_12_x_macro_vix,0.0,0.0,0,0.005
46,vol_regime_3_12_x_macro_term_spread,0.0,0.0,0,0.005
46,vol_12m_x_macro_credit_spread,-0.0,0.0,0,0.005
47,mom_12_1,0.004497666861861652,0.004497666861861652,1,0.0001
47,mom_6_1,0.0005157180925507688,0.0005157180925507688,1,0.0001
47,mom_3_1,0.0029629478643600797,0.0029629478643600797,1,0.0001
47,tsmom_12,-0.008229161752252356,0.008229161752252356,1,0.0001
47,tsmom_sign_12,-1.7232174089630234e-05,1.7232174089630234e-05,1,0.0001
47,reversal_1m,0.003043917939428641,0.003043917939428641,1,0.0001
47,ma_gap_12m,-0.0,0.0,0,0.0001
47,ma_crossover_6_12,0.010132522991954157,0.010132522991954157,1,0.0001
47,vol_3m,-0.00656060508080933,0.00656060508080933,1,0.0001
47,vol_12m,0.04233967393511281,0.04233967393511281,1,0.0001
47,vol_regime_3_12,-0.0061479925460982705,0.0061479925460982705,1,0.0001
47,log_volume,0.013522783333602639,0.013522783333602639,1,0.0001
47,abnormal_log_volume,-0.004090210009636856,0.004090210009636856,1,0.0001
47,macro_vix,-0.0242285652044127,0.0242285652044127,1,0.0001
47,macro_epu,0.0057593471087000235,0.0057593471087000235,1,0.0001
47,macro_credit_spread,0.053881355235829584,0.053881355235829584,1,0.0001
47,macro_term_spread,-0.007491325133738218,0.007491325133738218,1,0.0001
47,mom_12_1_x_macro_epu,-0.01129215413577872,0.01129215413577872,1,0.0001
47,mom_12_1_x_macro_vix,-0.003220668048000511,0.003220668048000511,1,0.0001
47,tsmom_12_x_macro_epu,-0.0,0.0,0,0.0001
47,tsmom_12_x_macro_vix,0.017066036508880396,0.017066036508880396,1,0.0001
47,ma_gap_12m_x_macro_epu,-0.01896358582297407,0.01896358582297407,1,0.0001
47,ma_crossover_6_12_x_macro_vix,0.0006146355032617825,0.0006146355032617825,1,0.0001
47,reversal_1m_x_macro_epu,-0.01032599135746565,0.01032599135746565,1,0.0001
47,reversal_1m_x_macro_vix,0.0016316550615700948,0.0016316550615700948,1,0.0001
47,reversal_1m_x_macro_credit_spread,0.0037991372879549734,0.0037991372879549734,1,0.0001
47,abnormal_log_volume_x_macro_epu,0.00609512572318019,0.00609512572318019,1,0.0001
47,abnormal_log_volume_x_macro_vix,-0.0014907876125775975,0.0014907876125775975,1,0.0001
47,log_volume_x_macro_credit_spread,-0.03938136438130019,0.03938136438130019,1,0.0001
47,vol_regime_3_12_x_macro_vix,0.013713976585473457,0.013713976585473457,1,0.0001
47,vol_regime_3_12_x_macro_term_spread,-0.00253534943438424,0.00253534943438424,1,0.0001
47,vol_12m_x_macro_credit_spread,-0.047603120410422466,0.047603120410422466,1,0.0001
48,mom_12_1,0.0,0.0,0,0.005
48,mom_6_1,0.0,0.0,0,0.005
48,mom_3_1,-0.0,0.0,0,0.005
48,tsmom_12,0.0,0.0,0,0.005
48,tsmom_sign_12,0.0,0.0,0,0.005
48,reversal_1m,0.0007109088160395079,0.0007109088160395079,1,0.005
48,ma_gap_12m,-0.0,0.0,0,0.005
48,ma_crossover_6_12,0.0009242149050501573,0.0009242149050501573,1,0.005
48,vol_3m,0.0,0.0,0,0.005
48,vol_12m,0.0,0.0,0,0.005
48,vol_regime_3_12,0.0,0.0,0,0.005
48,log_volume,4.7842491917169454e-05,4.7842491917169454e-05,1,0.005
48,abnormal_log_volume,0.0,0.0,0,0.005
48,macro_vix,-0.013527223053808537,0.013527223053808537,1,0.005
48,macro_epu,0.0,0.0,0,0.005
48,macro_credit_spread,0.0,0.0,0,0.005
48,macro_term_spread,-0.002512755159615761,0.002512755159615761,1,0.005
48,mom_12_1_x_macro_epu,-0.0,0.0,0,0.005
48,mom_12_1_x_macro_vix,0.0,0.0,0,0.005
48,tsmom_12_x_macro_epu,0.0,0.0,0,0.005
48,tsmom_12_x_macro_vix,0.0,0.0,0,0.005
48,ma_gap_12m_x_macro_epu,-0.005581219070335483,0.005581219070335483,1,0.005
48,ma_crossover_6_12_x_macro_vix,0.0,0.0,0,0.005
48,reversal_1m_x_macro_epu,0.0,0.0,0,0.005
48,reversal_1m_x_macro_vix,0.0,0.0,0,0.005
48,reversal_1m_x_macro_credit_spread,0.0,0.0,0,0.005
48,abnormal_log_volume_x_macro_epu,0.0,0.0,0,0.005
48,abnormal_log_volume_x_macro_vix,0.0,0.0,0,0.005
48,log_volume_x_macro_credit_spread,0.0,0.0,0,0.005
48,vol_regime_3_12_x_macro_vix,0.00011851528905523098,0.00011851528905523098,1,0.005
48,vol_regime_3_12_x_macro_term_spread,0.0,0.0,0,0.005
48,vol_12m_x_macro_credit_spread,-0.0,0.0,0,0.005
49,mom_12_1,0.010519026980530151,0.010519026980530151,1,5e-05
49,mom_6_1,0.0005793991361348939,0.0005793991361348939,1,5e-05
49,mom_3_1,0.003136279823671279,0.003136279823671279,1,5e-05
49,tsmom_12,-0.010581195880556196,0.010581195880556196,1,5e-05
49,tsmom_sign_12,-0.00013857788958568525,0.00013857788958568525,1,5e-05
49,reversal_1m,0.0024601386876808135,0.0024601386876808135,1,5e-05
49,ma_gap_12m,-0.0,0.0,0,5e-05
49,ma_crossover_6_12,0.008490209357078173,0.008490209357078173,1,5e-05
49,vol_3m,-0.006580626787162031,0.006580626787162031,1,5e-05
49,vol_12m,0.04261027379548554,0.04261027379548554,1,5e-05
49,vol_regime_3_12,-0.006684463020382861,0.006684463020382861,1,5e-05
49,log_volume,0.016822312305249547,0.016822312305249547,1,5e-05
49,abnormal_log_volume,-0.005103242337409368,0.005103242337409368,1,5e-05
49,macro_vix,-0.02458553205738434,0.02458553205738434,1,5e-05
49,macro_epu,0.005524572984572798,0.005524572984572798,1,5e-05
49,macro_credit_spread,0.06347346212620315,0.06347346212620315,1,5e-05
49,macro_term_spread,-0.00666399440811404,0.00666399440811404,1,5e-05
49,mom_12_1_x_macro_epu,-0.011153474664641703,0.011153474664641703,1,5e-05
49,mom_12_1_x_macro_vix,-0.009763287444164154,0.009763287444164154,1,5e-05
49,tsmom_12_x_macro_epu,0.000371128815365959,0.000371128815365959,1,5e-05
49,tsmom_12_x_macro_vix,0.019653340603824114,0.019653340603824114,1,5e-05
49,ma_gap_12m_x_macro_epu,-0.01969787057757838,0.01969787057757838,1,5e-05
49,ma_crossover_6_12_x_macro_vix,0.0026931000298713874,0.0026931000298713874,1,5e-05
49,reversal_1m_x_macro_epu,-0.010805091725769975,0.010805091725769975,1,5e-05
49,reversal_1m_x_macro_vix,0.0022978208357482943,0.0022978208357482943,1,5e-05
49,reversal_1m_x_macro_credit_spread,0.003982555322197333,0.003982555322197333,1,5e-05
49,abnormal_log_volume_x_macro_epu,0.006744974086706793,0.006744974086706793,1,5e-05
49,abnormal_log_volume_x_macro_vix,-0.001235565771621942,0.001235565771621942,1,5e-05
49,log_volume_x_macro_credit_spread,-0.050426781880817166,0.050426781880817166,1,5e-05
49,vol_regime_3_12_x_macro_vix,0.01426776041639681,0.01426776041639681,1,5e-05
49,vol_regime_3_12_x_macro_term_spread,-0.002334408874600052,0.002334408874600052,1,5e-05
49,vol_12m_x_macro_credit_spread,-0.047888887619271216,0.047888887619271216,1,5e-05
50,mom_12_1,0.010660410571553933,0.010660410571553933,1,5e-05
50,mom_6_1,0.0005926835190656717,0.0005926835190656717,1,5e-05
50,mom_3_1,0.002973214244359827,0.002973214244359827,1,5e-05
50,tsmom_12,-0.010843276819437602,0.010843276819437602,1,5e-05
50,tsmom_sign_12,-6.0913539245940704e-05,6.0913539245940704e-05,1,5e-05
50,reversal_1m,0.0024693238078864303,0.0024693238078864303,1,5e-05
50,ma_gap_12m,-0.0,0.0,0,5e-05
50,ma_crossover_6_12,0.008428627351792853,0.008428627351792853,1,5e-05
50,vol_3m,-0.0067576937676510134,0.0067576937676510134,1,5e-05
50,vol_12m,0.04290703223795338,0.04290703223795338,1,5e-05
50,vol_regime_3_12,-0.006499109226861064,0.006499109226861064,1,5e-05
50,log_volume,0.016516877309821567,0.016516877309821567,1,5e-05
50,abnormal_log_volume,-0.005152393289560232,0.005152393289560232,1,5e-05
50,macro_vix,-0.024519735852077198,0.024519735852077198,1,5e-05
50,macro_epu,0.00558398775856561,0.00558398775856561,1,5e-05
50,macro_credit_spread,0.06293347563484178,0.06293347563484178,1,5e-05
50,macro_term_spread,-0.006732357933797326,0.006732357933797326,1,5e-05
50,mom_12_1_x_macro_epu,-0.011219092159092512,0.011219092159092512,1,5e-05
50,mom_12_1_x_macro_vix,-0.009755818071703311,0.009755818071703311,1,5e-05
50,tsmom_12_x_macro_epu,0.00025870744879271333,0.00025870744879271333,1,5e-05
50,tsmom_12_x_macro_vix,0.019944351588150434,0.019944351588150434,1,5e-05
50,ma_gap_12m_x_macro_epu,-0.01959675219062826,0.01959675219062826,1,5e-05
50,ma_crossover_6_12_x_macro_vix,0.002615477501371513,0.002615477501371513,1,5e-05
50,reversal_1m_x_macro_epu,-0.010749221518800199,0.010749221518800199,1,5e-05
50,reversal_1m_x_macro_vix,0.002231302845191283,0.002231302845191283,1,5e-05
50,reversal_1m_x_macro_credit_spread,0.00407209415823095,0.00407209415823095,1,5e-05
50,abnormal_log_volume_x_macro_epu,0.006695329560247064,0.006695329560247064,1,5e-05
50,abnormal_log_volume_x_macro_vix,-0.0011132667852288942,0.0011132667852288942,1,5e-05
50,log_volume_x_macro_credit_spread,-0.049711931924446034,0.049711931924446034,1,5e-05
50,vol_regime_3_12_x_macro_vix,0.014235397669946158,0.014235397669946158,1,5e-05
50,vol_regime_3_12_x_macro_term_spread,-0.0023491718894300927,0.0023491718894300927,1,5e-05
50,vol_12m_x_macro_credit_spread,-0.04798985744032365,0.04798985744032365,1,5e-05
51,mom_12_1,0.008162848669919481,0.008162848669919481,1,5e-05
51,mom_6_1,0.0007189691517464115,0.0007189691517464115,1,5e-05
51,mom_3_1,0.002792588421619479,0.002792588421619479,1,5e-05
51,tsmom_12,-0.00980922610645059,0.00980922610645059,1,5e-05
51,tsmom_sign_12,-9.663609072547879e-06,9.663609072547879e-06,1,5e-05
51,reversal_1m,0.0021977255472648803,0.0021977255472648803,1,5e-05
51,ma_gap_12m,-0.0,0.0,0,5e-05
51,ma_crossover_6_12,0.008455450429341671,0.008455450429341671,1,5e-05
51,vol_3m,-0.006649268737116044,0.006649268737116044,1,5e-05
51,vol_12m,0.04282686144322904,0.04282686144322904,1,5e-05
51,vol_regime_3_12,-0.0063847720830527074,0.0063847720830527074,1,5e-05
51,log_volume,0.01631303624158654,0.01631303624158654,1,5e-05
51,abnormal_log_volume,-0.004657746051482872,0.004657746051482872,1,5e-05
51,macro_vix,-0.02449927085470618,0.02449927085470618,1,5e-05
51,macro_epu,0.0057449588519479285,0.0057449588519479285,1,5e-05
51,macro_credit_spread,0.06226452311054744,0.06226452311054744,1,5e-05
51,macro_term_spread,-0.006264430853789599,0.006264430853789599,1,5e-05
51,mom_12_1_x_macro_epu,-0.012336817324948072,0.012336817324948072,1,5e-05
51,mom_12_1_x_macro_vix,-0.006322957032323639,0.006322957032323639,1,5e-05
51,tsmom_12_x_macro_epu,0.0012305787358038482,0.0012305787358038482,1,5e-05
51,tsmom_12_x_macro_vix,0.017991917643824424,0.017991917643824424,1,5e-05
51,ma_gap_12m_x_macro_epu,-0.019462364765635346,0.019462364765635346,1,5e-05
51,ma_crossover_6_12_x_macro_vix,0.002466234843891264,0.002466234843891264,1,5e-05
51,reversal_1m_x_macro_epu,-0.010903975415556703,0.010903975415556703,1,5e-05
51,reversal_1m_x_macro_vix,0.0023458173836438333,0.0023458173836438333,1,5e-05
51,reversal_1m_x_macro_credit_spread,0.004447122551926565,0.004447122551926565,1,5e-05
51,abnormal_log_volume_x_macro_epu,0.006993610374158781,0.006993610374158781,1,5e-05
51,abnormal_log_volume_x_macro_vix,-0.0017045188540479011,0.0017045188540479011,1,5e-05
51,log_volume_x_macro_credit_spread,-0.04968471677663553,0.04968471677663553,1,5e-05
51,vol_regime_3_12_x_macro_vix,0.013952606706894036,0.013952606706894036,1,5e-05
51,vol_regime_3_12_x_macro_term_spread,-0.0021376756067013817,0.0021376756067013817,1,5e-05
51,vol_12m_x_macro_credit_spread,-0.047792211221095254,0.047792211221095254,1,5e-05
52,mom_12_1,0.006011981484478526,0.006011981484478526,1,5e-05
52,mom_6_1,0.0008224487315203751,0.0008224487315203751,1,5e-05
52,mom_3_1,0.0029641690506091267,0.0029641690506091267,1,5e-05
52,tsmom_12,-0.009560794369298319,0.009560794369298319,1,5e-05
52,tsmom_sign_12,-0.0,0.0,0,5e-05
52,reversal_1m,0.0029144221670633023,0.0029144221670633023,1,5e-05
52,ma_gap_12m,-0.0002478102964571174,0.0002478102964571174,1,5e-05
52,ma_crossover_6_12,0.009542871323624894,0.009542871323624894,1,5e-05
52,vol_3m,-0.006667221494501239,0.006667221494501239,1,5e-05
52,vol_12m,0.04285572394615379,0.04285572394615379,1,5e-05
52,vol_regime_3_12,-0.0063019282201040765,0.0063019282201040765,1,5e-05
52,log_volume,0.014807456567975509,0.014807456567975509,1,5e-05
52,abnormal_log_volume,-0.00384005874381017,0.00384005874381017,1,5e-05
52,macro_vix,-0.02384548884044458,0.02384548884044458,1,5e-05
52,macro_epu,0.005653541477029926,0.005653541477029926,1,5e-05
52,macro_credit_spread,0.058416606377112566,0.058416606377112566,1,5e-05
52,macro_term_spread,-0.005870686359663918,0.005870686359663918,1,5e-05
52,mom_12_1_x_macro_epu,-0.012718856617984498,0.012718856617984498,1,5e-05
52,mom_12_1_x_macro_vix,-0.004002212646366015,0.004002212646366015,1,5e-05
52,tsmom_12_x_macro_epu,0.0016615899051768957,0.0016615899051768957,1,5e-05
52,tsmom_12_x_macro_vix,0.017126440283046867,0.017126440283046867,1,5e-05
52,ma_gap_12m_x_macro_epu,-0.0194005117149587,0.0194005117149587,1,5e-05
52,ma_crossover_6_12_x_macro_vix,0.0016329407503405502,0.0016329407503405502,1,5e-05
52,reversal_1m_x_macro_epu,-0.01081199058833836,0.01081199058833836,1,5e-05
52,reversal_1m_x_macro_vix,0.002522998430588771,0.002522998430588771,1,5e-05
52,reversal_1m_x_macro_credit_spread,0.0034170434512830823,0.0034170434512830823,1,5e-05
52,abnormal_log_volume_x_macro_epu,0.007051766577125346,0.007051766577125346,1,5e-05
52,abnormal_log_volume_x_macro_vix,-0.0023689109089828327,0.0023689109089828327,1,5e-05
52,log_volume_x_macro_credit_spread,-0.04605204901017484,0.04605204901017484,1,5e-05
52,vol_regime_3_12_x_macro_vix,0.01367874645892131,0.01367874645892131,1,5e-05
52,vol_regime_3_12_x_macro_term_spread,-0.0018197906191038328,0.0018197906191038328,1,5e-05
52,vol_12m_x_macro_credit_spread,-0.047580215273118794,0.047580215273118794,1,5e-05
53,mom_12_1,0.0,0.0,0,0.005
53,mom_6_1,0.0,0.0,0,0.005
53,mom_3_1,-0.0,0.0,0,0.005
53,tsmom_12,0.0,0.0,0,0.005
53,tsmom_sign_12,0.0,0.0,0,0.005
53,reversal_1m,0.0010118798262088973,0.0010118798262088973,1,0.005
53,ma_gap_12m,-0.0,0.0,0,0.005
53,ma_crossover_6_12,0.00024738298989117357,0.00024738298989117357,1,0.005
53,vol_3m,0.0,0.0,0,0.005
53,vol_12m,0.0,0.0,0,0.005
53,vol_regime_3_12,0.0,0.0,0,0.005
53,log_volume,0.0,0.0,0,0.005
53,abnormal_log_volume,0.0,0.0,0,0.005
53,macro_vix,-0.013745347652430769,0.013745347652430769,1,0.005
53,macro_epu,0.0,0.0,0,0.005
53,macro_credit_spread,-0.0,0.0,0,0.005
53,macro_term_spread,-0.0017694676898367815,0.0017694676898367815,1,0.005
53,mom_12_1_x_macro_epu,-0.0,0.0,0,0.005
53,mom_12_1_x_macro_vix,0.0,0.0,0,0.005
53,tsmom_12_x_macro_epu,0.0,0.0,0,0.005
53,tsmom_12_x_macro_vix,0.0,0.0,0,0.005
53,ma_gap_12m_x_macro_epu,-0.005128182826457535,0.005128182826457535,1,0.005
53,ma_crossover_6_12_x_macro_vix,0.0,0.0,0,0.005
53,reversal_1m_x_macro_epu,0.0,0.0,0,0.005
53,reversal_1m_x_macro_vix,2.206882538800941e-05,2.206882538800941e-05,1,0.005
53,reversal_1m_x_macro_credit_spread,0.0,0.0,0,0.005
53,abnormal_log_volume_x_macro_epu,0.0,0.0,0,0.005
53,abnormal_log_volume_x_macro_vix,0.0,0.0,0,0.005
53,log_volume_x_macro_credit_spread,-0.0,0.0,0,0.005
53,vol_regime_3_12_x_macro_vix,0.00040746308803985107,0.00040746308803985107,1,0.005
53,vol_regime_3_12_x_macro_term_spread,0.0,0.0,0,0.005
53,vol_12m_x_macro_credit_spread,-0.0,0.0,0,0.005
54,mom_12_1,0.0,0.0,0,0.005
54,mom_6_1,0.0,0.0,0,0.005
54,mom_3_1,-0.0,0.0,0,0.005
54,tsmom_12,0.0,0.0,0,0.005
54,tsmom_sign_12,0.0,0.0,0,0.005
54,reversal_1m,0.0010564881446803057,0.0010564881446803057,1,0.005
54,ma_gap_12m,-0.0,0.0,0,0.005
54,ma_crossover_6_12,0.0002713571768763629,0.0002713571768763629,1,0.005
54,vol_3m,0.0,0.0,0,0.005
54,vol_12m,0.0,0.0,0,0.005
54,vol_regime_3_12,0.0,0.0,0,0.005
54,log_volume,0.0,0.0,0,0.005
54,abnormal_log_volume,0.0,0.0,0,0.005
54,macro_vix,-0.013937076013698795,0.013937076013698795,1,0.005
54,macro_epu,0.0,0.0,0,0.005
54,macro_credit_spread,-0.0,0.0,0,0.005
54,macro_term_spread,-0.0016040612294914139,0.0016040612294914139,1,0.005
54,mom_12_1_x_macro_epu,-0.0,0.0,0,0.005
54,mom_12_1_x_macro_vix,0.0,0.0,0,0.005
54,tsmom_12_x_macro_epu,0.0,0.0,0,0.005
54,tsmom_12_x_macro_vix,0.0,0.0,0,0.005
54,ma_gap_12m_x_macro_epu,-0.005241517848206254,0.005241517848206254,1,0.005
54,ma_crossover_6_12_x_macro_vix,0.0,0.0,0,0.005
54,reversal_1m_x_macro_epu,0.0,0.0,0,0.005
54,reversal_1m_x_macro_vix,0.0,0.0,0,0.005
54,reversal_1m_x_macro_credit_spread,0.0,0.0,0,0.005
54,abnormal_log_volume_x_macro_epu,2.6250291584129398e-05,2.6250291584129398e-05,1,0.005
54,abnormal_log_volume_x_macro_vix,0.0,0.0,0,0.005
54,log_volume_x_macro_credit_spread,-0.0,0.0,0,0.005
54,vol_regime_3_12_x_macro_vix,0.0004435369716352573,0.0004435369716352573,1,0.005
54,vol_regime_3_12_x_macro_term_spread,0.0,0.0,0,0.005
54,vol_12m_x_macro_credit_spread,-0.0,0.0,0,0.005
55,mom_12_1,0.0,0.0,0,0.005
55,mom_6_1,0.0,0.0,0,0.005
55,mom_3_1,-0.0,0.0,0,0.005
55,tsmom_12,0.0,0.0,0,0.005
55,tsmom_sign_12,0.0,0.0,0,0.005
55,reversal_1m,0.0011364782799292293,0.0011364782799292293,1,0.005
55,ma_gap_12m,-0.0,0.0,0,0.005
55,ma_crossover_6_12,0.0002754204356411863,0.0002754204356411863,1,0.005
55,vol_3m,0.0,0.0,0,0.005
55,vol_12m,0.0,0.0,0,0.005
55,vol_regime_3_12,0.0,0.0,0,0.005
55,log_volume,0.0,0.0,0,0.005
55,abnormal_log_volume,0.0,0.0,0,0.005
55,macro_vix,-0.014316656704560591,0.014316656704560591,1,0.005
55,macro_epu,0.0,0.0,0,0.005
55,macro_credit_spread,-0.0,0.0,0,0.005
55,macro_term_spread,-0.001193178817027358,0.001193178817027358,1,0.005
55,mom_12_1_x_macro_epu,-0.0,0.0,0,0.005
55,mom_12_1_x_macro_vix,0.0,0.0,0,0.005
55,tsmom_12_x_macro_epu,0.0,0.0,0,0.005
55,tsmom_12_x_macro_vix,0.0,0.0,0,0.005
55,ma_gap_12m_x_macro_epu,-0.005265746890604194,0.005265746890604194,1,0.005
55,ma_crossover_6_12_x_macro_vix,0.0,0.0,0,0.005
55,reversal_1m_x_macro_epu,0.0,0.0,0,0.005
55,reversal_1m_x_macro_vix,0.0,0.0,0,0.005
55,reversal_1m_x_macro_credit_spread,0.0,0.0,0,0.005
55,abnormal_log_volume_x_macro_epu,7.957803242082353e-05,7.957803242082353e-05,1,0.005
55,abnormal_log_volume_x_macro_vix,0.0,0.0,0,0.005
55,log_volume_x_macro_credit_spread,-0.0,0.0,0,0.005
55,vol_regime_3_12_x_macro_vix,0.0005009143419531196,0.0005009143419531196,1,0.005
55,vol_regime_3_12_x_macro_term_spread,0.0,0.0,0,0.005
55,vol_12m_x_macro_credit_spread,-0.0,0.0,0,0.005
56,mom_12_1,0.0,0.0,0,0.005
56,mom_6_1,0.0,0.0,0,0.005
56,mom_3_1,-0.0,0.0,0,0.005
56,tsmom_12,0.0,0.0,0,0.005
56,tsmom_sign_12,0.0,0.0,0,0.005
56,reversal_1m,0.0011601791249064481,0.0011601791249064481,1,0.005
56,ma_gap_12m,-0.0,0.0,0,0.005
56,ma_crossover_6_12,0.0,0.0,0,0.005
56,vol_3m,0.0,0.0,0,0.005
56,vol_12m,0.0,0.0,0,0.005
56,vol_regime_3_12,0.0,0.0,0,0.005
56,log_volume,0.0,0.0,0,0.005
56,abnormal_log_volume,0.0,0.0,0,0.005
56,macro_vix,-0.013809089131355803,0.013809089131355803,1,0.005
56,macro_epu,0.0,0.0,0,0.005
56,macro_credit_spread,-0.0,0.0,0,0.005
56,macro_term_spread,-0.001709874815223998,0.001709874815223998,1,0.005
56,mom_12_1_x_macro_epu,-0.0,0.0,0,0.005
56,mom_12_1_x_macro_vix,0.0,0.0,0,0.005
56,tsmom_12_x_macro_epu,0.0,0.0,0,0.005
56,tsmom_12_x_macro_vix,0.0,0.0,0,0.005
56,ma_gap_12m_x_macro_epu,-0.005073606730170437,0.005073606730170437,1,0.005
56,ma_crossover_6_12_x_macro_vix,0.0,0.0,0,0.005
56,reversal_1m_x_macro_epu,0.0,0.0,0,0.005
56,reversal_1m_x_macro_vix,0.0,0.0,0,0.005
56,reversal_1m_x_macro_credit_spread,0.0,0.0,0,0.005
56,abnormal_log_volume_x_macro_epu,0.00021362181586683364,0.00021362181586683364,1,0.005
56,abnormal_log_volume_x_macro_vix,0.0,0.0,0,0.005
56,log_volume_x_macro_credit_spread,-0.0,0.0,0,0.005
56,vol_regime_3_12_x_macro_vix,0.00046479926073873996,0.00046479926073873996,1,0.005
56,vol_regime_3_12_x_macro_term_spread,0.0,0.0,0,0.005
56,vol_12m_x_macro_credit_spread,-0.0,0.0,0,0.005
57,mom_12_1,0.0,0.0,0,0.005
57,mom_6_1,0.0,0.0,0,0.005
57,mom_3_1,-0.0,0.0,0,0.005
57,tsmom_12,0.0,0.0,0,0.005
57,tsmom_sign_12,0.0,0.0,0,0.005
57,reversal_1m,0.00046603748822509337,0.00046603748822509337,1,0.005
57,ma_gap_12m,-0.0,0.0,0,0.005
57,ma_crossover_6_12,0.0,0.0,0,0.005
57,vol_3m,0.0,0.0,0,0.005
57,vol_12m,0.0,0.0,0,0.005
57,vol_regime_3_12,0.0,0.0,0,0.005
57,log_volume,-0.0,0.0,0,0.005
57,abnormal_log_volume,0.0,0.0,0,0.005
57,macro_vix,-0.013394322200455519,0.013394322200455519,1,0.005
57,macro_epu,0.0,0.0,0,0.005
57,macro_credit_spread,-0.0,0.0,0,0.005
57,macro_term_spread,-0.0019416718487837692,0.0019416718487837692,1,0.005
57,mom_12_1_x_macro_epu,-0.0,0.0,0,0.005
57,mom_12_1_x_macro_vix,0.0,0.0,0,0.005
57,tsmom_12_x_macro_epu,0.0,0.0,0,0.005
57,tsmom_12_x_macro_vix,0.0,0.0,0,0.005
57,ma_gap_12m_x_macro_epu,-0.0050351381538629916,0.0050351381538629916,1,0.005
57,ma_crossover_6_12_x_macro_vix,0.0,0.0,0,0.005
57,reversal_1m_x_macro_epu,0.0,0.0,0,0.005
57,reversal_1m_x_macro_vix,0.0005112454222792268,0.0005112454222792268,1,0.005
57,reversal_1m_x_macro_credit_spread,0.0,0.0,0,0.005
57,abnormal_log_volume_x_macro_epu,0.00019603099084151924,0.00019603099084151924,1,0.005
57,abnormal_log_volume_x_macro_vix,0.0,0.0,0,0.005
57,log_volume_x_macro_credit_spread,-0.0,0.0,0,0.005
57,vol_regime_3_12_x_macro_vix,0.0004245134722539795,0.0004245134722539795,1,0.005
57,vol_regime_3_12_x_macro_term_spread,0.0,0.0,0,0.005
57,vol_12m_x_macro_credit_spread,-0.0,0.0,0,0.005
58,mom_12_1,0.0,0.0,0,0.005
58,mom_6_1,0.0,0.0,0,0.005
58,mom_3_1,-0.0,0.0,0,0.005
58,tsmom_12,0.0,0.0,0,0.005
58,tsmom_sign_12,0.0,0.0,0,0.005
58,reversal_1m,0.0,0.0,0,0.005
58,ma_gap_12m,-0.0,0.0,0,0.005
58,ma_crossover_6_12,0.0,0.0,0,0.005
58,vol_3m,0.0,0.0,0,0.005
58,vol_12m,-0.0,0.0,0,0.005
58,vol_regime_3_12,0.0,0.0,0,0.005
58,log_volume,-0.0,0.0,0,0.005
58,abnormal_log_volume,0.0,0.0,0,0.005
58,macro_vix,-0.013905392227975983,0.013905392227975983,1,0.005
58,macro_epu,0.0,0.0,0,0.005
58,macro_credit_spread,-0.0,0.0,0,0.005
58,macro_term_spread,-0.0015366793194033232,0.0015366793194033232,1,0.005
58,mom_12_1_x_macro_epu,-0.0,0.0,0,0.005
58,mom_12_1_x_macro_vix,0.0,0.0,0,0.005
58,tsmom_12_x_macro_epu,0.0,0.0,0,0.005
58,tsmom_12_x_macro_vix,0.0,0.0,0,0.005
58,ma_gap_12m_x_macro_epu,-0.005072025888297858,0.005072025888297858,1,0.005
58,ma_crossover_6_12_x_macro_vix,0.0,0.0,0,0.005
58,reversal_1m_x_macro_epu,0.0,0.0,0,0.005
58,reversal_1m_x_macro_vix,0.0009587352131923624,0.0009587352131923624,1,0.005
58,reversal_1m_x_macro_credit_spread,0.0,0.0,0,0.005
58,abnormal_log_volume_x_macro_epu,0.0002637837049028356,0.0002637837049028356,1,0.005
58,abnormal_log_volume_x_macro_vix,0.0,0.0,0,0.005
58,log_volume_x_macro_credit_spread,-0.0,0.0,0,0.005
58,vol_regime_3_12_x_macro_vix,0.0005106844752542682,0.0005106844752542682,1,0.005
58,vol_regime_3_12_x_macro_term_spread,0.0,0.0,0,0.005
58,vol_12m_x_macro_credit_spread,-0.0,0.0,0,0.005
59,mom_12_1,0.0,0.0,0,0.005
59,mom_6_1,0.0,0.0,0,0.005
59,mom_3_1,-0.0,0.0,0,0.005
59,tsmom_12,0.0,0.0,0,0.005
59,tsmom_sign_12,0.0,0.0,0,0.005
59,reversal_1m,5.561474216599667e-05,5.561474216599667e-05,1,0.005
59,ma_gap_12m,-0.0,0.0,0,0.005
59,ma_crossover_6_12,0.0,0.0,0,0.005
59,vol_3m,0.0,0.0,0,0.005
59,vol_12m,-0.0,0.0,0,0.005
59,vol_regime_3_12,0.0,0.0,0,0.005
59,log_volume,-0.0,0.0,0,0.005
59,abnormal_log_volume,0.0,0.0,0,0.005
59,macro_vix,-0.013961185858914309,0.013961185858914309,1,0.005
59,macro_epu,0.0,0.0,0,0.005
59,macro_credit_spread,-0.0,0.0,0,0.005
59,macro_term_spread,-0.0014120071340079162,0.0014120071340079162,1,0.005
59,mom_12_1_x_macro_epu,-0.0,0.0,0,0.005
59,mom_12_1_x_macro_vix,0.0,0.0,0,0.005
59,tsmom_12_x_macro_epu,0.0,0.0,0,0.005
59,tsmom_12_x_macro_vix,0.0,0.0,0,0.005
59,ma_gap_12m_x_macro_epu,-0.005160950507111644,0.005160950507111644,1,0.005
59,ma_crossover_6_12_x_macro_vix,0.0,0.0,0,0.005
59,reversal_1m_x_macro_epu,0.0,0.0,0,0.005
59,reversal_1m_x_macro_vix,0.0009098158810869235,0.0009098158810869235,1,0.005
59,reversal_1m_x_macro_credit_spread,0.0,0.0,0,0.005
59,abnormal_log_volume_x_macro_epu,0.0003277005536865151,0.0003277005536865151,1,0.005
59,abnormal_log_volume_x_macro_vix,0.0,0.0,0,0.005
59,log_volume_x_macro_credit_spread,-9.691566967901346e-05,9.691566967901346e-05,1,0.005
59,vol_regime_3_12_x_macro_vix,0.0005253021352287248,0.0005253021352287248,1,0.005
59,vol_regime_3_12_x_macro_term_spread,0.0,0.0,0,0.005
59,vol_12m_x_macro_credit_spread,-0.0,0.0,0,0.005
60,mom_12_1,0.0,0.0,0,0.005
60,mom_6_1,0.0,0.0,0,0.005
60,mom_3_1,-0.0,0.0,0,0.005
60,tsmom_12,0.0,0.0,0,0.005
60,tsmom_sign_12,0.0,0.0,0,0.005
60,reversal_1m,0.00011925771411876,0.00011925771411876,1,0.005
60,ma_gap_12m,-0.0,0.0,0,0.005
60,ma_crossover_6_12,0.0,0.0,0,0.005
60,vol_3m,0.0,0.0,0,0.005
60,vol_12m,0.0,0.0,0,0.005
60,vol_regime_3_12,0.0,0.0,0,0.005
60,log_volume,-0.0,0.0,0,0.005
60,abnormal_log_volume,0.0,0.0,0,0.005
60,macro_vix,-0.014123068178228197,0.014123068178228197,1,0.005
60,macro_epu,0.0,0.0,0,0.005
60,macro_credit_spread,-0.0,0.0,0,0.005
60,macro_term_spread,-0.0006689008410747883,0.0006689008410747883,1,0.005
60,mom_12_1_x_macro_epu,-0.0,0.0,0,0.005
60,mom_12_1_x_macro_vix,0.0,0.0,0,0.005
60,tsmom_12_x_macro_epu,0.0,0.0,0,0.005
60,tsmom_12_x_macro_vix,0.0,0.0,0,0.005
60,ma_gap_12m_x_macro_epu,-0.005414297952344474,0.005414297952344474,1,0.005
60,ma_crossover_6_12_x_macro_vix,0.0,0.0,0,0.005
60,reversal_1m_x_macro_epu,0.0,0.0,0,0.005
60,reversal_1m_x_macro_vix,0.0008584545031817026,0.0008584545031817026,1,0.005
60,reversal_1m_x_macro_credit_spread,0.0,0.0,0,0.005
60,abnormal_log_volume_x_macro_epu,0.000596180695573987,0.000596180695573987,1,0.005
60,abnormal_log_volume_x_macro_vix,0.0,0.0,0,0.005
60,log_volume_x_macro_credit_spread,-0.0012428152302569686,0.0012428152302569686,1,0.005
60,vol_regime_3_12_x_macro_vix,0.0005483499586728981,0.0005483499586728981,1,0.005
60,vol_regime_3_12_x_macro_term_spread,0.0,0.0,0,0.005
60,vol_12m_x_macro_credit_spread,-0.0,0.0,0,0.005
61,mom_12_1,0.0,0.0,0,0.005
61,mom_6_1,0.0,0.0,0,0.005
61,mom_3_1,-0.0,0.0,0,0.005
61,tsmom_12,0.0,0.0,0,0.005
61,tsmom_sign_12,0.0,0.0,0,0.005
61,reversal_1m,0.0006389729069327546,0.0006389729069327546,1,0.005
61,ma_gap_12m,-0.0,0.0,0,0.005
61,ma_crossover_6_12,0.0,0.0,0,0.005
61,vol_3m,0.0,0.0,0,0.005
61,vol_12m,0.0,0.0,0,0.005
61,vol_regime_3_12,0.0,0.0,0,0.005
61,log_volume,-0.0,0.0,0,0.005
61,abnormal_log_volume,0.0,0.0,0,0.005
61,macro_vix,-0.014316258936646148,0.014316258936646148,1,0.005
61,macro_epu,0.0,0.0,0,0.005
61,macro_credit_spread,-0.0,0.0,0,0.005
61,macro_term_spread,-0.00047140750539585827,0.00047140750539585827,1,0.005
61,mom_12_1_x_macro_epu,-0.0,0.0,0,0.005
61,mom_12_1_x_macro_vix,0.0,0.0,0,0.005
61,tsmom_12_x_macro_epu,-0.0,0.0,0,0.005
61,tsmom_12_x_macro_vix,0.0,0.0,0,0.005
61,ma_gap_12m_x_macro_epu,-0.005620005200938934,0.005620005200938934,1,0.005
61,ma_crossover_6_12_x_macro_vix,0.0,0.0,0,0.005
61,reversal_1m_x_macro_epu,0.0,0.0,0,0.005
61,reversal_1m_x_macro_vix,0.00036452280367702927,0.00036452280367702927,1,0.005
61,reversal_1m_x_macro_credit_spread,0.0,0.0,0,0.005
61,abnormal_log_volume_x_macro_epu,0.0006749275460207429,0.0006749275460207429,1,0.005
61,abnormal_log_volume_x_macro_vix,0.0,0.0,0,0.005
61,log_volume_x_macro_credit_spread,-0.0016068873528936782,0.0016068873528936782,1,0.005
61,vol_regime_3_12_x_macro_vix,0.0005336899318103634,0.0005336899318103634,1,0.005
61,vol_regime_3_12_x_macro_term_spread,0.0,0.0,0,0.005
61,vol_12m_x_macro_credit_spread,-0.0,0.0,0,0.005
62,mom_12_1,0.0,0.0,0,0.005
62,mom_6_1,0.0,0.0,0,0.005
62,mom_3_1,-0.0,0.0,0,0.005
62,tsmom_12,0.0,0.0,0,0.005
62,tsmom_sign_12,0.0,0.0,0,0.005
62,reversal_1m,0.0010254638438768314,0.0010254638438768314,1,0.005
62,ma_gap_12m,-0.0,0.0,0,0.005
62,ma_crossover_6_12,0.0,0.0,0,0.005
62,vol_3m,0.0,0.0,0,0.005
62,vol_12m,0.0,0.0,0,0.005
62,vol_regime_3_12,0.0,0.0,0,0.005
62,log_volume,-0.0,0.0,0,0.005
62,abnormal_log_volume,0.0,0.0,0,0.005
62,macro_vix,-0.01374260006295088,0.01374260006295088,1,0.005
62,macro_epu,0.0,0.0,0,0.005
62,macro_credit_spread,-0.0,0.0,0,0.005
62,macro_term_spread,-0.00043303193074584157,0.00043303193074584157,1,0.005
62,mom_12_1_x_macro_epu,-0.0,0.0,0,0.005
62,mom_12_1_x_macro_vix,0.0,0.0,0,0.005
62,tsmom_12_x_macro_epu,0.0,0.0,0,0.005
62,tsmom_12_x_macro_vix,0.0,0.0,0,0.005
62,ma_gap_12m_x_macro_epu,-0.0054865009801952,0.0054865009801952,1,0.005
62,ma_crossover_6_12_x_macro_vix,0.0,0.0,0,0.005
62,reversal_1m_x_macro_epu,0.0,0.0,0,0.005
62,reversal_1m_x_macro_vix,0.0,0.0,0,0.005
62,reversal_1m_x_macro_credit_spread,0.0,0.0,0,0.005
62,abnormal_log_volume_x_macro_epu,0.0006899585130070038,0.0006899585130070038,1,0.005
62,abnormal_log_volume_x_macro_vix,0.0,0.0,0,0.005
62,log_volume_x_macro_credit_spread,-0.0016054029509648912,0.0016054029509648912,1,0.005
62,vol_regime_3_12_x_macro_vix,0.0006251035088038399,0.0006251035088038399,1,0.005
62,vol_regime_3_12_x_macro_term_spread,0.0,0.0,0,0.005
62,vol_12m_x_macro_credit_spread,-0.0,0.0,0,0.005
63,mom_12_1,0.0,0.0,0,0.005
63,mom_6_1,0.0,0.0,0,0.005
63,mom_3_1,-0.0,0.0,0,0.005
63,tsmom_12,0.0,0.0,0,0.005
63,tsmom_sign_12,0.0,0.0,0,0.005
63,reversal_1m,0.0,0.0,0,0.005
63,ma_gap_12m,-0.0,0.0,0,0.005
63,ma_crossover_6_12,0.0,0.0,0,0.005
63,vol_3m,0.0,0.0,0,0.005
63,vol_12m,0.0,0.0,0,0.005
63,vol_regime_3_12,0.0,0.0,0,0.005
63,log_volume,-0.0,0.0,0,0.005
63,abnormal_log_volume,0.0,0.0,0,0.005
63,macro_vix,-0.013495439011136328,0.013495439011136328,1,0.005
63,macro_epu,0.0,0.0,0,0.005
63,macro_credit_spread,-0.0,0.0,0,0.005
63,macro_term_spread,-0.00042406608119270405,0.00042406608119270405,1,0.005
63,mom_12_1_x_macro_epu,-0.0,0.0,0,0.005
63,mom_12_1_x_macro_vix,0.0,0.0,0,0.005
63,tsmom_12_x_macro_epu,0.0,0.0,0,0.005
63,tsmom_12_x_macro_vix,0.0,0.0,0,0.005
63,ma_gap_12m_x_macro_epu,-0.0054036414207238185,0.0054036414207238185,1,0.005
63,ma_crossover_6_12_x_macro_vix,0.0,0.0,0,0.005
63,reversal_1m_x_macro_epu,0.0,0.0,0,0.005
63,reversal_1m_x_macro_vix,0.0008938311772904358,0.0008938311772904358,1,0.005
63,reversal_1m_x_macro_credit_spread,0.0,0.0,0,0.005
63,abnormal_log_volume_x_macro_epu,0.000671419673836305,0.000671419673836305,1,0.005
63,abnormal_log_volume_x_macro_vix,0.0,0.0,0,0.005
63,log_volume_x_macro_credit_spread,-0.001541736451057595,0.001541736451057595,1,0.005
63,vol_regime_3_12_x_macro_vix,0.0006198362342173021,0.0006198362342173021,1,0.005
63,vol_regime_3_12_x_macro_term_spread,0.0,0.0,0,0.005
63,vol_12m_x_macro_credit_spread,-0.0,0.0,0,0.005
64,mom_12_1,0.0,0.0,0,0.005
64,mom_6_1,0.0,0.0,0,0.005
64,mom_3_1,-0.0,0.0,0,0.005
64,tsmom_12,0.0,0.0,0,0.005
64,tsmom_sign_12,0.0,0.0,0,0.005
64,reversal_1m,0.00015051059004340204,0.00015051059004340204,1,0.005
64,ma_gap_12m,-0.0,0.0,0,0.005
64,ma_crossover_6_12,0.0,0.0,0,0.005
64,vol_3m,0.0,0.0,0,0.005
64,vol_12m,0.0,0.0,0,0.005
64,vol_regime_3_12,0.0,0.0,0,0.005
64,log_volume,-0.0,0.0,0,0.005
64,abnormal_log_volume,0.0,0.0,0,0.005
64,macro_vix,-0.01308237429866189,0.01308237429866189,1,0.005
64,macro_epu,0.0,0.0,0,0.005
64,macro_credit_spread,-0.0,0.0,0,0.005
64,macro_term_spread,-0.0003469734670417947,0.0003469734670417947,1,0.005
64,mom_12_1_x_macro_epu,-0.0,0.0,0,0.005
64,mom_12_1_x_macro_vix,0.0,0.0,0,0.005
64,tsmom_12_x_macro_epu,0.0,0.0,0,0.005
64,tsmom_12_x_macro_vix,0.0,0.0,0,0.005
64,ma_gap_12m_x_macro_epu,-0.005356133312485477,0.005356133312485477,1,0.005
64,ma_crossover_6_12_x_macro_vix,0.0,0.0,0,0.005
64,reversal_1m_x_macro_epu,0.0,0.0,0,0.005
64,reversal_1m_x_macro_vix,0.000747755213612382,0.000747755213612382,1,0.005
64,reversal_1m_x_macro_credit_spread,0.0,0.0,0,0.005
64,abnormal_log_volume_x_macro_epu,0.0006889813613268689,0.0006889813613268689,1,0.005
64,abnormal_log_volume_x_macro_vix,0.0,0.0,0,0.005
64,log_volume_x_macro_credit_spread,-0.0016688062455414768,0.0016688062455414768,1,0.005
64,vol_regime_3_12_x_macro_vix,0.0005780805856940172,0.0005780805856940172,1,0.005
64,vol_regime_3_12_x_macro_term_spread,0.0,0.0,0,0.005
64,vol_12m_x_macro_credit_spread,-0.0,0.0,0,0.005
65,mom_12_1,0.0,0.0,0,0.005
65,mom_6_1,0.0,0.0,0,0.005
65,mom_3_1,-0.0,0.0,0,0.005
65,tsmom_12,0.0,0.0,0,0.005
65,tsmom_sign_12,0.0,0.0,0,0.005
65,reversal_1m,0.0,0.0,0,0.005
65,ma_gap_12m,-0.0,0.0,0,0.005
65,ma_crossover_6_12,0.0,0.0,0,0.005
65,vol_3m,0.0,0.0,0,0.005
65,vol_12m,0.0,0.0,0,0.005
65,vol_regime_3_12,0.0,0.0,0,0.005
65,log_volume,-0.0,0.0,0,0.005
65,abnormal_log_volume,0.0,0.0,0,0.005
65,macro_vix,-0.012606590359527853,0.012606590359527853,1,0.005
65,macro_epu,0.0,0.0,0,0.005
65,macro_credit_spread,-0.0,0.0,0,0.005
65,macro_term_spread,-0.00019686343450947978,0.00019686343450947978,1,0.005
65,mom_12_1_x_macro_epu,-0.0,0.0,0,0.005
65,mom_12_1_x_macro_vix,0.0,0.0,0,0.005
65,tsmom_12_x_macro_epu,0.0,0.0,0,0.005
65,tsmom_12_x_macro_vix,0.0,0.0,0,0.005
65,ma_gap_12m_x_macro_epu,-0.005461301906687434,0.005461301906687434,1,0.005
65,ma_crossover_6_12_x_macro_vix,0.0,0.0,0,0.005
65,reversal_1m_x_macro_epu,0.0,0.0,0,0.005
65,reversal_1m_x_macro_vix,0.0007442517407441502,0.0007442517407441502,1,0.005
65,reversal_1m_x_macro_credit_spread,0.0,0.0,0,0.005
65,abnormal_log_volume_x_macro_epu,0.0006248757386173798,0.0006248757386173798,1,0.005
65,abnormal_log_volume_x_macro_vix,0.0,0.0,0,0.005
65,log_volume_x_macro_credit_spread,-0.0019163163416871264,0.0019163163416871264,1,0.005
65,vol_regime_3_12_x_macro_vix,0.0005652663722696694,0.0005652663722696694,1,0.005
65,vol_regime_3_12_x_macro_term_spread,0.0,0.0,0,0.005
65,vol_12m_x_macro_credit_spread,-0.0,0.0,0,0.005
66,mom_12_1,0.0,0.0,0,0.005
66,mom_6_1,0.0,0.0,0,0.005
66,mom_3_1,-0.0,0.0,0,0.005
66,tsmom_12,0.0,0.0,0,0.005
66,tsmom_sign_12,0.0,0.0,0,0.005
66,reversal_1m,0.00018315157354656112,0.00018315157354656112,1,0.005
66,ma_gap_12m,-0.0,0.0,0,0.005
66,ma_crossover_6_12,0.0,0.0,0,0.005
66,vol_3m,0.0,0.0,0,0.005
66,vol_12m,0.0,0.0,0,0.005
66,vol_regime_3_12,0.0,0.0,0,0.005
66,log_volume,-0.0,0.0,0,0.005
66,abnormal_log_volume,0.0,0.0,0,0.005
66,macro_vix,-0.01270032606993807,0.01270032606993807,1,0.005
66,macro_epu,0.0,0.0,0,0.005
66,macro_credit_spread,-0.0,0.0,0,0.005
66,macro_term_spread,-0.0002360577037419269,0.0002360577037419269,1,0.005
66,mom_12_1_x_macro_epu,-0.0,0.0,0,0.005
66,mom_12_1_x_macro_vix,0.0,0.0,0,0.005
66,tsmom_12_x_macro_epu,0.0,0.0,0,0.005
66,tsmom_12_x_macro_vix,0.0,0.0,0,0.005
66,ma_gap_12m_x_macro_epu,-0.005438063283805076,0.005438063283805076,1,0.005
66,ma_crossover_6_12_x_macro_vix,0.0,0.0,0,0.005
66,reversal_1m_x_macro_epu,0.0,0.0,0,0.005
66,reversal_1m_x_macro_vix,0.0006332621247942098,0.0006332621247942098,1,0.005
66,reversal_1m_x_macro_credit_spread,0.0,0.0,0,0.005
66,abnormal_log_volume_x_macro_epu,0.0006714036211313281,0.0006714036211313281,1,0.005
66,abnormal_log_volume_x_macro_vix,0.0,0.0,0,0.005
66,log_volume_x_macro_credit_spread,-0.001826193313266948,0.001826193313266948,1,0.005
66,vol_regime_3_12_x_macro_vix,0.0005472133417539862,0.0005472133417539862,1,0.005
66,vol_regime_3_12_x_macro_term_spread,0.0,0.0,0,0.005
66,vol_12m_x_macro_credit_spread,-0.0,0.0,0,0.005
67,mom_12_1,0.0,0.0,0,0.005
67,mom_6_1,0.0,0.0,0,0.005
67,mom_3_1,-0.0,0.0,0,0.005
67,tsmom_12,0.0,0.0,0,0.005
67,tsmom_sign_12,0.0,0.0,0,0.005
67,reversal_1m,0.0,0.0,0,0.005
67,ma_gap_12m,-0.0,0.0,0,0.005
67,ma_crossover_6_12,0.0,0.0,0,0.005
67,vol_3m,0.0,0.0,0,0.005
67,vol_12m,0.0,0.0,0,0.005
67,vol_regime_3_12,0.0,0.0,0,0.005
67,log_volume,-0.0,0.0,0,0.005
67,abnormal_log_volume,0.0,0.0,0,0.005
67,macro_vix,-0.012477006757005525,0.012477006757005525,1,0.005
67,macro_epu,0.0,0.0,0,0.005
67,macro_credit_spread,-0.0,0.0,0,0.005
67,macro_term_spread,-0.0001226657431653735,0.0001226657431653735,1,0.005
67,mom_12_1_x_macro_epu,-0.0,0.0,0,0.005
67,mom_12_1_x_macro_vix,0.0,0.0,0,0.005
67,tsmom_12_x_macro_epu,0.0,0.0,0,0.005
67,tsmom_12_x_macro_vix,0.0,0.0,0,0.005
67,ma_gap_12m_x_macro_epu,-0.0053608714275911185,0.0053608714275911185,1,0.005
67,ma_crossover_6_12_x_macro_vix,0.0,0.0,0,0.005
67,reversal_1m_x_macro_epu,0.0,0.0,0,0.005
67,reversal_1m_x_macro_vix,0.0007893689300628425,0.0007893689300628425,1,0.005
67,reversal_1m_x_macro_credit_spread,0.0,0.0,0,0.005
67,abnormal_log_volume_x_macro_epu,0.0007012282563189406,0.0007012282563189406,1,0.005
67,abnormal_log_volume_x_macro_vix,0.0,0.0,0,0.005
67,log_volume_x_macro_credit_spread,-0.0019178846365614465,0.0019178846365614465,1,0.005
67,vol_regime_3_12_x_macro_vix,0.0005827556532568143,0.0005827556532568143,1,0.005
67,vol_regime_3_12_x_macro_term_spread,0.0,0.0,0,0.005
67,vol_12m_x_macro_credit_spread,-0.0,0.0,0,0.005
68,mom_12_1,0.0,0.0,0,0.005
68,mom_6_1,0.0,0.0,0,0.005
68,mom_3_1,-0.0,0.0,0,0.005
68,tsmom_12,0.0,0.0,0,0.005
68,tsmom_sign_12,0.0,0.0,0,0.005
68,reversal_1m,0.0,0.0,0,0.005
68,ma_gap_12m,-0.0,0.0,0,0.005
68,ma_crossover_6_12,0.0,0.0,0,0.005
68,vol_3m,0.0,0.0,0,0.005
68,vol_12m,0.0,0.0,0,0.005
68,vol_regime_3_12,0.0,0.0,0,0.005
68,log_volume,-0.0,0.0,0,0.005
68,abnormal_log_volume,0.0,0.0,0,0.005
68,macro_vix,-0.012722647485138619,0.012722647485138619,1,0.005
68,macro_epu,0.0,0.0,0,0.005
68,macro_credit_spread,-0.0,0.0,0,0.005
68,macro_term_spread,-0.0002567359767645295,0.0002567359767645295,1,0.005
68,mom_12_1_x_macro_epu,-0.0,0.0,0,0.005
68,mom_12_1_x_macro_vix,0.0,0.0,0,0.005
68,tsmom_12_x_macro_epu,0.0,0.0,0,0.005
68,tsmom_12_x_macro_vix,0.0,0.0,0,0.005
68,ma_gap_12m_x_macro_epu,-0.005408235050547176,0.005408235050547176,1,0.005
68,ma_crossover_6_12_x_macro_vix,0.0,0.0,0,0.005
68,reversal_1m_x_macro_epu,0.0,0.0,0,0.005
68,reversal_1m_x_macro_vix,0.0008249107912086076,0.0008249107912086076,1,0.005
68,reversal_1m_x_macro_credit_spread,0.0,0.0,0,0.005
68,abnormal_log_volume_x_macro_epu,0.0006079178063602183,0.0006079178063602183,1,0.005
68,abnormal_log_volume_x_macro_vix,0.0,0.0,0,0.005
68,log_volume_x_macro_credit_spread,-0.0017740162307857937,0.0017740162307857937,1,0.005
68,vol_regime_3_12_x_macro_vix,0.0006563030030047013,0.0006563030030047013,1,0.005
68,vol_regime_3_12_x_macro_term_spread,0.0,0.0,0,0.005
68,vol_12m_x_macro_credit_spread,-0.0,0.0,0,0.005
69,mom_12_1,0.0,0.0,0,0.005
69,mom_6_1,0.0,0.0,0,0.005
69,mom_3_1,-0.0,0.0,0,0.005
69,tsmom_12,0.0,0.0,0,0.005
69,tsmom_sign_12,0.0,0.0,0,0.005
69,reversal_1m,0.00043980685830837543,0.00043980685830837543,1,0.005
69,ma_gap_12m,-0.0,0.0,0,0.005
69,ma_crossover_6_12,0.0,0.0,0,0.005
69,vol_3m,0.0,0.0,0,0.005
69,vol_12m,0.0,0.0,0,0.005
69,vol_regime_3_12,0.0,0.0,0,0.005
69,log_volume,-0.0,0.0,0,0.005
69,abnormal_log_volume,0.0,0.0,0,0.005
69,macro_vix,-0.012333940904570989,0.012333940904570989,1,0.005
69,macro_epu,0.0,0.0,0,0.005
69,macro_credit_spread,-0.0,0.0,0,0.005
69,macro_term_spread,-0.0,0.0,0,0.005
69,mom_12_1_x_macro_epu,-0.0,0.0,0,0.005
69,mom_12_1_x_macro_vix,0.0,0.0,0,0.005
69,tsmom_12_x_macro_epu,0.0,0.0,0,0.005
69,tsmom_12_x_macro_vix,0.0,0.0,0,0.005
69,ma_gap_12m_x_macro_epu,-0.0053550555370796985,0.0053550555370796985,1,0.005
69,ma_crossover_6_12_x_macro_vix,0.0,0.0,0,0.005
69,reversal_1m_x_macro_epu,0.0,0.0,0,0.005
69,reversal_1m_x_macro_vix,0.00041637777726877067,0.00041637777726877067,1,0.005
69,reversal_1m_x_macro_credit_spread,0.0,0.0,0,0.005
69,abnormal_log_volume_x_macro_epu,0.0006841935106184013,0.0006841935106184013,1,0.005
69,abnormal_log_volume_x_macro_vix,0.0,0.0,0,0.005
69,log_volume_x_macro_credit_spread,-0.0019995912436889538,0.0019995912436889538,1,0.005
69,vol_regime_3_12_x_macro_vix,0.0006748546461043907,0.0006748546461043907,1,0.005
69,vol_regime_3_12_x_macro_term_spread,0.0,0.0,0,0.005
69,vol_12m_x_macro_credit_spread,-0.0,0.0,0,0.005
70,mom_12_1,0.0,0.0,0,0.005
70,mom_6_1,0.0,0.0,0,0.005
70,mom_3_1,-0.0,0.0,0,0.005
70,tsmom_12,0.0,0.0,0,0.005
70,tsmom_sign_12,0.0,0.0,0,0.005
70,reversal_1m,0.0,0.0,0,0.005
70,ma_gap_12m,-0.0,0.0,0,0.005
70,ma_crossover_6_12,0.0,0.0,0,0.005
70,vol_3m,0.0,0.0,0,0.005
70,vol_12m,0.0,0.0,0,0.005
70,vol_regime_3_12,0.0,0.0,0,0.005
70,log_volume,-0.0,0.0,0,0.005
70,abnormal_log_volume,0.0,0.0,0,0.005
70,macro_vix,-0.01204742884462961,0.01204742884462961,1,0.005
70,macro_epu,0.0,0.0,0,0.005
70,macro_credit_spread,-0.0,0.0,0,0.005
70,macro_term_spread,-0.0,0.0,0,0.005
70,mom_12_1_x_macro_epu,-0.0,0.0,0,0.005
70,mom_12_1_x_macro_vix,0.0,0.0,0,0.005
70,tsmom_12_x_macro_epu,0.0,0.0,0,0.005
70,tsmom_12_x_macro_vix,0.0,0.0,0,0.005
70,ma_gap_12m_x_macro_epu,-0.005224283243477392,0.005224283243477392,1,0.005
70,ma_crossover_6_12_x_macro_vix,0.0,0.0,0,0.005
70,reversal_1m_x_macro_epu,0.0,0.0,0,0.005
70,reversal_1m_x_macro_vix,0.0007992880517223839,0.0007992880517223839,1,0.005
70,reversal_1m_x_macro_credit_spread,0.0,0.0,0,0.005
70,abnormal_log_volume_x_macro_epu,0.0007229515926564915,0.0007229515926564915,1,0.005
70,abnormal_log_volume_x_macro_vix,0.0,0.0,0,0.005
70,log_volume_x_macro_credit_spread,-0.0020216860516179282,0.0020216860516179282,1,0.005
70,vol_regime_3_12_x_macro_vix,0.0006529728781780316,0.0006529728781780316,1,0.005
70,vol_regime_3_12_x_macro_term_spread,0.0,0.0,0,0.005
70,vol_12m_x_macro_credit_spread,-0.0,0.0,0,0.005
71,mom_12_1,0.0,0.0,0,0.005
71,mom_6_1,0.0,0.0,0,0.005
71,mom_3_1,-0.0,0.0,0,0.005
71,tsmom_12,0.0,0.0,0,0.005
71,tsmom_sign_12,0.0,0.0,0,0.005
71,reversal_1m,0.0,0.0,0,0.005
71,ma_gap_12m,-0.0,0.0,0,0.005
71,ma_crossover_6_12,0.0,0.0,0,0.005
71,vol_3m,0.0,0.0,0,0.005
71,vol_12m,0.0,0.0,0,0.005
71,vol_regime_3_12,0.0,0.0,0,0.005
71,log_volume,-0.0,0.0,0,0.005
71,abnormal_log_volume,0.0,0.0,0,0.005
71,macro_vix,-0.011983334957969861,0.011983334957969861,1,0.005
71,macro_epu,0.0,0.0,0,0.005
71,macro_credit_spread,-0.0,0.0,0,0.005
71,macro_term_spread,-0.0,0.0,0,0.005
71,mom_12_1_x_macro_epu,-0.0,0.0,0,0.005
71,mom_12_1_x_macro_vix,0.0,0.0,0,0.005
71,tsmom_12_x_macro_epu,0.0,0.0,0,0.005
71,tsmom_12_x_macro_vix,0.0,0.0,0,0.005
71,ma_gap_12m_x_macro_epu,-0.005236230335594082,0.005236230335594082,1,0.005
71,ma_crossover_6_12_x_macro_vix,0.0,0.0,0,0.005
71,reversal_1m_x_macro_epu,0.0,0.0,0,0.005
71,reversal_1m_x_macro_vix,0.000797114500256661,0.000797114500256661,1,0.005
71,reversal_1m_x_macro_credit_spread,0.0,0.0,0,0.005
71,abnormal_log_volume_x_macro_epu,0.0007072579026046169,0.0007072579026046169,1,0.005
71,abnormal_log_volume_x_macro_vix,0.0,0.0,0,0.005
71,log_volume_x_macro_credit_spread,-0.002194130267003292,0.002194130267003292,1,0.005
71,vol_regime_3_12_x_macro_vix,0.0006376036450378447,0.0006376036450378447,1,0.005
71,vol_regime_3_12_x_macro_term_spread,0.0,0.0,0,0.005
71,vol_12m_x_macro_credit_spread,-0.0,0.0,0,0.005
72,mom_12_1,0.0,0.0,0,0.005
72,mom_6_1,0.0,0.0,0,0.005
72,mom_3_1,-0.0,0.0,0,0.005
72,tsmom_12,0.0,0.0,0,0.005
72,tsmom_sign_12,0.0,0.0,0,0.005
72,reversal_1m,0.0,0.0,0,0.005
72,ma_gap_12m,-0.0,0.0,0,0.005
72,ma_crossover_6_12,0.0,0.0,0,0.005
72,vol_3m,0.0,0.0,0,0.005
72,vol_12m,0.0,0.0,0,0.005
72,vol_regime_3_12,0.0,0.0,0,0.005
72,log_volume,-0.0,0.0,0,0.005
72,abnormal_log_volume,0.0,0.0,0,0.005
72,macro_vix,-0.011860838151012026,0.011860838151012026,1,0.005
72,macro_epu,0.0,0.0,0,0.005
72,macro_credit_spread,-0.0,0.0,0,0.005
72,macro_term_spread,-0.0,0.0,0,0.005
72,mom_12_1_x_macro_epu,-0.0,0.0,0,0.005
72,mom_12_1_x_macro_vix,0.0,0.0,0,0.005
72,tsmom_12_x_macro_epu,-0.0,0.0,0,0.005
72,tsmom_12_x_macro_vix,0.0,0.0,0,0.005
72,ma_gap_12m_x_macro_epu,-0.005262877518507675,0.005262877518507675,1,0.005
72,ma_crossover_6_12_x_macro_vix,0.0,0.0,0,0.005
72,reversal_1m_x_macro_epu,0.0,0.0,0,0.005
72,reversal_1m_x_macro_vix,0.0007390941632563615,0.0007390941632563615,1,0.005
72,reversal_1m_x_macro_credit_spread,0.0,0.0,0,0.005
72,abnormal_log_volume_x_macro_epu,0.0007138574318619581,0.0007138574318619581,1,0.005
72,abnormal_log_volume_x_macro_vix,0.0,0.0,0,0.005
72,log_volume_x_macro_credit_spread,-0.0021486241223987205,0.0021486241223987205,1,0.005
72,vol_regime_3_12_x_macro_vix,0.0005767685627561276,0.0005767685627561276,1,0.005
72,vol_regime_3_12_x_macro_term_spread,0.0,0.0,0,0.005
72,vol_12m_x_macro_credit_spread,-0.0,0.0,0,0.005
73,mom_12_1,0.0,0.0,0,0.005
73,mom_6_1,0.0,0.0,0,0.005
73,mom_3_1,-0.0,0.0,0,0.005
73,tsmom_12,0.0,0.0,0,0.005
73,tsmom_sign_12,0.0,0.0,0,0.005
73,reversal_1m,0.0,0.0,0,0.005
73,ma_gap_12m,-0.0,0.0,0,0.005
73,ma_crossover_6_12,0.0,0.0,0,0.005
73,vol_3m,0.0,0.0,0,0.005
73,vol_12m,0.0,0.0,0,0.005
73,vol_regime_3_12,0.0,0.0,0,0.005
73,log_volume,-0.0,0.0,0,0.005
73,abnormal_log_volume,0.0,0.0,0,0.005
73,macro_vix,-0.011735519880493385,0.011735519880493385,1,0.005
73,macro_epu,0.0,0.0,0,0.005
73,macro_credit_spread,-0.0,0.0,0,0.005
73,macro_term_spread,-0.0,0.0,0,0.005
73,mom_12_1_x_macro_epu,-0.0,0.0,0,0.005
73,mom_12_1_x_macro_vix,0.0,0.0,0,0.005
73,tsmom_12_x_macro_epu,0.0,0.0,0,0.005
73,tsmom_12_x_macro_vix,0.0,0.0,0,0.005
73,ma_gap_12m_x_macro_epu,-0.005186439698345934,0.005186439698345934,1,0.005
73,ma_crossover_6_12_x_macro_vix,0.0,0.0,0,0.005
73,reversal_1m_x_macro_epu,0.0,0.0,0,0.005
73,reversal_1m_x_macro_vix,0.0007783792672472902,0.0007783792672472902,1,0.005
73,reversal_1m_x_macro_credit_spread,0.0,0.0,0,0.005
73,abnormal_log_volume_x_macro_epu,0.0008146188911023663,0.0008146188911023663,1,0.005
73,abnormal_log_volume_x_macro_vix,0.0,0.0,0,0.005
73,log_volume_x_macro_credit_spread,-0.0021775707074742695,0.0021775707074742695,1,0.005
73,vol_regime_3_12_x_macro_vix,0.0005674865640659846,0.0005674865640659846,1,0.005
73,vol_regime_3_12_x_macro_term_spread,0.0,0.0,0,0.005
73,vol_12m_x_macro_credit_spread,-0.0,0.0,0,0.005
74,mom_12_1,0.0,0.0,0,0.005
74,mom_6_1,0.0,0.0,0,0.005
74,mom_3_1,-0.0,0.0,0,0.005
74,tsmom_12,0.0,0.0,0,0.005
74,tsmom_sign_12,0.0,0.0,0,0.005
74,reversal_1m,0.0,0.0,0,0.005
74,ma_gap_12m,-0.0,0.0,0,0.005
74,ma_crossover_6_12,0.0,0.0,0,0.005
74,vol_3m,0.0,0.0,0,0.005
74,vol_12m,0.0,0.0,0,0.005
74,vol_regime_3_12,0.0,0.0,0,0.005
74,log_volume,-0.0,0.0,0,0.005
74,abnormal_log_volume,0.0,0.0,0,0.005
74,macro_vix,-0.011851839358599308,0.011851839358599308,1,0.005
74,macro_epu,0.0,0.0,0,0.005
74,macro_credit_spread,-0.0,0.0,0,0.005
74,macro_term_spread,-0.0,0.0,0,0.005
74,mom_12_1_x_macro_epu,-0.0,0.0,0,0.005
74,mom_12_1_x_macro_vix,0.0,0.0,0,0.005
74,tsmom_12_x_macro_epu,0.0,0.0,0,0.005
74,tsmom_12_x_macro_vix,0.0,0.0,0,0.005
74,ma_gap_12m_x_macro_epu,-0.005149774827418164,0.005149774827418164,1,0.005
74,ma_crossover_6_12_x_macro_vix,0.0,0.0,0,0.005
74,reversal_1m_x_macro_epu,0.0,0.0,0,0.005
74,reversal_1m_x_macro_vix,0.000779980706267472,0.000779980706267472,1,0.005
74,reversal_1m_x_macro_credit_spread,0.0,0.0,0,0.005
74,abnormal_log_volume_x_macro_epu,0.0008542471055363492,0.0008542471055363492,1,0.005
74,abnormal_log_volume_x_macro_vix,0.0,0.0,0,0.005
74,log_volume_x_macro_credit_spread,-0.002164383113583188,0.002164383113583188,1,0.005
74,vol_regime_3_12_x_macro_vix,0.0005700270569443716,0.0005700270569443716,1,0.005
74,vol_regime_3_12_x_macro_term_spread,0.0,0.0,0,0.005
74,vol_12m_x_macro_credit_spread,-0.0,0.0,0,0.005
75,mom_12_1,0.0,0.0,0,0.005
75,mom_6_1,0.0,0.0,0,0.005
75,mom_3_1,-0.0,0.0,0,0.005
75,tsmom_12,0.0,0.0,0,0.005
75,tsmom_sign_12,0.0,0.0,0,0.005
75,reversal_1m,0.0007383418420282859,0.0007383418420282859,1,0.005
75,ma_gap_12m,-0.0,0.0,0,0.005
75,ma_crossover_6_12,0.0,0.0,0,0.005
75,vol_3m,0.0,0.0,0,0.005
75,vol_12m,0.0,0.0,0,0.005
75,vol_regime_3_12,0.0,0.0,0,0.005
75,log_volume,-0.0,0.0,0,0.005
75,abnormal_log_volume,0.0,0.0,0,0.005
75,macro_vix,-0.011580726300407636,0.011580726300407636,1,0.005
75,macro_epu,0.0,0.0,0,0.005
75,macro_credit_spread,-0.0,0.0,0,0.005
75,macro_term_spread,-0.0,0.0,0,0.005
75,mom_12_1_x_macro_epu,-0.0,0.0,0,0.005
75,mom_12_1_x_macro_vix,0.0,0.0,0,0.005
75,tsmom_12_x_macro_epu,0.0,0.0,0,0.005
75,tsmom_12_x_macro_vix,0.0,0.0,0,0.005
75,ma_gap_12m_x_macro_epu,-0.005131720624022008,0.005131720624022008,1,0.005
75,ma_crossover_6_12_x_macro_vix,0.0,0.0,0,0.005
75,reversal_1m_x_macro_epu,0.0,0.0,0,0.005
75,reversal_1m_x_macro_vix,0.00012023192980042208,0.00012023192980042208,1,0.005
75,reversal_1m_x_macro_credit_spread,0.0,0.0,0,0.005
75,abnormal_log_volume_x_macro_epu,0.0008138908087618105,0.0008138908087618105,1,0.005
75,abnormal_log_volume_x_macro_vix,0.0,0.0,0,0.005
75,log_volume_x_macro_credit_spread,-0.002224628348060926,0.002224628348060926,1,0.005
75,vol_regime_3_12_x_macro_vix,0.000592499416042312,0.000592499416042312,1,0.005
75,vol_regime_3_12_x_macro_term_spread,0.0,0.0,0,0.005
75,vol_12m_x_macro_credit_spread,-0.0,0.0,0,0.005
76,mom_12_1,0.0,0.0,0,0.005
76,mom_6_1,0.0,0.0,0,0.005
76,mom_3_1,-0.0,0.0,0,0.005
76,tsmom_12,0.0,0.0,0,0.005
76,tsmom_sign_12,0.0,0.0,0,0.005
76,reversal_1m,0.0008911075419251849,0.0008911075419251849,1,0.005
76,ma_gap_12m,-0.0,0.0,0,0.005
76,ma_crossover_6_12,0.0,0.0,0,0.005
76,vol_3m,0.0,0.0,0,0.005
76,vol_12m,0.0,0.0,0,0.005
76,vol_regime_3_12,0.0,0.0,0,0.005
76,log_volume,-0.0,0.0,0,0.005
76,abnormal_log_volume,0.0,0.0,0,0.005
76,macro_vix,-0.01149615649687347,0.01149615649687347,1,0.005
76,macro_epu,0.0,0.0,0,0.005
76,macro_credit_spread,-0.0,0.0,0,0.005
76,macro_term_spread,-0.0,0.0,0,0.005
76,mom_12_1_x_macro_epu,-0.0,0.0,0,0.005
76,mom_12_1_x_macro_vix,0.0,0.0,0,0.005
76,tsmom_12_x_macro_epu,0.0,0.0,0,0.005
76,tsmom_12_x_macro_vix,0.0,0.0,0,0.005
76,ma_gap_12m_x_macro_epu,-0.005060693571844929,0.005060693571844929,1,0.005
76,ma_crossover_6_12_x_macro_vix,0.0,0.0,0,0.005
76,reversal_1m_x_macro_epu,0.0,0.0,0,0.005
76,reversal_1m_x_macro_vix,0.0,0.0,0,0.005
76,reversal_1m_x_macro_credit_spread,0.0,0.0,0,0.005
76,abnormal_log_volume_x_macro_epu,0.000816814764453223,0.000816814764453223,1,0.005
76,abnormal_log_volume_x_macro_vix,0.0,0.0,0,0.005
76,log_volume_x_macro_credit_spread,-0.002201265837501171,0.002201265837501171,1,0.005
76,vol_regime_3_12_x_macro_vix,0.0005930823594735957,0.0005930823594735957,1,0.005
76,vol_regime_3_12_x_macro_term_spread,0.0,0.0,0,0.005
76,vol_12m_x_macro_credit_spread,-0.0,0.0,0,0.005
77,mom_12_1,0.0,0.0,0,0.005
77,mom_6_1,0.0,0.0,0,0.005
77,mom_3_1,-0.0,0.0,0,0.005
77,tsmom_12,0.0,0.0,0,0.005
77,tsmom_sign_12,0.0,0.0,0,0.005
77,reversal_1m,0.000900692026362896,0.000900692026362896,1,0.005
77,ma_gap_12m,-0.0,0.0,0,0.005
77,ma_crossover_6_12,0.0,0.0,0,0.005
77,vol_3m,0.0,0.0,0,0.005
77,vol_12m,0.0,0.0,0,0.005
77,vol_regime_3_12,0.0,0.0,0,0.005
77,log_volume,-0.0,0.0,0,0.005
77,abnormal_log_volume,0.0,0.0,0,0.005
77,macro_vix,-0.0113344578567262,0.0113344578567262,1,0.005
77,macro_epu,0.0,0.0,0,0.005
77,macro_credit_spread,-0.0,0.0,0,0.005
77,macro_term_spread,-0.0,0.0,0,0.005
77,mom_12_1_x_macro_epu,-0.0,0.0,0,0.005
77,mom_12_1_x_macro_vix,0.0,0.0,0,0.005
77,tsmom_12_x_macro_epu,0.0,0.0,0,0.005
77,tsmom_12_x_macro_vix,0.0,0.0,0,0.005
77,ma_gap_12m_x_macro_epu,-0.004997947743397895,0.004997947743397895,1,0.005
77,ma_crossover_6_12_x_macro_vix,0.0,0.0,0,0.005
77,reversal_1m_x_macro_epu,0.0,0.0,0,0.005
77,reversal_1m_x_macro_vix,0.0,0.0,0,0.005
77,reversal_1m_x_macro_credit_spread,0.0,0.0,0,0.005
77,abnormal_log_volume_x_macro_epu,0.0007847202122097707,0.0007847202122097707,1,0.005
77,abnormal_log_volume_x_macro_vix,0.0,0.0,0,0.005
77,log_volume_x_macro_credit_spread,-0.0022362679456445125,0.0022362679456445125,1,0.005
77,vol_regime_3_12_x_macro_vix,0.0006185084917505565,0.0006185084917505565,1,0.005
77,vol_regime_3_12_x_macro_term_spread,0.0,0.0,0,0.005
77,vol_12m_x_macro_credit_spread,-0.0,0.0,0,0.005
78,mom_12_1,0.0,0.0,0,0.005
78,mom_6_1,0.0,0.0,0,0.005
78,mom_3_1,-0.0,0.0,0,0.005
78,tsmom_12,0.0,0.0,0,0.005
78,tsmom_sign_12,0.0,0.0,0,0.005
78,reversal_1m,0.0008699041311891907,0.0008699041311891907,1,0.005
78,ma_gap_12m,-0.0,0.0,0,0.005
78,ma_crossover_6_12,0.0,0.0,0,0.005
78,vol_3m,0.0,0.0,0,0.005
78,vol_12m,0.0,0.0,0,0.005
78,vol_regime_3_12,0.0,0.0,0,0.005
78,log_volume,-0.0004882077606343589,0.0004882077606343589,1,0.005
78,abnormal_log_volume,0.0,0.0,0,0.005
78,macro_vix,-0.011299448339620306,0.011299448339620306,1,0.005
78,macro_epu,0.0,0.0,0,0.005
78,macro_credit_spread,-0.0,0.0,0,0.005
78,macro_term_spread,-0.0,0.0,0,0.005
78,mom_12_1_x_macro_epu,-0.0,0.0,0,0.005
78,mom_12_1_x_macro_vix,0.0,0.0,0,0.005
78,tsmom_12_x_macro_epu,0.0,0.0,0,0.005
78,tsmom_12_x_macro_vix,0.0,0.0,0,0.005
78,ma_gap_12m_x_macro_epu,-0.005038202580909814,0.005038202580909814,1,0.005
78,ma_crossover_6_12_x_macro_vix,0.0,0.0,0,0.005
78,reversal_1m_x_macro_epu,0.0,0.0,0,0.005
78,reversal_1m_x_macro_vix,0.0,0.0,0,0.005
78,reversal_1m_x_macro_credit_spread,0.0,0.0,0,0.005
78,abnormal_log_volume_x_macro_epu,0.000846913469424461,0.000846913469424461,1,0.005
78,abnormal_log_volume_x_macro_vix,0.0,0.0,0,0.005
78,log_volume_x_macro_credit_spread,-0.001804851342637183,0.001804851342637183,1,0.005
78,vol_regime_3_12_x_macro_vix,0.0006488776378338442,0.0006488776378338442,1,0.005
78,vol_regime_3_12_x_macro_term_spread,0.0,0.0,0,0.005
78,vol_12m_x_macro_credit_spread,-0.0,0.0,0,0.005
79,mom_12_1,0.0,0.0,0,0.005
79,mom_6_1,0.0,0.0,0,0.005
79,mom_3_1,-0.0,0.0,0,0.005
79,tsmom_12,0.0,0.0,0,0.005
79,tsmom_sign_12,0.0,0.0,0,0.005
79,reversal_1m,0.000181257700898252,0.000181257700898252,1,0.005
79,ma_gap_12m,-0.0,0.0,0,0.005
79,ma_crossover_6_12,0.0,0.0,0,0.005
79,vol_3m,0.0,0.0,0,0.005
79,vol_12m,0.0,0.0,0,0.005
79,vol_regime_3_12,0.0,0.0,0,0.005
79,log_volume,-0.0007355666327397466,0.0007355666327397466,1,0.005
79,abnormal_log_volume,0.0,0.0,0,0.005
79,macro_vix,-0.011294472614765997,0.011294472614765997,1,0.005
79,macro_epu,0.0,0.0,0,0.005
79,macro_credit_spread,-0.0,0.0,0,0.005
79,macro_term_spread,-0.0,0.0,0,0.005
79,mom_12_1_x_macro_epu,-0.0,0.0,0,0.005
79,mom_12_1_x_macro_vix,0.0,0.0,0,0.005
79,tsmom_12_x_macro_epu,0.0,0.0,0,0.005
79,tsmom_12_x_macro_vix,0.0,0.0,0,0.005
79,ma_gap_12m_x_macro_epu,-0.005052108946964773,0.005052108946964773,1,0.005
79,ma_crossover_6_12_x_macro_vix,0.0,0.0,0,0.005
79,reversal_1m_x_macro_epu,0.0,0.0,0,0.005
79,reversal_1m_x_macro_vix,0.0005645074345412698,0.0005645074345412698,1,0.005
79,reversal_1m_x_macro_credit_spread,0.0,0.0,0,0.005
79,abnormal_log_volume_x_macro_epu,0.0008156556123587515,0.0008156556123587515,1,0.005
79,abnormal_log_volume_x_macro_vix,0.0,0.0,0,0.005
79,log_volume_x_macro_credit_spread,-0.0018257767763508509,0.0018257767763508509,1,0.005
79,vol_regime_3_12_x_macro_vix,0.0005865176478072656,0.0005865176478072656,1,0.005
79,vol_regime_3_12_x_macro_term_spread,0.0,0.0,0,0.005
79,vol_12m_x_macro_credit_spread,-0.0,0.0,0,0.005
80,mom_12_1,0.0,0.0,0,0.005
80,mom_6_1,0.0,0.0,0,0.005
80,mom_3_1,-0.0,0.0,0,0.005
80,tsmom_12,0.0,0.0,0,0.005
80,tsmom_sign_12,0.0,0.0,0,0.005
80,reversal_1m,0.0002443363923184958,0.0002443363923184958,1,0.005
80,ma_gap_12m,-0.0,0.0,0,0.005
80,ma_crossover_6_12,0.0,0.0,0,0.005
80,vol_3m,0.0,0.0,0,0.005
80,vol_12m,0.0,0.0,0,0.005
80,vol_regime_3_12,0.0,0.0,0,0.005
80,log_volume,-0.0009523117340523279,0.0009523117340523279,1,0.005
80,abnormal_log_volume,0.0,0.0,0,0.005
80,macro_vix,-0.010917933799775943,0.010917933799775943,1,0.005
80,macro_epu,0.0,0.0,0,0.005
80,macro_credit_spread,-0.0,0.0,0,0.005
80,macro_term_spread,0.0,0.0,0,0.005
80,mom_12_1_x_macro_epu,-0.0,0.0,0,0.005
80,mom_12_1_x_macro_vix,0.0,0.0,0,0.005
80,tsmom_12_x_macro_epu,0.0,0.0,0,0.005
80,tsmom_12_x_macro_vix,0.0,0.0,0,0.005
80,ma_gap_12m_x_macro_epu,-0.005113110119573571,0.005113110119573571,1,0.005
80,ma_crossover_6_12_x_macro_vix,0.0,0.0,0,0.005
80,reversal_1m_x_macro_epu,0.0,0.0,0,0.005
80,reversal_1m_x_macro_vix,0.0005361165885821371,0.0005361165885821371,1,0.005
80,reversal_1m_x_macro_credit_spread,0.0,0.0,0,0.005
80,abnormal_log_volume_x_macro_epu,0.0006293691153669469,0.0006293691153669469,1,0.005
80,abnormal_log_volume_x_macro_vix,0.0,0.0,0,0.005
80,log_volume_x_macro_credit_spread,-0.002463247297524552,0.002463247297524552,1,0.005
80,vol_regime_3_12_x_macro_vix,0.0005855836901349883,0.0005855836901349883,1,0.005
80,vol_regime_3_12_x_macro_term_spread,0.0,0.0,0,0.005
80,vol_12m_x_macro_credit_spread,-0.0,0.0,0,0.005
81,mom_12_1,0.0,0.0,0,0.005
81,mom_6_1,0.0,0.0,0,0.005
81,mom_3_1,-0.0,0.0,0,0.005
81,tsmom_12,0.0,0.0,0,0.005
81,tsmom_sign_12,0.0,0.0,0,0.005
81,reversal_1m,0.0,0.0,0,0.005
81,ma_gap_12m,-0.0,0.0,0,0.005
81,ma_crossover_6_12,0.0,0.0,0,0.005
81,vol_3m,0.0,0.0,0,0.005
81,vol_12m,0.0,0.0,0,0.005
81,vol_regime_3_12,0.0,0.0,0,0.005
81,log_volume,-0.0009056567753262592,0.0009056567753262592,1,0.005
81,abnormal_log_volume,0.0,0.0,0,0.005
81,macro_vix,-0.0108245817480048,0.0108245817480048,1,0.005
81,macro_epu,0.0,0.0,0,0.005
81,macro_credit_spread,-0.0,0.0,0,0.005
81,macro_term_spread,0.0,0.0,0,0.005
81,mom_12_1_x_macro_epu,-0.0,0.0,0,0.005
81,mom_12_1_x_macro_vix,0.0,0.0,0,0.005
81,tsmom_12_x_macro_epu,0.0,0.0,0,0.005
81,tsmom_12_x_macro_vix,0.0,0.0,0,0.005
81,ma_gap_12m_x_macro_epu,-0.005115994563693069,0.005115994563693069,1,0.005
81,ma_crossover_6_12_x_macro_vix,0.0,0.0,0,0.005
81,reversal_1m_x_macro_epu,0.0,0.0,0,0.005
81,reversal_1m_x_macro_vix,0.0006765709389950894,0.0006765709389950894,1,0.005
81,reversal_1m_x_macro_credit_spread,0.0,0.0,0,0.005
81,abnormal_log_volume_x_macro_epu,0.000554124036119563,0.000554124036119563,1,0.005
81,abnormal_log_volume_x_macro_vix,0.0,0.0,0,0.005
81,log_volume_x_macro_credit_spread,-0.0023350644550158505,0.0023350644550158505,1,0.005
81,vol_regime_3_12_x_macro_vix,0.0006090213333846779,0.0006090213333846779,1,0.005
81,vol_regime_3_12_x_macro_term_spread,0.0,0.0,0,0.005
81,vol_12m_x_macro_credit_spread,-0.0,0.0,0,0.005
82,mom_12_1,0.0,0.0,0,0.005
82,mom_6_1,0.0,0.0,0,0.005
82,mom_3_1,-0.0,0.0,0,0.005
82,tsmom_12,0.0,0.0,0,0.005
82,tsmom_sign_12,0.0,0.0,0,0.005
82,reversal_1m,0.00022822445139219672,0.00022822445139219672,1,0.005
82,ma_gap_12m,-0.0,0.0,0,0.005
82,ma_crossover_6_12,0.0,0.0,0,0.005
82,vol_3m,0.0,0.0,0,0.005
82,vol_12m,0.0,0.0,0,0.005
82,vol_regime_3_12,0.0,0.0,0,0.005
82,log_volume,-0.0008673542788982796,0.0008673542788982796,1,0.005
82,abnormal_log_volume,0.0,0.0,0,0.005
82,macro_vix,-0.010758457383339172,0.010758457383339172,1,0.005
82,macro_epu,0.0,0.0,0,0.005
82,macro_credit_spread,-0.0,0.0,0,0.005
82,macro_term_spread,0.0,0.0,0,0.005
82,mom_12_1_x_macro_epu,-0.0,0.0,0,0.005
82,mom_12_1_x_macro_vix,0.0,0.0,0,0.005
82,tsmom_12_x_macro_epu,0.0,0.0,0,0.005
82,tsmom_12_x_macro_vix,0.0,0.0,0,0.005
82,ma_gap_12m_x_macro_epu,-0.005015147879862253,0.005015147879862253,1,0.005
82,ma_crossover_6_12_x_macro_vix,0.0,0.0,0,0.005
82,reversal_1m_x_macro_epu,0.0,0.0,0,0.005
82,reversal_1m_x_macro_vix,0.00048596970577862857,0.00048596970577862857,1,0.005
82,reversal_1m_x_macro_credit_spread,0.0,0.0,0,0.005
82,abnormal_log_volume_x_macro_epu,0.0006253310278835912,0.0006253310278835912,1,0.005
82,abnormal_log_volume_x_macro_vix,0.0,0.0,0,0.005
82,log_volume_x_macro_credit_spread,-0.002055104052115958,0.002055104052115958,1,0.005
82,vol_regime_3_12_x_macro_vix,0.0006633009061312808,0.0006633009061312808,1,0.005
82,vol_regime_3_12_x_macro_term_spread,0.0,0.0,0,0.005
82,vol_12m_x_macro_credit_spread,-0.0,0.0,0,0.005
83,mom_12_1,0.0,0.0,0,0.005
83,mom_6_1,0.0,0.0,0,0.005
83,mom_3_1,-0.0,0.0,0,0.005
83,tsmom_12,0.0,0.0,0,0.005
83,tsmom_sign_12,0.0,0.0,0,0.005
83,reversal_1m,2.7107776665557625e-05,2.7107776665557625e-05,1,0.005
83,ma_gap_12m,-0.0,0.0,0,0.005
83,ma_crossover_6_12,0.0,0.0,0,0.005
83,vol_3m,0.0,0.0,0,0.005
83,vol_12m,0.0,0.0,0,0.005
83,vol_regime_3_12,0.0,0.0,0,0.005
83,log_volume,-0.0007926137132522663,0.0007926137132522663,1,0.005
83,abnormal_log_volume,0.0,0.0,0,0.005
83,macro_vix,-0.010877935360772199,0.010877935360772199,1,0.005
83,macro_epu,0.0,0.0,0,0.005
83,macro_credit_spread,-0.0,0.0,0,0.005
83,macro_term_spread,0.0,0.0,0,0.005
83,mom_12_1_x_macro_epu,-0.0,0.0,0,0.005
83,mom_12_1_x_macro_vix,0.0,0.0,0,0.005
83,tsmom_12_x_macro_epu,-0.0,0.0,0,0.005
83,tsmom_12_x_macro_vix,0.0,0.0,0,0.005
83,ma_gap_12m_x_macro_epu,-0.005073925684593384,0.005073925684593384,1,0.005
83,ma_crossover_6_12_x_macro_vix,0.0,0.0,0,0.005
83,reversal_1m_x_macro_epu,0.0,0.0,0,0.005
83,reversal_1m_x_macro_vix,0.0006503370595243968,0.0006503370595243968,1,0.005
83,reversal_1m_x_macro_credit_spread,0.0,0.0,0,0.005
83,abnormal_log_volume_x_macro_epu,0.0006259882265400683,0.0006259882265400683,1,0.005
83,abnormal_log_volume_x_macro_vix,0.0,0.0,0,0.005
83,log_volume_x_macro_credit_spread,-0.002124316795663594,0.002124316795663594,1,0.005
83,vol_regime_3_12_x_macro_vix,0.0006729774781628249,0.0006729774781628249,1,0.005
83,vol_regime_3_12_x_macro_term_spread,0.0,0.0,0,0.005
83,vol_12m_x_macro_credit_spread,-0.0,0.0,0,0.005
84,mom_12_1,0.0,0.0,0,0.005
84,mom_6_1,0.0,0.0,0,0.005
84,mom_3_1,-0.0,0.0,0,0.005
84,tsmom_12,0.0,0.0,0,0.005
84,tsmom_sign_12,0.0,0.0,0,0.005
84,reversal_1m,0.0,0.0,0,0.005
84,ma_gap_12m,-0.0,0.0,0,0.005
84,ma_crossover_6_12,0.0,0.0,0,0.005
84,vol_3m,0.0,0.0,0,0.005
84,vol_12m,0.0,0.0,0,0.005
84,vol_regime_3_12,0.0,0.0,0,0.005
84,log_volume,-0.0007319722870376967,0.0007319722870376967,1,0.005
84,abnormal_log_volume,0.0,0.0,0,0.005
84,macro_vix,-0.010846086339419823,0.010846086339419823,1,0.005
84,macro_epu,0.0,0.0,0,0.005
84,macro_credit_spread,-0.0,0.0,0,0.005
84,macro_term_spread,0.0,0.0,0,0.005
84,mom_12_1_x_macro_epu,-0.0,0.0,0,0.005
84,mom_12_1_x_macro_vix,0.0,0.0,0,0.005
84,tsmom_12_x_macro_epu,-0.0,0.0,0,0.005
84,tsmom_12_x_macro_vix,0.0,0.0,0,0.005
84,ma_gap_12m_x_macro_epu,-0.004985815834713216,0.004985815834713216,1,0.005
84,ma_crossover_6_12_x_macro_vix,0.0,0.0,0,0.005
84,reversal_1m_x_macro_epu,0.0,0.0,0,0.005
84,reversal_1m_x_macro_vix,0.000640269875288076,0.000640269875288076,1,0.005
84,reversal_1m_x_macro_credit_spread,0.0,0.0,0,0.005
84,abnormal_log_volume_x_macro_epu,0.0006153810816133794,0.0006153810816133794,1,0.005
84,abnormal_log_volume_x_macro_vix,0.0,0.0,0,0.005
84,log_volume_x_macro_credit_spread,-0.0016821162251681725,0.0016821162251681725,1,0.005
84,vol_regime_3_12_x_macro_vix,0.0007133643838118884,0.0007133643838118884,1,0.005
84,vol_regime_3_12_x_macro_term_spread,0.0,0.0,0,0.005
84,vol_12m_x_macro_credit_spread,-0.0,0.0,0,0.005
85,mom_12_1,0.0,0.0,0,0.005
85,mom_6_1,0.0,0.0,0,0.005
85,mom_3_1,-0.0,0.0,0,0.005
85,tsmom_12,0.0,0.0,0,0.005
85,tsmom_sign_12,0.0,0.0,0,0.005
85,reversal_1m,8.931804048112667e-05,8.931804048112667e-05,1,0.005
85,ma_gap_12m,-0.0,0.0,0,0.005
85,ma_crossover_6_12,0.0,0.0,0,0.005
85,vol_3m,0.0,0.0,0,0.005
85,vol_12m,0.0,0.0,0,0.005
85,vol_regime_3_12,0.0,0.0,0,0.005
85,log_volume,-0.0008190810771512971,0.0008190810771512971,1,0.005
85,abnormal_log_volume,0.0,0.0,0,0.005
85,macro_vix,-0.010546335978087799,0.010546335978087799,1,0.005
85,macro_epu,0.0,0.0,0,0.005
85,macro_credit_spread,-0.0,0.0,0,0.005
85,macro_term_spread,0.0,0.0,0,0.005
85,mom_12_1_x_macro_epu,-0.0,0.0,0,0.005
85,mom_12_1_x_macro_vix,0.0,0.0,0,0.005
85,tsmom_12_x_macro_epu,-0.0,0.0,0,0.005
85,tsmom_12_x_macro_vix,0.0,0.0,0,0.005
85,ma_gap_12m_x_macro_epu,-0.004996693010259436,0.004996693010259436,1,0.005
85,ma_crossover_6_12_x_macro_vix,0.0,0.0,0,0.005
85,reversal_1m_x_macro_epu,0.0,0.0,0,0.005
85,reversal_1m_x_macro_vix,0.00044410601488594485,0.00044410601488594485,1,0.005
85,reversal_1m_x_macro_credit_spread,0.0,0.0,0,0.005
85,abnormal_log_volume_x_macro_epu,0.0006004118225666882,0.0006004118225666882,1,0.005
85,abnormal_log_volume_x_macro_vix,0.0,0.0,0,0.005
85,log_volume_x_macro_credit_spread,-0.0019562930049551123,0.0019562930049551123,1,0.005
85,vol_regime_3_12_x_macro_vix,0.0006764093874644044,0.0006764093874644044,1,0.005
85,vol_regime_3_12_x_macro_term_spread,0.0,0.0,0,0.005
85,vol_12m_x_macro_credit_spread,-0.0,0.0,0,0.005
86,mom_12_1,0.0,0.0,0,0.005
86,mom_6_1,0.0,0.0,0,0.005
86,mom_3_1,-0.0,0.0,0,0.005
86,tsmom_12,0.0,0.0,0,0.005
86,tsmom_sign_12,0.0,0.0,0,0.005
86,reversal_1m,0.0,0.0,0,0.005
86,ma_gap_12m,-0.0,0.0,0,0.005
86,ma_crossover_6_12,0.0,0.0,0,0.005
86,vol_3m,0.0,0.0,0,0.005
86,vol_12m,0.0,0.0,0,0.005
86,vol_regime_3_12,0.0,0.0,0,0.005
86,log_volume,-0.0009840132416084914,0.0009840132416084914,1,0.005
86,abnormal_log_volume,0.0,0.0,0,0.005
86,macro_vix,-0.010744801895961898,0.010744801895961898,1,0.005
86,macro_epu,0.0,0.0,0,0.005
86,macro_credit_spread,-0.0,0.0,0,0.005
86,macro_term_spread,0.0,0.0,0,0.005
86,mom_12_1_x_macro_epu,-0.0,0.0,0,0.005
86,mom_12_1_x_macro_vix,0.0,0.0,0,0.005
86,tsmom_12_x_macro_epu,-0.0,0.0,0,0.005
86,tsmom_12_x_macro_vix,0.0,0.0,0,0.005
86,ma_gap_12m_x_macro_epu,-0.005094010571864068,0.005094010571864068,1,0.005
86,ma_crossover_6_12_x_macro_vix,0.0,0.0,0,0.005
86,reversal_1m_x_macro_epu,0.0,0.0,0,0.005
86,reversal_1m_x_macro_vix,0.0003873363052573715,0.0003873363052573715,1,0.005
86,reversal_1m_x_macro_credit_spread,0.0,0.0,0,0.005
86,abnormal_log_volume_x_macro_epu,0.0006503174883904284,0.0006503174883904284,1,0.005
86,abnormal_log_volume_x_macro_vix,0.0,0.0,0,0.005
86,log_volume_x_macro_credit_spread,-0.0016083598432032628,0.0016083598432032628,1,0.005
86,vol_regime_3_12_x_macro_vix,0.0005223235565398869,0.0005223235565398869,1,0.005
86,vol_regime_3_12_x_macro_term_spread,0.0,0.0,0,0.005
86,vol_12m_x_macro_credit_spread,-0.0,0.0,0,0.005
87,mom_12_1,0.0,0.0,0,0.005
87,mom_6_1,0.0,0.0,0,0.005
87,mom_3_1,-0.0,0.0,0,0.005
87,tsmom_12,0.0,0.0,0,0.005
87,tsmom_sign_12,0.0,0.0,0,0.005
87,reversal_1m,0.0,0.0,0,0.005
87,ma_gap_12m,-0.0,0.0,0,0.005
87,ma_crossover_6_12,0.0,0.0,0,0.005
87,vol_3m,0.0,0.0,0,0.005
87,vol_12m,0.0,0.0,0,0.005
87,vol_regime_3_12,0.0,0.0,0,0.005
87,log_volume,-0.0010188028594506253,0.0010188028594506253,1,0.005
87,abnormal_log_volume,0.0,0.0,0,0.005
87,macro_vix,-0.010647035319146212,0.010647035319146212,1,0.005
87,macro_epu,0.0,0.0,0,0.005
87,macro_credit_spread,-0.0,0.0,0,0.005
87,macro_term_spread,0.0,0.0,0,0.005
87,mom_12_1_x_macro_epu,-0.0,0.0,0,0.005
87,mom_12_1_x_macro_vix,0.0,0.0,0,0.005
87,tsmom_12_x_macro_epu,-0.0,0.0,0,0.005
87,tsmom_12_x_macro_vix,0.0,0.0,0,0.005
87,ma_gap_12m_x_macro_epu,-0.005053245682159587,0.005053245682159587,1,0.005
87,ma_crossover_6_12_x_macro_vix,0.0,0.0,0,0.005
87,reversal_1m_x_macro_epu,0.0,0.0,0,0.005
87,reversal_1m_x_macro_vix,0.00033323755992832225,0.00033323755992832225,1,0.005
87,reversal_1m_x_macro_credit_spread,0.0,0.0,0,0.005
87,abnormal_log_volume_x_macro_epu,0.0007125224253518062,0.0007125224253518062,1,0.005
87,abnormal_log_volume_x_macro_vix,0.0,0.0,0,0.005
87,log_volume_x_macro_credit_spread,-0.0015649603157635316,0.0015649603157635316,1,0.005
87,vol_regime_3_12_x_macro_vix,0.00047567983561613684,0.00047567983561613684,1,0.005
87,vol_regime_3_12_x_macro_term_spread,0.0,0.0,0,0.005
87,vol_12m_x_macro_credit_spread,-0.0,0.0,0,0.005
88,mom_12_1,0.0,0.0,0,0.005
88,mom_6_1,0.0,0.0,0,0.005
88,mom_3_1,-0.0,0.0,0,0.005
88,tsmom_12,0.0,0.0,0,0.005
88,tsmom_sign_12,0.0,0.0,0,0.005
88,reversal_1m,0.0,0.0,0,0.005
88,ma_gap_12m,-0.0,0.0,0,0.005
88,ma_crossover_6_12,1.905657422055456e-05,1.905657422055456e-05,1,0.005
88,vol_3m,0.0,0.0,0,0.005
88,vol_12m,0.0,0.0,0,0.005
88,vol_regime_3_12,0.0,0.0,0,0.005
88,log_volume,-0.0009928019175731654,0.0009928019175731654,1,0.005
88,abnormal_log_volume,0.0,0.0,0,0.005
88,macro_vix,-0.010123259972652543,0.010123259972652543,1,0.005
88,macro_epu,0.0,0.0,0,0.005
88,macro_credit_spread,-0.0,0.0,0,0.005
88,macro_term_spread,0.0,0.0,0,0.005
88,mom_12_1_x_macro_epu,-0.0,0.0,0,0.005
88,mom_12_1_x_macro_vix,0.0,0.0,0,0.005
88,tsmom_12_x_macro_epu,-0.0,0.0,0,0.005
88,tsmom_12_x_macro_vix,0.0,0.0,0,0.005
88,ma_gap_12m_x_macro_epu,-0.00506620921362416,0.00506620921362416,1,0.005
88,ma_crossover_6_12_x_macro_vix,0.0,0.0,0,0.005
88,reversal_1m_x_macro_epu,0.0,0.0,0,0.005
88,reversal_1m_x_macro_vix,0.0002627857454154775,0.0002627857454154775,1,0.005
88,reversal_1m_x_macro_credit_spread,0.0,0.0,0,0.005
88,abnormal_log_volume_x_macro_epu,0.0007331306247178745,0.0007331306247178745,1,0.005
88,abnormal_log_volume_x_macro_vix,0.0,0.0,0,0.005
88,log_volume_x_macro_credit_spread,-0.0023338456664308413,0.0023338456664308413,1,0.005
88,vol_regime_3_12_x_macro_vix,0.0004900840181509936,0.0004900840181509936,1,0.005
88,vol_regime_3_12_x_macro_term_spread,0.0,0.0,0,0.005
88,vol_12m_x_macro_credit_spread,-0.0,0.0,0,0.005
89,mom_12_1,0.0,0.0,0,0.005
89,mom_6_1,0.0,0.0,0,0.005
89,mom_3_1,-0.0,0.0,0,0.005
89,tsmom_12,0.0,0.0,0,0.005
89,tsmom_sign_12,0.0,0.0,0,0.005
89,reversal_1m,0.0,0.0,0,0.005
89,ma_gap_12m,-0.0,0.0,0,0.005
89,ma_crossover_6_12,0.0,0.0,0,0.005
89,vol_3m,0.0,0.0,0,0.005
89,vol_12m,0.0,0.0,0,0.005
89,vol_regime_3_12,0.0,0.0,0,0.005
89,log_volume,-0.0008150217110016982,0.0008150217110016982,1,0.005
89,abnormal_log_volume,0.0,0.0,0,0.005
89,macro_vix,-0.010265911831408398,0.010265911831408398,1,0.005
89,macro_epu,0.0,0.0,0,0.005
89,macro_credit_spread,-0.0,0.0,0,0.005
89,macro_term_spread,0.0,0.0,0,0.005
89,mom_12_1_x_macro_epu,-0.0,0.0,0,0.005
89,mom_12_1_x_macro_vix,0.0,0.0,0,0.005
89,tsmom_12_x_macro_epu,-0.0,0.0,0,0.005
89,tsmom_12_x_macro_vix,0.0,0.0,0,0.005
89,ma_gap_12m_x_macro_epu,-0.005167707454844732,0.005167707454844732,1,0.005
89,ma_crossover_6_12_x_macro_vix,0.0,0.0,0,0.005
89,reversal_1m_x_macro_epu,0.0,0.0,0,0.005
89,reversal_1m_x_macro_vix,0.00010563404750509874,0.00010563404750509874,1,0.005
89,reversal_1m_x_macro_credit_spread,0.0,0.0,0,0.005
89,abnormal_log_volume_x_macro_epu,0.0007391862177445638,0.0007391862177445638,1,0.005
89,abnormal_log_volume_x_macro_vix,0.0,0.0,0,0.005
89,log_volume_x_macro_credit_spread,-0.0023099486054857605,0.0023099486054857605,1,0.005
89,vol_regime_3_12_x_macro_vix,0.0003388506200921517,0.0003388506200921517,1,0.005
89,vol_regime_3_12_x_macro_term_spread,0.0,0.0,0,0.005
89,vol_12m_x_macro_credit_spread,-0.0,0.0,0,0.005
90,mom_12_1,0.0,0.0,0,0.005
90,mom_6_1,0.0,0.0,0,0.005
90,mom_3_1,-0.0,0.0,0,0.005
90,tsmom_12,0.0,0.0,0,0.005
90,tsmom_sign_12,0.0,0.0,0,0.005
90,reversal_1m,0.0,0.0,0,0.005
90,ma_gap_12m,-0.0,0.0,0,0.005
90,ma_crossover_6_12,0.0,0.0,0,0.005
90,vol_3m,0.0,0.0,0,0.005
90,vol_12m,0.0,0.0,0,0.005
90,vol_regime_3_12,0.0,0.0,0,0.005
90,log_volume,-0.0007549240406882721,0.0007549240406882721,1,0.005
90,abnormal_log_volume,0.0,0.0,0,0.005
90,macro_vix,-0.010597713589136089,0.010597713589136089,1,0.005
90,macro_epu,0.0,0.0,0,0.005
90,macro_credit_spread,-0.0,0.0,0,0.005
90,macro_term_spread,0.0,0.0,0,0.005
90,mom_12_1_x_macro_epu,-0.0,0.0,0,0.005
90,mom_12_1_x_macro_vix,0.0,0.0,0,0.005
90,tsmom_12_x_macro_epu,-0.0,0.0,0,0.005
90,tsmom_12_x_macro_vix,0.0,0.0,0,0.005
90,ma_gap_12m_x_macro_epu,-0.0049446598047798865,0.0049446598047798865,1,0.005
90,ma_crossover_6_12_x_macro_vix,0.0,0.0,0,0.005
90,reversal_1m_x_macro_epu,0.0,0.0,0,0.005
90,reversal_1m_x_macro_vix,0.00018180698711745886,0.00018180698711745886,1,0.005
90,reversal_1m_x_macro_credit_spread,0.0,0.0,0,0.005
90,abnormal_log_volume_x_macro_epu,0.0006134062508336675,0.0006134062508336675,1,0.005
90,abnormal_log_volume_x_macro_vix,0.0,0.0,0,0.005
90,log_volume_x_macro_credit_spread,-0.0016718034336662712,0.0016718034336662712,1,0.005
90,vol_regime_3_12_x_macro_vix,0.00032063249838665405,0.00032063249838665405,1,0.005
90,vol_regime_3_12_x_macro_term_spread,0.0,0.0,0,0.005
90,vol_12m_x_macro_credit_spread,-0.0,0.0,0,0.005
91,mom_12_1,0.0,0.0,0,0.005
91,mom_6_1,0.0,0.0,0,0.005
91,mom_3_1,-0.0,0.0,0,0.005
91,tsmom_12,0.0,0.0,0,0.005
91,tsmom_sign_12,0.0,0.0,0,0.005
91,reversal_1m,0.0,0.0,0,0.005
91,ma_gap_12m,-0.0,0.0,0,0.005
91,ma_crossover_6_12,0.0,0.0,0,0.005
91,vol_3m,0.0,0.0,0,0.005
91,vol_12m,0.0,0.0,0,0.005
91,vol_regime_3_12,0.0,0.0,0,0.005
91,log_volume,-0.0009493845814743813,0.0009493845814743813,1,0.005
91,abnormal_log_volume,0.0,0.0,0,0.005
91,macro_vix,-0.010784948426810109,0.010784948426810109,1,0.005
91,macro_epu,0.0,0.0,0,0.005
91,macro_credit_spread,-0.0,0.0,0,0.005
91,macro_term_spread,0.0,0.0,0,0.005
91,mom_12_1_x_macro_epu,-0.0,0.0,0,0.005
91,mom_12_1_x_macro_vix,0.0,0.0,0,0.005
91,tsmom_12_x_macro_epu,-0.0,0.0,0,0.005
91,tsmom_12_x_macro_vix,0.0,0.0,0,0.005
91,ma_gap_12m_x_macro_epu,-0.00496754749967221,0.00496754749967221,1,0.005
91,ma_crossover_6_12_x_macro_vix,0.0,0.0,0,0.005
91,reversal_1m_x_macro_epu,0.0,0.0,0,0.005
91,reversal_1m_x_macro_vix,0.00024790730399439114,0.00024790730399439114,1,0.005
91,reversal_1m_x_macro_credit_spread,0.0,0.0,0,0.005
91,abnormal_log_volume_x_macro_epu,0.000545805088866781,0.000545805088866781,1,0.005
91,abnormal_log_volume_x_macro_vix,0.0,0.0,0,0.005
91,log_volume_x_macro_credit_spread,-0.0010471746088707924,0.0010471746088707924,1,0.005
91,vol_regime_3_12_x_macro_vix,0.0002258101157782524,0.0002258101157782524,1,0.005
91,vol_regime_3_12_x_macro_term_spread,0.0,0.0,0,0.005
91,vol_12m_x_macro_credit_spread,-0.0,0.0,0,0.005
92,mom_12_1,0.0,0.0,0,0.001
92,mom_6_1,0.001125076869870863,0.001125076869870863,1,0.001
92,mom_3_1,-0.0,0.0,0,0.001
92,tsmom_12,-0.0,0.0,0,0.001
92,tsmom_sign_12,-0.0,0.0,0,0.001
92,reversal_1m,0.0005668885075839904,0.0005668885075839904,1,0.001
92,ma_gap_12m,-0.0,0.0,0,0.001
92,ma_crossover_6_12,0.0036964481574672985,0.0036964481574672985,1,0.001
92,vol_3m,-0.0,0.0,0,0.001
92,vol_12m,0.021889050279504527,0.021889050279504527,1,0.001
92,vol_regime_3_12,-0.0,0.0,0,0.001
92,log_volume,-0.005090160885076449,0.005090160885076449,1,0.001
92,abnormal_log_volume,-0.0,0.0,0,0.001
92,macro_vix,-0.0187658380014185,0.0187658380014185,1,0.001
92,macro_epu,0.006391245678928913,0.006391245678928913,1,0.001
92,macro_credit_spread,0.004926617225150668,0.004926617225150668,1,0.001
92,macro_term_spread,2.0494575490149998e-05,2.0494575490149998e-05,1,0.001
92,mom_12_1_x_macro_epu,-0.004048779131866731,0.004048779131866731,1,0.001
92,mom_12_1_x_macro_vix,0.0,0.0,0,0.001
92,tsmom_12_x_macro_epu,-0.0,0.0,0,0.001
92,tsmom_12_x_macro_vix,0.0013348929453035068,0.0013348929453035068,1,0.001
92,ma_gap_12m_x_macro_epu,-0.010868521989603676,0.010868521989603676,1,0.001
92,ma_crossover_6_12_x_macro_vix,0.0022628693709916352,0.0022628693709916352,1,0.001
92,reversal_1m_x_macro_epu,-0.0,0.0,0,0.001
92,reversal_1m_x_macro_vix,0.0,0.0,0,0.001
92,reversal_1m_x_macro_credit_spread,0.0,0.0,0,0.001
92,abnormal_log_volume_x_macro_epu,0.0026531203812770587,0.0026531203812770587,1,0.001
92,abnormal_log_volume_x_macro_vix,-0.0,0.0,0,0.001
92,log_volume_x_macro_credit_spread,0.0,0.0,0,0.001
92,vol_regime_3_12_x_macro_vix,0.0022927084190627525,0.0022927084190627525,1,0.001
92,vol_regime_3_12_x_macro_term_spread,-0.0006435802846663964,0.0006435802846663964,1,0.001
92,vol_12m_x_macro_credit_spread,-0.02227914416904909,0.02227914416904909,1,0.001
93,mom_12_1,0.0,0.0,0,0.001
93,mom_6_1,0.0012433576490116633,0.0012433576490116633,1,0.001
93,mom_3_1,-0.0,0.0,0,0.001
93,tsmom_12,-0.0,0.0,0,0.001
93,tsmom_sign_12,-0.0,0.0,0,0.001
93,reversal_1m,0.000312352990221164,0.000312352990221164,1,0.001
93,ma_gap_12m,-0.0,0.0,0,0.001
93,ma_crossover_6_12,0.003526905208681189,0.003526905208681189,1,0.001
93,vol_3m,-0.0,0.0,0,0.001
93,vol_12m,0.020686742151078515,0.020686742151078515,1,0.001
93,vol_regime_3_12,-0.0,0.0,0,0.001
93,log_volume,-0.005026019518545815,0.005026019518545815,1,0.001
93,abnormal_log_volume,-0.0,0.0,0,0.001
93,macro_vix,-0.01810535552092564,0.01810535552092564,1,0.001
93,macro_epu,0.006080763801743337,0.006080763801743337,1,0.001
93,macro_credit_spread,0.003940985270066248,0.003940985270066248,1,0.001
93,macro_term_spread,0.0002905685001969959,0.0002905685001969959,1,0.001
93,mom_12_1_x_macro_epu,-0.00440467943687142,0.00440467943687142,1,0.001
93,mom_12_1_x_macro_vix,0.0,0.0,0,0.001
93,tsmom_12_x_macro_epu,-0.0,0.0,0,0.001
93,tsmom_12_x_macro_vix,0.0018846471538611798,0.0018846471538611798,1,0.001
93,ma_gap_12m_x_macro_epu,-0.010966508139435442,0.010966508139435442,1,0.001
93,ma_crossover_6_12_x_macro_vix,0.0023447979265841822,0.0023447979265841822,1,0.001
93,reversal_1m_x_macro_epu,-0.0,0.0,0,0.001
93,reversal_1m_x_macro_vix,0.0,0.0,0,0.001
93,reversal_1m_x_macro_credit_spread,0.0,0.0,0,0.001
93,abnormal_log_volume_x_macro_epu,0.0027011507319255586,0.0027011507319255586,1,0.001
93,abnormal_log_volume_x_macro_vix,-0.0,0.0,0,0.001
93,log_volume_x_macro_credit_spread,0.0,0.0,0,0.001
93,vol_regime_3_12_x_macro_vix,0.00204469963756206,0.00204469963756206,1,0.001
93,vol_regime_3_12_x_macro_term_spread,-0.000549305719236457,0.000549305719236457,1,0.001
93,vol_12m_x_macro_credit_spread,-0.020977492150354222,0.020977492150354222,1,0.001
94,mom_12_1,-0.0,0.0,0,0.001
94,mom_6_1,0.001156227600672903,0.001156227600672903,1,0.001
94,mom_3_1,-0.0,0.0,0,0.001
94,tsmom_12,-0.0,0.0,0,0.001
94,tsmom_sign_12,-0.0,0.0,0,0.001
94,reversal_1m,0.0001182227066935668,0.0001182227066935668,1,0.001
94,ma_gap_12m,-0.0,0.0,0,0.001
94,ma_crossover_6_12,0.003903500204375372,0.003903500204375372,1,0.001
94,vol_3m,-0.0,0.0,0,0.001
94,vol_12m,0.020790219699735085,0.020790219699735085,1,0.001
94,vol_regime_3_12,-0.0,0.0,0,0.001
94,log_volume,-0.00461873965434353,0.00461873965434353,1,0.001
94,abnormal_log_volume,-0.0,0.0,0,0.001
94,macro_vix,-0.018878212207215996,0.018878212207215996,1,0.001
94,macro_epu,0.006804743003974947,0.006804743003974947,1,0.001
94,macro_credit_spread,0.0046985475842108715,0.0046985475842108715,1,0.001
94,macro_term_spread,0.0,0.0,0,0.001
94,mom_12_1_x_macro_epu,-0.003635003255352546,0.003635003255352546,1,0.001
94,mom_12_1_x_macro_vix,0.0,0.0,0,0.001
94,tsmom_12_x_macro_epu,0.0,0.0,0,0.001
94,tsmom_12_x_macro_vix,0.0008499438451911003,0.0008499438451911003,1,0.001
94,ma_gap_12m_x_macro_epu,-0.010862553565543585,0.010862553565543585,1,0.001
94,ma_crossover_6_12_x_macro_vix,0.0021668769694895536,0.0021668769694895536,1,0.001
94,reversal_1m_x_macro_epu,-0.0,0.0,0,0.001
94,reversal_1m_x_macro_vix,0.0,0.0,0,0.001
94,reversal_1m_x_macro_credit_spread,0.0,0.0,0,0.001
94,abnormal_log_volume_x_macro_epu,0.002753832946660288,0.002753832946660288,1,0.001
94,abnormal_log_volume_x_macro_vix,-0.0,0.0,0,0.001
94,log_volume_x_macro_credit_spread,0.0,0.0,0,0.001
94,vol_regime_3_12_x_macro_vix,0.0018134242647292118,0.0018134242647292118,1,0.001
94,vol_regime_3_12_x_macro_term_spread,-0.00047922386220634926,0.00047922386220634926,1,0.001
94,vol_12m_x_macro_credit_spread,-0.021403947464651466,0.021403947464651466,1,0.001
95,mom_12_1,-0.0,0.0,0,0.001
95,mom_6_1,0.0012574376750122684,0.0012574376750122684,1,0.001
95,mom_3_1,-0.0,0.0,0,0.001
95,tsmom_12,-0.0,0.0,0,0.001
95,tsmom_sign_12,-0.0,0.0,0,0.001
95,reversal_1m,0.0,0.0,0,0.001
95,ma_gap_12m,-0.0,0.0,0,0.001
95,ma_crossover_6_12,0.00358263616252791,0.00358263616252791,1,0.001
95,vol_3m,-0.0,0.0,0,0.001
95,vol_12m,0.022535572216399576,0.022535572216399576,1,0.001
95,vol_regime_3_12,-0.0,0.0,0,0.001
95,log_volume,-0.004545029098822783,0.004545029098822783,1,0.001
95,abnormal_log_volume,-0.0,0.0,0,0.001
95,macro_vix,-0.018410991156568655,0.018410991156568655,1,0.001
95,macro_epu,0.0068107243930877375,0.0068107243930877375,1,0.001
95,macro_credit_spread,0.005154332379554134,0.005154332379554134,1,0.001
95,macro_term_spread,0.0,0.0,0,0.001
95,mom_12_1_x_macro_epu,-0.003989382197704639,0.003989382197704639,1,0.001
95,mom_12_1_x_macro_vix,0.0,0.0,0,0.001
95,tsmom_12_x_macro_epu,0.0,0.0,0,0.001
95,tsmom_12_x_macro_vix,0.0014137859516951466,0.0014137859516951466,1,0.001
95,ma_gap_12m_x_macro_epu,-0.01094057007849327,0.01094057007849327,1,0.001
95,ma_crossover_6_12_x_macro_vix,0.002535618718279679,0.002535618718279679,1,0.001
95,reversal_1m_x_macro_epu,-0.0,0.0,0,0.001
95,reversal_1m_x_macro_vix,0.0,0.0,0,0.001
95,reversal_1m_x_macro_credit_spread,0.0,0.0,0,0.001
95,abnormal_log_volume_x_macro_epu,0.0025568710180961553,0.0025568710180961553,1,0.001
95,abnormal_log_volume_x_macro_vix,-0.0,0.0,0,0.001
95,log_volume_x_macro_credit_spread,0.0,0.0,0,0.001
95,vol_regime_3_12_x_macro_vix,0.0018536246908012431,0.0018536246908012431,1,0.001
95,vol_regime_3_12_x_macro_term_spread,-0.0004724078381957265,0.0004724078381957265,1,0.001
95,vol_12m_x_macro_credit_spread,-0.023309001219301573,0.023309001219301573,1,0.001
96,mom_12_1,-0.0,0.0,0,0.001
96,mom_6_1,0.0013845836027336937,0.0013845836027336937,1,0.001
96,mom_3_1,-0.0,0.0,0,0.001
96,tsmom_12,-0.0,0.0,0,0.001
96,tsmom_sign_12,-0.0,0.0,0,0.001
96,reversal_1m,0.0,0.0,0,0.001
96,ma_gap_12m,-0.0,0.0,0,0.001
96,ma_crossover_6_12,0.003797542945829361,0.003797542945829361,1,0.001
96,vol_3m,-0.0,0.0,0,0.001
96,vol_12m,0.02460161085952491,0.02460161085952491,1,0.001
96,vol_regime_3_12,-0.0,0.0,0,0.001
96,log_volume,-0.0049085772129379346,0.0049085772129379346,1,0.001
96,abnormal_log_volume,-0.0,0.0,0,0.001
96,macro_vix,-0.019820607247126757,0.019820607247126757,1,0.001
96,macro_epu,0.006991743888634814,0.006991743888634814,1,0.001
96,macro_credit_spread,0.006749026686238916,0.006749026686238916,1,0.001
96,macro_term_spread,0.0,0.0,0,0.001
96,mom_12_1_x_macro_epu,-0.0036510828474517936,0.0036510828474517936,1,0.001
96,mom_12_1_x_macro_vix,0.0,0.0,0,0.001
96,tsmom_12_x_macro_epu,0.0,0.0,0,0.001
96,tsmom_12_x_macro_vix,0.0011075794055427262,0.0011075794055427262,1,0.001
96,ma_gap_12m_x_macro_epu,-0.011136947280662904,0.011136947280662904,1,0.001
96,ma_crossover_6_12_x_macro_vix,0.0022519258595385446,0.0022519258595385446,1,0.001
96,reversal_1m_x_macro_epu,-0.0,0.0,0,0.001
96,reversal_1m_x_macro_vix,1.603528542193007e-05,1.603528542193007e-05,1,0.001
96,reversal_1m_x_macro_credit_spread,0.0,0.0,0,0.001
96,abnormal_log_volume_x_macro_epu,0.002341842905731311,0.002341842905731311,1,0.001
96,abnormal_log_volume_x_macro_vix,-0.0,0.0,0,0.001
96,log_volume_x_macro_credit_spread,0.0,0.0,0,0.001
96,vol_regime_3_12_x_macro_vix,0.001682524892794373,0.001682524892794373,1,0.001
96,vol_regime_3_12_x_macro_term_spread,-0.000329990967639653,0.000329990967639653,1,0.001
96,vol_12m_x_macro_credit_spread,-0.02520325559719295,0.02520325559719295,1,0.001
97,mom_12_1,-0.0,0.0,0,0.001
97,mom_6_1,0.0012804791585976551,0.0012804791585976551,1,0.001
97,mom_3_1,-0.0,0.0,0,0.001
97,tsmom_12,-0.0,0.0,0,0.001
97,tsmom_sign_12,-0.0,0.0,0,0.001
97,reversal_1m,0.0,0.0,0,0.001
97,ma_gap_12m,-0.0,0.0,0,0.001
97,ma_crossover_6_12,0.004070496694883798,0.004070496694883798,1,0.001
97,vol_3m,-0.0,0.0,0,0.001
97,vol_12m,0.02612919002974157,0.02612919002974157,1,0.001
97,vol_regime_3_12,-0.0,0.0,0,0.001
97,log_volume,-0.004745414769969622,0.004745414769969622,1,0.001
97,abnormal_log_volume,-0.0,0.0,0,0.001
97,macro_vix,-0.020205625139144527,0.020205625139144527,1,0.001
97,macro_epu,0.006911593280946729,0.006911593280946729,1,0.001
97,macro_credit_spread,0.007558208741452246,0.007558208741452246,1,0.001
97,macro_term_spread,0.0,0.0,0,0.001
97,mom_12_1_x_macro_epu,-0.0037522720559662274,0.0037522720559662274,1,0.001
97,mom_12_1_x_macro_vix,0.0,0.0,0,0.001
97,tsmom_12_x_macro_epu,0.0,0.0,0,0.001
97,tsmom_12_x_macro_vix,0.0012824189877991476,0.0012824189877991476,1,0.001
97,ma_gap_12m_x_macro_epu,-0.010934192843346483,0.010934192843346483,1,0.001
97,ma_crossover_6_12_x_macro_vix,0.0019105721544052255,0.0019105721544052255,1,0.001
97,reversal_1m_x_macro_epu,-0.0,0.0,0,0.001
97,reversal_1m_x_macro_vix,0.00020031670578148894,0.00020031670578148894,1,0.001
97,reversal_1m_x_macro_credit_spread,0.0,0.0,0,0.001
97,abnormal_log_volume_x_macro_epu,0.002272359105208499,0.002272359105208499,1,0.001
97,abnormal_log_volume_x_macro_vix,-0.0,0.0,0,0.001
97,log_volume_x_macro_credit_spread,0.0,0.0,0,0.001
97,vol_regime_3_12_x_macro_vix,0.0017729256861944568,0.0017729256861944568,1,0.001
97,vol_regime_3_12_x_macro_term_spread,-0.0003950113734534318,0.0003950113734534318,1,0.001
97,vol_12m_x_macro_credit_spread,-0.026571337182325128,0.026571337182325128,1,0.001
98,mom_12_1,-0.0,0.0,0,0.0025
98,mom_6_1,0.00011359431256025117,0.00011359431256025117,1,0.0025
98,mom_3_1,-0.0,0.0,0,0.0025
98,tsmom_12,-0.0,0.0,0,0.0025
98,tsmom_sign_12,-0.0,0.0,0,0.0025
98,reversal_1m,0.0,0.0,0,0.0025
98,ma_gap_12m,-0.0,0.0,0,0.0025
98,ma_crossover_6_12,0.002902434162519582,0.002902434162519582,1,0.0025
98,vol_3m,0.0,0.0,0,0.0025
98,vol_12m,0.0027493863772596,0.0027493863772596,1,0.0025
98,vol_regime_3_12,0.0,0.0,0,0.0025
98,log_volume,-0.00376076342519966,0.00376076342519966,1,0.0025
98,abnormal_log_volume,0.0,0.0,0,0.0025
98,macro_vix,-0.016243716557534496,0.016243716557534496,1,0.0025
98,macro_epu,0.002610034384953844,0.002610034384953844,1,0.0025
98,macro_credit_spread,-0.0,0.0,0,0.0025
98,macro_term_spread,0.0,0.0,0,0.0025
98,mom_12_1_x_macro_epu,-2.5715311650132056e-05,2.5715311650132056e-05,1,0.0025
98,mom_12_1_x_macro_vix,-0.0,0.0,0,0.0025
98,tsmom_12_x_macro_epu,-0.0,0.0,0,0.0025
98,tsmom_12_x_macro_vix,-0.0,0.0,0,0.0025
98,ma_gap_12m_x_macro_epu,-0.008472629444631495,0.008472629444631495,1,0.0025
98,ma_crossover_6_12_x_macro_vix,0.0,0.0,0,0.0025
98,reversal_1m_x_macro_epu,0.0,0.0,0,0.0025
98,reversal_1m_x_macro_vix,0.0,0.0,0,0.0025
98,reversal_1m_x_macro_credit_spread,0.0,0.0,0,0.0025
98,abnormal_log_volume_x_macro_epu,0.0020972118731950717,0.0020972118731950717,1,0.0025
98,abnormal_log_volume_x_macro_vix,0.0,0.0,0,0.0025
98,log_volume_x_macro_credit_spread,-0.0005297851515970841,0.0005297851515970841,1,0.0025
98,vol_regime_3_12_x_macro_vix,0.00047109414082603413,0.00047109414082603413,1,0.0025
98,vol_regime_3_12_x_macro_term_spread,-0.0,0.0,0,0.0025
98,vol_12m_x_macro_credit_spread,-0.0,0.0,0,0.0025
99,mom_12_1,-0.0,0.0,0,0.0025
99,mom_6_1,0.0005283380964613971,0.0005283380964613971,1,0.0025
99,mom_3_1,-0.0,0.0,0,0.0025
99,tsmom_12,-0.0,0.0,0,0.0025
99,tsmom_sign_12,-0.0,0.0,0,0.0025
99,reversal_1m,0.0,0.0,0,0.0025
99,ma_gap_12m,-0.0,0.0,0,0.0025
99,ma_crossover_6_12,0.002766496351689946,0.002766496351689946,1,0.0025
99,vol_3m,0.0,0.0,0,0.0025
99,vol_12m,0.0027262848076976174,0.0027262848076976174,1,0.0025
99,vol_regime_3_12,0.0,0.0,0,0.0025
99,log_volume,-0.003727247228250348,0.003727247228250348,1,0.0025
99,abnormal_log_volume,0.0,0.0,0,0.0025
99,macro_vix,-0.01626126164861947,0.01626126164861947,1,0.0025
99,macro_epu,0.002275487709400824,0.002275487709400824,1,0.0025
99,macro_credit_spread,-0.0,0.0,0,0.0025
99,macro_term_spread,1.6984474236328517e-05,1.6984474236328517e-05,1,0.0025
99,mom_12_1_x_macro_epu,-0.0,0.0,0,0.0025
99,mom_12_1_x_macro_vix,-0.0,0.0,0,0.0025
99,tsmom_12_x_macro_epu,-0.0,0.0,0,0.0025
99,tsmom_12_x_macro_vix,-0.0,0.0,0,0.0025
99,ma_gap_12m_x_macro_epu,-0.00849197819875225,0.00849197819875225,1,0.0025
99,ma_crossover_6_12_x_macro_vix,0.0,0.0,0,0.0025
99,reversal_1m_x_macro_epu,0.0,0.0,0,0.0025
99,reversal_1m_x_macro_vix,0.0,0.0,0,0.0025
99,reversal_1m_x_macro_credit_spread,0.0,0.0,0,0.0025
99,abnormal_log_volume_x_macro_epu,0.001584097343080991,0.001584097343080991,1,0.0025
99,abnormal_log_volume_x_macro_vix,0.0,0.0,0,0.0025
99,log_volume_x_macro_credit_spread,-0.0,0.0,0,0.0025
99,vol_regime_3_12_x_macro_vix,0.0004885264755684876,0.0004885264755684876,1,0.0025
99,vol_regime_3_12_x_macro_term_spread,-0.0,0.0,0,0.0025
99,vol_12m_x_macro_credit_spread,-0.0,0.0,0,0.0025
100,mom_12_1,-0.0,0.0,0,0.0025
100,mom_6_1,0.0005029732349771238,0.0005029732349771238,1,0.0025
100,mom_3_1,-0.0,0.0,0,0.0025
100,tsmom_12,-0.0,0.0,0,0.0025
100,tsmom_sign_12,-0.0,0.0,0,0.0025
100,reversal_1m,0.0,0.0,0,0.0025
100,ma_gap_12m,-0.0,0.0,0,0.0025
100,ma_crossover_6_12,0.002407678068978889,0.002407678068978889,1,0.0025
100,vol_3m,0.0,0.0,0,0.0025
100,vol_12m,0.0029375687793198636,0.0029375687793198636,1,0.0025
100,vol_regime_3_12,0.0,0.0,0,0.0025
100,log_volume,-0.0035852486961122066,0.0035852486961122066,1,0.0025
100,abnormal_log_volume,0.0,0.0,0,0.0025
100,macro_vix,-0.01702574645763201,0.01702574645763201,1,0.0025
100,macro_epu,0.002864460342559225,0.002864460342559225,1,0.0025
100,macro_credit_spread,0.0,0.0,0,0.0025
100,macro_term_spread,6.509085782831367e-05,6.509085782831367e-05,1,0.0025
100,mom_12_1_x_macro_epu,-0.0,0.0,0,0.0025
100,mom_12_1_x_macro_vix,-0.0,0.0,0,0.0025
100,tsmom_12_x_macro_epu,-0.0,0.0,0,0.0025
100,tsmom_12_x_macro_vix,-0.0,0.0,0,0.0025
100,ma_gap_12m_x_macro_epu,-0.008050014122879237,0.008050014122879237,1,0.0025
100,ma_crossover_6_12_x_macro_vix,0.0,0.0,0,0.0025
100,reversal_1m_x_macro_epu,0.0,0.0,0,0.0025
100,reversal_1m_x_macro_vix,0.00027144306158802224,0.00027144306158802224,1,0.0025
100,reversal_1m_x_macro_credit_spread,0.0,0.0,0,0.0025
100,abnormal_log_volume_x_macro_epu,0.001724039055228691,0.001724039055228691,1,0.0025
100,abnormal_log_volume_x_macro_vix,0.0,0.0,0,0.0025
100,log_volume_x_macro_credit_spread,-0.0,0.0,0,0.0025
100,vol_regime_3_12_x_macro_vix,0.00032174811017369803,0.00032174811017369803,1,0.0025
100,vol_regime_3_12_x_macro_term_spread,-0.0,0.0,0,0.0025
100,vol_12m_x_macro_credit_spread,-0.0,0.0,0,0.0025
101,mom_12_1,-0.0,0.0,0,0.0025
101,mom_6_1,0.00034082327652037206,0.00034082327652037206,1,0.0025
101,mom_3_1,-0.0,0.0,0,0.0025
101,tsmom_12,-0.0,0.0,0,0.0025
101,tsmom_sign_12,-0.0,0.0,0,0.0025
101,reversal_1m,0.0,0.0,0,0.0025
101,ma_gap_12m,-0.0,0.0,0,0.0025
101,ma_crossover_6_12,0.0024778008660766926,0.0024778008660766926,1,0.0025
101,vol_3m,0.0,0.0,0,0.0025
101,vol_12m,0.002784388505780699,0.002784388505780699,1,0.0025
101,vol_regime_3_12,0.0,0.0,0,0.0025
101,log_volume,-0.003309179447637595,0.003309179447637595,1,0.0025
101,abnormal_log_volume,0.0,0.0,0,0.0025
101,macro_vix,-0.016852183202376612,0.016852183202376612,1,0.0025
101,macro_epu,0.0026028929562660094,0.0026028929562660094,1,0.0025
101,macro_credit_spread,0.0,0.0,0,0.0025
101,macro_term_spread,0.0003925739127718728,0.0003925739127718728,1,0.0025
101,mom_12_1_x_macro_epu,-0.0,0.0,0,0.0025
101,mom_12_1_x_macro_vix,-0.0,0.0,0,0.0025
101,tsmom_12_x_macro_epu,-0.0,0.0,0,0.0025
101,tsmom_12_x_macro_vix,-0.0,0.0,0,0.0025
101,ma_gap_12m_x_macro_epu,-0.008142576345221494,0.008142576345221494,1,0.0025
101,ma_crossover_6_12_x_macro_vix,0.0,0.0,0,0.0025
101,reversal_1m_x_macro_epu,0.0,0.0,0,0.0025
101,reversal_1m_x_macro_vix,0.0002672558235092841,0.0002672558235092841,1,0.0025
101,reversal_1m_x_macro_credit_spread,0.0,0.0,0,0.0025
101,abnormal_log_volume_x_macro_epu,0.0018324498153118906,0.0018324498153118906,1,0.0025
101,abnormal_log_volume_x_macro_vix,0.0,0.0,0,0.0025
101,log_volume_x_macro_credit_spread,-0.0,0.0,0,0.0025
101,vol_regime_3_12_x_macro_vix,0.0004092776432566948,0.0004092776432566948,1,0.0025
101,vol_regime_3_12_x_macro_term_spread,-0.0,0.0,0,0.0025
101,vol_12m_x_macro_credit_spread,-0.0,0.0,0,0.0025
102,mom_12_1,0.0,0.0,0,0.0025
102,mom_6_1,0.00023038780242339677,0.00023038780242339677,1,0.0025
102,mom_3_1,-0.0,0.0,0,0.0025
102,tsmom_12,-0.0,0.0,0,0.0025
102,tsmom_sign_12,-0.0,0.0,0,0.0025
102,reversal_1m,0.0,0.0,0,0.0025
102,ma_gap_12m,-0.0,0.0,0,0.0025
102,ma_crossover_6_12,0.00238626606058086,0.00238626606058086,1,0.0025
102,vol_3m,0.0,0.0,0,0.0025
102,vol_12m,0.002873100953530858,0.002873100953530858,1,0.0025
102,vol_regime_3_12,0.0,0.0,0,0.0025
102,log_volume,-0.003428650751002278,0.003428650751002278,1,0.0025
102,abnormal_log_volume,0.0,0.0,0,0.0025
102,macro_vix,-0.016750133398882167,0.016750133398882167,1,0.0025
102,macro_epu,0.0022900553344920426,0.0022900553344920426,1,0.0025
102,macro_credit_spread,0.0,0.0,0,0.0025
102,macro_term_spread,0.00041333587034860577,0.00041333587034860577,1,0.0025
102,mom_12_1_x_macro_epu,-0.0,0.0,0,0.0025
102,mom_12_1_x_macro_vix,0.0,0.0,0,0.0025
102,tsmom_12_x_macro_epu,-0.0,0.0,0,0.0025
102,tsmom_12_x_macro_vix,-0.0,0.0,0,0.0025
102,ma_gap_12m_x_macro_epu,-0.007987174645001677,0.007987174645001677,1,0.0025
102,ma_crossover_6_12_x_macro_vix,0.0,0.0,0,0.0025
102,reversal_1m_x_macro_epu,0.0,0.0,0,0.0025
102,reversal_1m_x_macro_vix,0.00020002733318367732,0.00020002733318367732,1,0.0025
102,reversal_1m_x_macro_credit_spread,0.0,0.0,0,0.0025
102,abnormal_log_volume_x_macro_epu,0.0018556587570157993,0.0018556587570157993,1,0.0025
102,abnormal_log_volume_x_macro_vix,0.0,0.0,0,0.0025
102,log_volume_x_macro_credit_spread,-0.0,0.0,0,0.0025
102,vol_regime_3_12_x_macro_vix,0.00038141711942841025,0.00038141711942841025,1,0.0025
102,vol_regime_3_12_x_macro_term_spread,-0.0,0.0,0,0.0025
102,vol_12m_x_macro_credit_spread,-0.0,0.0,0,0.0025
103,mom_12_1,-0.0,0.0,0,0.0025
103,mom_6_1,0.0003209022348460853,0.0003209022348460853,1,0.0025
103,mom_3_1,-0.0,0.0,0,0.0025
103,tsmom_12,-0.0,0.0,0,0.0025
103,tsmom_sign_12,-0.0,0.0,0,0.0025
103,reversal_1m,0.0,0.0,0,0.0025
103,ma_gap_12m,-0.0,0.0,0,0.0025
103,ma_crossover_6_12,0.003195349128737026,0.003195349128737026,1,0.0025
103,vol_3m,0.0,0.0,0,0.0025
103,vol_12m,0.0032587403729527117,0.0032587403729527117,1,0.0025
103,vol_regime_3_12,0.0,0.0,0,0.0025
103,log_volume,-0.004136706744115309,0.004136706744115309,1,0.0025
103,abnormal_log_volume,0.0,0.0,0,0.0025
103,macro_vix,-0.017943478865220398,0.017943478865220398,1,0.0025
103,macro_epu,0.0033592996518859056,0.0033592996518859056,1,0.0025
103,macro_credit_spread,-0.0,0.0,0,0.0025
103,macro_term_spread,0.0,0.0,0,0.0025
103,mom_12_1_x_macro_epu,-0.0,0.0,0,0.0025
103,mom_12_1_x_macro_vix,0.0,0.0,0,0.0025
103,tsmom_12_x_macro_epu,-0.0,0.0,0,0.0025
103,tsmom_12_x_macro_vix,0.0,0.0,0,0.0025
103,ma_gap_12m_x_macro_epu,-0.00846461982360748,0.00846461982360748,1,0.0025
103,ma_crossover_6_12_x_macro_vix,0.0,0.0,0,0.0025
103,reversal_1m_x_macro_epu,0.0,0.0,0,0.0025
103,reversal_1m_x_macro_vix,9.773650847332368e-05,9.773650847332368e-05,1,0.0025
103,reversal_1m_x_macro_credit_spread,0.0,0.0,0,0.0025
103,abnormal_log_volume_x_macro_epu,0.0020698551161223828,0.0020698551161223828,1,0.0025
103,abnormal_log_volume_x_macro_vix,0.0,0.0,0,0.0025
103,log_volume_x_macro_credit_spread,-0.0,0.0,0,0.0025
103,vol_regime_3_12_x_macro_vix,0.0002836386384331184,0.0002836386384331184,1,0.0025
103,vol_regime_3_12_x_macro_term_spread,-0.0,0.0,0,0.0025
103,vol_12m_x_macro_credit_spread,-0.0,0.0,0,0.0025
104,mom_12_1,-0.0,0.0,0,0.0025
104,mom_6_1,0.00020154499671679269,0.00020154499671679269,1,0.0025
104,mom_3_1,-0.0,0.0,0,0.0025
104,tsmom_12,-0.0,0.0,0,0.0025
104,tsmom_sign_12,-0.0,0.0,0,0.0025
104,reversal_1m,0.0,0.0,0,0.0025
104,ma_gap_12m,-0.0,0.0,0,0.0025
104,ma_crossover_6_12,0.0032838461265659743,0.0032838461265659743,1,0.0025
104,vol_3m,0.0,0.0,0,0.0025
104,vol_12m,0.003165255779642879,0.003165255779642879,1,0.0025
104,vol_regime_3_12,0.0,0.0,0,0.0025
104,log_volume,-0.00420472918334735,0.00420472918334735,1,0.0025
104,abnormal_log_volume,0.0,0.0,0,0.0025
104,macro_vix,-0.017381701718287897,0.017381701718287897,1,0.0025
104,macro_epu,0.0033395993717216703,0.0033395993717216703,1,0.0025
104,macro_credit_spread,-0.0,0.0,0,0.0025
104,macro_term_spread,0.0,0.0,0,0.0025
104,mom_12_1_x_macro_epu,-0.0,0.0,0,0.0025
104,mom_12_1_x_macro_vix,0.0,0.0,0,0.0025
104,tsmom_12_x_macro_epu,-0.0,0.0,0,0.0025
104,tsmom_12_x_macro_vix,0.0,0.0,0,0.0025
104,ma_gap_12m_x_macro_epu,-0.008830478970706213,0.008830478970706213,1,0.0025
104,ma_crossover_6_12_x_macro_vix,0.0,0.0,0,0.0025
104,reversal_1m_x_macro_epu,0.0,0.0,0,0.0025
104,reversal_1m_x_macro_vix,0.00015148576240862964,0.00015148576240862964,1,0.0025
104,reversal_1m_x_macro_credit_spread,0.0,0.0,0,0.0025
104,abnormal_log_volume_x_macro_epu,0.002140744819607894,0.002140744819607894,1,0.0025
104,abnormal_log_volume_x_macro_vix,0.0,0.0,0,0.0025
104,log_volume_x_macro_credit_spread,-0.0007353331657271899,0.0007353331657271899,1,0.0025
104,vol_regime_3_12_x_macro_vix,0.0003040510496266217,0.0003040510496266217,1,0.0025
104,vol_regime_3_12_x_macro_term_spread,-0.0,0.0,0,0.0025
104,vol_12m_x_macro_credit_spread,-0.0,0.0,0,0.0025
105,mom_12_1,-0.0,0.0,0,0.001
105,mom_6_1,0.002348950746485212,0.002348950746485212,1,0.001
105,mom_3_1,-0.0009369933357503159,0.0009369933357503159,1,0.001
105,tsmom_12,-0.0,0.0,0,0.001
105,tsmom_sign_12,-0.0,0.0,0,0.001
105,reversal_1m,-0.0,0.0,0,0.001
105,ma_gap_12m,-0.0,0.0,0,0.001
105,ma_crossover_6_12,0.0,0.0,0,0.001
105,vol_3m,0.0,0.0,0,0.001
105,vol_12m,0.024085457869923083,0.024085457869923083,1,0.001
105,vol_regime_3_12,-0.0,0.0,0,0.001
105,log_volume,-0.005154924415893516,0.005154924415893516,1,0.001
105,abnormal_log_volume,-0.0,0.0,0,0.001
105,macro_vix,-0.014104625317893403,0.014104625317893403,1,0.001
105,macro_epu,0.0052189660038338285,0.0052189660038338285,1,0.001
105,macro_credit_spread,0.003578836315498861,0.003578836315498861,1,0.001
105,macro_term_spread,1.3376654826572415e-05,1.3376654826572415e-05,1,0.001
105,mom_12_1_x_macro_epu,-0.005972134794503921,0.005972134794503921,1,0.001
105,mom_12_1_x_macro_vix,0.0,0.0,0,0.001
105,tsmom_12_x_macro_epu,-0.0,0.0,0,0.001
105,tsmom_12_x_macro_vix,0.002285048922070799,0.002285048922070799,1,0.001
105,ma_gap_12m_x_macro_epu,-0.011222584894261266,0.011222584894261266,1,0.001
105,ma_crossover_6_12_x_macro_vix,0.007076937795191211,0.007076937795191211,1,0.001
105,reversal_1m_x_macro_epu,-0.0022286011619145505,0.0022286011619145505,1,0.001
105,reversal_1m_x_macro_vix,0.0027565413503581214,0.0027565413503581214,1,0.001
105,reversal_1m_x_macro_credit_spread,-0.0,0.0,0,0.001
105,abnormal_log_volume_x_macro_epu,0.0031289702122197336,0.0031289702122197336,1,0.001
105,abnormal_log_volume_x_macro_vix,0.0,0.0,0,0.001
105,log_volume_x_macro_credit_spread,0.0,0.0,0,0.001
105,vol_regime_3_12_x_macro_vix,0.0007390858953781245,0.0007390858953781245,1,0.001
105,vol_regime_3_12_x_macro_term_spread,-0.0,0.0,0,0.001
105,vol_12m_x_macro_credit_spread,-0.023820497444224122,0.023820497444224122,1,0.001
106,mom_12_1,0.0,0.0,0,0.001
106,mom_6_1,0.002127366854759031,0.002127366854759031,1,0.001
106,mom_3_1,-0.0007599537113132687,0.0007599537113132687,1,0.001
106,tsmom_12,-0.0,0.0,0,0.001
106,tsmom_sign_12,-0.0,0.0,0,0.001
106,reversal_1m,0.0,0.0,0,0.001
106,ma_gap_12m,-0.0023860133681466787,0.0023860133681466787,1,0.001
106,ma_crossover_6_12,0.0,0.0,0,0.001
106,vol_3m,0.0,0.0,0,0.001
106,vol_12m,0.03134064242848359,0.03134064242848359,1,0.001
106,vol_regime_3_12,0.0,0.0,0,0.001
106,log_volume,-0.005694060835470417,0.005694060835470417,1,0.001
106,abnormal_log_volume,-0.0,0.0,0,0.001
106,macro_vix,-0.017485737964032824,0.017485737964032824,1,0.001
106,macro_epu,0.004977174029053645,0.004977174029053645,1,0.001
106,macro_credit_spread,0.005743901563553551,0.005743901563553551,1,0.001
106,macro_term_spread,0.0011461666947550921,0.0011461666947550921,1,0.001
106,mom_12_1_x_macro_epu,-0.006921020466380982,0.006921020466380982,1,0.001
106,mom_12_1_x_macro_vix,0.0,0.0,0,0.001
106,tsmom_12_x_macro_epu,-0.0,0.0,0,0.001
106,tsmom_12_x_macro_vix,0.002650623830362722,0.002650623830362722,1,0.001
106,ma_gap_12m_x_macro_epu,-0.007927107269614559,0.007927107269614559,1,0.001
106,ma_crossover_6_12_x_macro_vix,0.006372002545695176,0.006372002545695176,1,0.001
106,reversal_1m_x_macro_epu,-0.00020715738965352995,0.00020715738965352995,1,0.001
106,reversal_1m_x_macro_vix,0.0,0.0,0,0.001
106,reversal_1m_x_macro_credit_spread,0.0,0.0,0,0.001
106,abnormal_log_volume_x_macro_epu,0.0033725403115452374,0.0033725403115452374,1,0.001
106,abnormal_log_volume_x_macro_vix,0.0,0.0,0,0.001
106,log_volume_x_macro_credit_spread,-0.0,0.0,0,0.001
106,vol_regime_3_12_x_macro_vix,0.0001320928313425801,0.0001320928313425801,1,0.001
106,vol_regime_3_12_x_macro_term_spread,0.0,0.0,0,0.001
106,vol_12m_x_macro_credit_spread,-0.03146934022911301,0.03146934022911301,1,0.001
107,mom_12_1,0.0,0.0,0,0.0005
107,mom_6_1,0.003363395235171966,0.003363395235171966,1,0.0005
107,mom_3_1,-0.001028180022853351,0.001028180022853351,1,0.0005
107,tsmom_12,-0.01056754670700262,0.01056754670700262,1,0.0005
107,tsmom_sign_12,0.0,0.0,0,0.0005
107,reversal_1m,0.008085838770388496,0.008085838770388496,1,0.0005
107,ma_gap_12m,-0.004590149251763708,0.004590149251763708,1,0.0005
107,ma_crossover_6_12,0.0030242243860662504,0.0030242243860662504,1,0.0005
107,vol_3m,-0.0,0.0,0,0.0005
107,vol_12m,0.04465217505011277,0.04465217505011277,1,0.0005
107,vol_regime_3_12,-0.0,0.0,0,0.0005
107,log_volume,-0.006336000259389904,0.006336000259389904,1,0.0005
107,abnormal_log_volume,0.0,0.0,0,0.0005
107,macro_vix,-0.028061358415459564,0.028061358415459564,1,0.0005
107,macro_epu,0.006863726112097369,0.006863726112097369,1,0.0005
107,macro_credit_spread,0.013657993811365034,0.013657993811365034,1,0.0005
107,macro_term_spread,0.001709837106837633,0.001709837106837633,1,0.0005
107,mom_12_1_x_macro_epu,-0.013466472558916287,0.013466472558916287,1,0.0005
107,mom_12_1_x_macro_vix,0.003199370919206709,0.003199370919206709,1,0.0005
107,tsmom_12_x_macro_epu,-0.0,0.0,0,0.0005
107,tsmom_12_x_macro_vix,0.017261561099077487,0.017261561099077487,1,0.0005
107,ma_gap_12m_x_macro_epu,-0.005456984395398732,0.005456984395398732,1,0.0005
107,ma_crossover_6_12_x_macro_vix,0.00134967328904658,0.00134967328904658,1,0.0005
107,reversal_1m_x_macro_epu,-0.002636104075118875,0.002636104075118875,1,0.0005
107,reversal_1m_x_macro_vix,-0.0003904427316589145,0.0003904427316589145,1,0.0005
107,reversal_1m_x_macro_credit_spread,-0.005526099643447313,0.005526099643447313,1,0.0005
107,abnormal_log_volume_x_macro_epu,0.0032898612823703214,0.0032898612823703214,1,0.0005
107,abnormal_log_volume_x_macro_vix,0.0,0.0,0,0.0005
107,log_volume_x_macro_credit_spread,-0.0,0.0,0,0.0005
107,vol_regime_3_12_x_macro_vix,-0.0,0.0,0,0.0005
107,vol_regime_3_12_x_macro_term_spread,3.334270404786113e-05,3.334270404786113e-05,1,0.0005
107,vol_12m_x_macro_credit_spread,-0.047019462946773886,0.047019462946773886,1,0.0005
108,mom_12_1,0.0,0.0,0,0.0005
108,mom_6_1,0.0037892212382711695,0.0037892212382711695,1,0.0005
108,mom_3_1,-6.988502288083032e-07,6.988502288083032e-07,1,0.0005
108,tsmom_12,-0.006885036548757237,0.006885036548757237,1,0.0005
108,tsmom_sign_12,-0.0,0.0,0,0.0005
108,reversal_1m,0.004753648741078321,0.004753648741078321,1,0.0005
108,ma_gap_12m,-0.005396344125905372,0.005396344125905372,1,0.0005
108,ma_crossover_6_12,0.003653739034745053,0.003653739034745053,1,0.0005
108,vol_3m,-0.0,0.0,0,0.0005
108,vol_12m,0.03884105977111029,0.03884105977111029,1,0.0005
108,vol_regime_3_12,-0.0006115189457105577,0.0006115189457105577,1,0.0005
108,log_volume,-0.006039491866891431,0.006039491866891431,1,0.0005
108,abnormal_log_volume,-0.0,0.0,0,0.0005
108,macro_vix,-0.027988425488167438,0.027988425488167438,1,0.0005
108,macro_epu,0.0045601176750804,0.0045601176750804,1,0.0005
108,macro_credit_spread,0.013735014521749394,0.013735014521749394,1,0.0005
108,macro_term_spread,0.0021888756850520445,0.0021888756850520445,1,0.0005
108,mom_12_1_x_macro_epu,-0.010028674256931559,0.010028674256931559,1,0.0005
108,mom_12_1_x_macro_vix,0.0008629292640019494,0.0008629292640019494,1,0.0005
108,tsmom_12_x_macro_epu,-0.0,0.0,0,0.0005
108,tsmom_12_x_macro_vix,0.011961032767040577,0.011961032767040577,1,0.0005
108,ma_gap_12m_x_macro_epu,-0.006442558101529374,0.006442558101529374,1,0.0005
108,ma_crossover_6_12_x_macro_vix,0.0019209055990428254,0.0019209055990428254,1,0.0005
108,reversal_1m_x_macro_epu,-0.005354828097830312,0.005354828097830312,1,0.0005
108,reversal_1m_x_macro_vix,0.0,0.0,0,0.0005
108,reversal_1m_x_macro_credit_spread,-0.0,0.0,0,0.0005
108,abnormal_log_volume_x_macro_epu,0.0003730548050940221,0.0003730548050940221,1,0.0005
108,abnormal_log_volume_x_macro_vix,0.002959763439839495,0.002959763439839495,1,0.0005
108,log_volume_x_macro_credit_spread,-0.0,0.0,0,0.0005
108,vol_regime_3_12_x_macro_vix,-0.000507238584028602,0.000507238584028602,1,0.0005
108,vol_regime_3_12_x_macro_term_spread,0.000802974329045698,0.000802974329045698,1,0.0005
108,vol_12m_x_macro_credit_spread,-0.04217033648013025,0.04217033648013025,1,0.0005
109,mom_12_1,0.0,0.0,0,0.001
109,mom_6_1,0.0031178091937602227,0.0031178091937602227,1,0.001
109,mom_3_1,-0.002406968004422015,0.002406968004422015,1,0.001
109,tsmom_12,-0.0,0.0,0,0.001
109,tsmom_sign_12,-0.0,0.0,0,0.001
109,reversal_1m,0.00422958711465692,0.00422958711465692,1,0.001
109,ma_gap_12m,-0.0012147075652072191,0.0012147075652072191,1,0.001
109,ma_crossover_6_12,0.0,0.0,0,0.001
109,vol_3m,-0.0,0.0,0,0.001
109,vol_12m,0.023650219742552055,0.023650219742552055,1,0.001
109,vol_regime_3_12,-0.0,0.0,0,0.001
109,log_volume,-0.005558279218738606,0.005558279218738606,1,0.001
109,abnormal_log_volume,0.0011624752739104857,0.0011624752739104857,1,0.001
109,macro_vix,-0.02592092188413136,0.02592092188413136,1,0.001
109,macro_epu,0.0014984028469270786,0.0014984028469270786,1,0.001
109,macro_credit_spread,0.008769989007842602,0.008769989007842602,1,0.001
109,macro_term_spread,0.0022299722954019392,0.0022299722954019392,1,0.001
109,mom_12_1_x_macro_epu,-0.004809005210839158,0.004809005210839158,1,0.001
109,mom_12_1_x_macro_vix,0.0,0.0,0,0.001
109,tsmom_12_x_macro_epu,-0.0,0.0,0,0.001
109,tsmom_12_x_macro_vix,0.001719171522951732,0.001719171522951732,1,0.001
109,ma_gap_12m_x_macro_epu,-0.008386273422983022,0.008386273422983022,1,0.001
109,ma_crossover_6_12_x_macro_vix,0.0037712379187135533,0.0037712379187135533,1,0.001
109,reversal_1m_x_macro_epu,-0.003681463514638797,0.003681463514638797,1,0.001
109,reversal_1m_x_macro_vix,-0.0,0.0,0,0.001
109,reversal_1m_x_macro_credit_spread,-0.0,0.0,0,0.001
109,abnormal_log_volume_x_macro_epu,0.000865155931955394,0.000865155931955394,1,0.001
109,abnormal_log_volume_x_macro_vix,0.0,0.0,0,0.001
109,log_volume_x_macro_credit_spread,-0.0,0.0,0,0.001
109,vol_regime_3_12_x_macro_vix,-0.0005433477701280329,0.0005433477701280329,1,0.001
109,vol_regime_3_12_x_macro_term_spread,0.0,0.0,0,0.001
109,vol_12m_x_macro_credit_spread,-0.024237102256216097,0.024237102256216097,1,0.001
110,mom_12_1,0.0,0.0,0,0.0005
110,mom_6_1,0.00357473778948817,0.00357473778948817,1,0.0005
110,mom_3_1,-0.002080467940961148,0.002080467940961148,1,0.0005
110,tsmom_12,-0.003953364878215334,0.003953364878215334,1,0.0005
110,tsmom_sign_12,-0.000180856560530705,0.000180856560530705,1,0.0005
110,reversal_1m,0.006688012354516536,0.006688012354516536,1,0.0005
110,ma_gap_12m,-0.0016884136687290766,0.0016884136687290766,1,0.0005
110,ma_crossover_6_12,0.00315542194430295,0.00315542194430295,1,0.0005
110,vol_3m,-0.0,0.0,0,0.0005
110,vol_12m,0.033221892844935506,0.033221892844935506,1,0.0005
110,vol_regime_3_12,-0.0,0.0,0,0.0005
110,log_volume,-0.006432912976962058,0.006432912976962058,1,0.0005
110,abnormal_log_volume,0.0010593434013904622,0.0010593434013904622,1,0.0005
110,macro_vix,-0.030507620597918835,0.030507620597918835,1,0.0005
110,macro_epu,0.002295203037968813,0.002295203037968813,1,0.0005
110,macro_credit_spread,0.017417355005640324,0.017417355005640324,1,0.0005
110,macro_term_spread,0.0017509830707019883,0.0017509830707019883,1,0.0005
110,mom_12_1_x_macro_epu,-0.007975735164069568,0.007975735164069568,1,0.0005
110,mom_12_1_x_macro_vix,0.0,0.0,0,0.0005
110,tsmom_12_x_macro_epu,0.0,0.0,0,0.0005
110,tsmom_12_x_macro_vix,0.007656992602711072,0.007656992602711072,1,0.0005
110,ma_gap_12m_x_macro_epu,-0.011457610456147066,0.011457610456147066,1,0.0005
110,ma_crossover_6_12_x_macro_vix,0.0031644628903697305,0.0031644628903697305,1,0.0005
110,reversal_1m_x_macro_epu,-0.006654873744448037,0.006654873744448037,1,0.0005
110,reversal_1m_x_macro_vix,-0.0,0.0,0,0.0005
110,reversal_1m_x_macro_credit_spread,0.0,0.0,0,0.0005
110,abnormal_log_volume_x_macro_epu,0.0014431344376899602,0.0014431344376899602,1,0.0005
110,abnormal_log_volume_x_macro_vix,0.0,0.0,0,0.0005
110,log_volume_x_macro_credit_spread,-0.0,0.0,0,0.0005
110,vol_regime_3_12_x_macro_vix,-0.0007302901565375787,0.0007302901565375787,1,0.0005
110,vol_regime_3_12_x_macro_term_spread,0.0002558684682183196,0.0002558684682183196,1,0.0005
110,vol_12m_x_macro_credit_spread,-0.03733606929814367,0.03733606929814367,1,0.0005
111,mom_12_1,0.0,0.0,0,0.0005
111,mom_6_1,0.0038623240298690663,0.0038623240298690663,1,0.0005
111,mom_3_1,-0.002668350248259528,0.002668350248259528,1,0.0005
111,tsmom_12,-0.00276945274114103,0.00276945274114103,1,0.0005
111,tsmom_sign_12,-0.00019292472486034538,0.00019292472486034538,1,0.0005
111,reversal_1m,0.0077066558999852606,0.0077066558999852606,1,0.0005
111,ma_gap_12m,-0.0015453922924413871,0.0015453922924413871,1,0.0005
111,ma_crossover_6_12,0.0,0.0,0,0.0005
111,vol_3m,-0.0,0.0,0,0.0005
111,vol_12m,0.03279151204203905,0.03279151204203905,1,0.0005
111,vol_regime_3_12,-0.00034970963879089076,0.00034970963879089076,1,0.0005
111,log_volume,-0.006167506830432164,0.006167506830432164,1,0.0005
111,abnormal_log_volume,0.0013673417308688878,0.0013673417308688878,1,0.0005
111,macro_vix,-0.030495176394905968,0.030495176394905968,1,0.0005
111,macro_epu,0.0023647392157270493,0.0023647392157270493,1,0.0005
111,macro_credit_spread,0.016503401686586053,0.016503401686586053,1,0.0005
111,macro_term_spread,0.002002169793971446,0.002002169793971446,1,0.0005
111,mom_12_1_x_macro_epu,-0.008424464726777773,0.008424464726777773,1,0.0005
111,mom_12_1_x_macro_vix,6.488040459482584e-05,6.488040459482584e-05,1,0.0005
111,tsmom_12_x_macro_epu,0.0,0.0,0,0.0005
111,tsmom_12_x_macro_vix,0.006747490459693349,0.006747490459693349,1,0.0005
111,ma_gap_12m_x_macro_epu,-0.010414207432990747,0.010414207432990747,1,0.0005
111,ma_crossover_6_12_x_macro_vix,0.006015561042492339,0.006015561042492339,1,0.0005
111,reversal_1m_x_macro_epu,-0.007663885462665278,0.007663885462665278,1,0.0005
111,reversal_1m_x_macro_vix,-0.0,0.0,0,0.0005
111,reversal_1m_x_macro_credit_spread,-0.0,0.0,0,0.0005
111,abnormal_log_volume_x_macro_epu,0.0009776500307288052,0.0009776500307288052,1,0.0005
111,abnormal_log_volume_x_macro_vix,0.0,0.0,0,0.0005
111,log_volume_x_macro_credit_spread,-0.0,0.0,0,0.0005
111,vol_regime_3_12_x_macro_vix,-0.00021379244075836094,0.00021379244075836094,1,0.0005
111,vol_regime_3_12_x_macro_term_spread,0.0002962934401969342,0.0002962934401969342,1,0.0005
111,vol_12m_x_macro_credit_spread,-0.037436106190140137,0.037436106190140137,1,0.0005
112,mom_12_1,0.0,0.0,0,0.001
112,mom_6_1,0.0008770704455356489,0.0008770704455356489,1,0.001
112,mom_3_1,-0.0015122693648727597,0.0015122693648727597,1,0.001
112,tsmom_12,-0.0,0.0,0,0.001
112,tsmom_sign_12,-0.0,0.0,0,0.001
112,reversal_1m,0.00527461824912075,0.00527461824912075,1,0.001
112,ma_gap_12m,-0.0,0.0,0,0.001
112,ma_crossover_6_12,0.0016249684768959503,0.0016249684768959503,1,0.001
112,vol_3m,0.0,0.0,0,0.001
112,vol_12m,0.016990765008764838,0.016990765008764838,1,0.001
112,vol_regime_3_12,0.0,0.0,0,0.001
112,log_volume,-0.005524469454697609,0.005524469454697609,1,0.001
112,abnormal_log_volume,0.0018723755243586705,0.0018723755243586705,1,0.001
112,macro_vix,-0.02513136933453441,0.02513136933453441,1,0.001
112,macro_epu,0.0,0.0,0,0.001
112,macro_credit_spread,0.005586807899040066,0.005586807899040066,1,0.001
112,macro_term_spread,0.0027966590424805494,0.0027966590424805494,1,0.001
112,mom_12_1_x_macro_epu,-0.0026939968649122435,0.0026939968649122435,1,0.001
112,mom_12_1_x_macro_vix,0.0,0.0,0,0.001
112,tsmom_12_x_macro_epu,-0.0,0.0,0,0.001
112,tsmom_12_x_macro_vix,0.00047597663277665234,0.00047597663277665234,1,0.001
112,ma_gap_12m_x_macro_epu,-0.008688787558679432,0.008688787558679432,1,0.001
112,ma_crossover_6_12_x_macro_vix,-0.0,0.0,0,0.001
112,reversal_1m_x_macro_epu,-0.004041519017465185,0.004041519017465185,1,0.001
112,reversal_1m_x_macro_vix,-0.0,0.0,0,0.001
112,reversal_1m_x_macro_credit_spread,-0.0,0.0,0,0.001
112,abnormal_log_volume_x_macro_epu,0.0,0.0,0,0.001
112,abnormal_log_volume_x_macro_vix,-0.0,0.0,0,0.001
112,log_volume_x_macro_credit_spread,0.0,0.0,0,0.001
112,vol_regime_3_12_x_macro_vix,-0.001298752362108879,0.001298752362108879,1,0.001
112,vol_regime_3_12_x_macro_term_spread,0.0,0.0,0,0.001
112,vol_12m_x_macro_credit_spread,-0.017187771471202033,0.017187771471202033,1,0.001
113,mom_12_1,0.0,0.0,0,0.005
113,mom_6_1,-0.0,0.0,0,0.005
113,mom_3_1,-0.0013273331335778625,0.0013273331335778625,1,0.005
113,tsmom_12,0.0,0.0,0,0.005
113,tsmom_sign_12,0.0,0.0,0,0.005
113,reversal_1m,0.0,0.0,0,0.005
113,ma_gap_12m,-0.0023499655271353743,0.0023499655271353743,1,0.005
113,ma_crossover_6_12,-0.0,0.0,0,0.005
113,vol_3m,0.0,0.0,0,0.005
113,vol_12m,0.0023748362841261757,0.0023748362841261757,1,0.005
113,vol_regime_3_12,-0.0,0.0,0,0.005
113,log_volume,-0.0016801375423407677,0.0016801375423407677,1,0.005
113,abnormal_log_volume,0.0,0.0,0,0.005
113,macro_vix,-0.021870998345512163,0.021870998345512163,1,0.005
113,macro_epu,-0.0,0.0,0,0.005
113,macro_credit_spread,-0.0,0.0,0,0.005
113,macro_term_spread,0.0010657111926904374,0.0010657111926904374,1,0.005
113,mom_12_1_x_macro_epu,-0.0,0.0,0,0.005
113,mom_12_1_x_macro_vix,0.0,0.0,0,0.005
113,tsmom_12_x_macro_epu,-0.0,0.0,0,0.005
113,tsmom_12_x_macro_vix,0.0,0.0,0,0.005
113,ma_gap_12m_x_macro_epu,-0.0,0.0,0,0.005
113,ma_crossover_6_12_x_macro_vix,-0.004164708703347213,0.004164708703347213,1,0.005
113,reversal_1m_x_macro_epu,-0.0,0.0,0,0.005
113,reversal_1m_x_macro_vix,-0.0,0.0,0,0.005
113,reversal_1m_x_macro_credit_spread,-0.0,0.0,0,0.005
113,abnormal_log_volume_x_macro_epu,0.0,0.0,0,0.005
113,abnormal_log_volume_x_macro_vix,0.0,0.0,0,0.005
113,log_volume_x_macro_credit_spread,-0.0,0.0,0,0.005
113,vol_regime_3_12_x_macro_vix,-0.0,0.0,0,0.005
113,vol_regime_3_12_x_macro_term_spread,-0.0,0.0,0,0.005
113,vol_12m_x_macro_credit_spread,-0.0,0.0,0,0.005
114,mom_12_1,0.0,0.0,0,0.005
114,mom_6_1,-0.0,0.0,0,0.005
114,mom_3_1,-0.001420319679380712,0.001420319679380712,1,0.005
114,tsmom_12,0.0,0.0,0,0.005
114,tsmom_sign_12,0.0,0.0,0,0.005
114,reversal_1m,0.0,0.0,0,0.005
114,ma_gap_12m,-0.001457246235177439,0.001457246235177439,1,0.005
114,ma_crossover_6_12,-0.0,0.0,0,0.005
114,vol_3m,0.0,0.0,0,0.005
114,vol_12m,0.0028026962011877842,0.0028026962011877842,1,0.005
114,vol_regime_3_12,-0.0,0.0,0,0.005
114,log_volume,-0.0014361147742771574,0.0014361147742771574,1,0.005
114,abnormal_log_volume,0.0,0.0,0,0.005
114,macro_vix,-0.022086029888692967,0.022086029888692967,1,0.005
114,macro_epu,-6.594804573467883e-05,6.594804573467883e-05,1,0.005
114,macro_credit_spread,-0.0,0.0,0,0.005
114,macro_term_spread,0.001507833188938878,0.001507833188938878,1,0.005
114,mom_12_1_x_macro_epu,-0.0,0.0,0,0.005
114,mom_12_1_x_macro_vix,0.0,0.0,0,0.005
114,tsmom_12_x_macro_epu,0.0,0.0,0,0.005
114,tsmom_12_x_macro_vix,0.0,0.0,0,0.005
114,ma_gap_12m_x_macro_epu,-0.0,0.0,0,0.005
114,ma_crossover_6_12_x_macro_vix,-0.005943994064338654,0.005943994064338654,1,0.005
114,reversal_1m_x_macro_epu,-0.0,0.0,0,0.005
114,reversal_1m_x_macro_vix,-0.0,0.0,0,0.005
114,reversal_1m_x_macro_credit_spread,-0.0,0.0,0,0.005
114,abnormal_log_volume_x_macro_epu,0.0,0.0,0,0.005
114,abnormal_log_volume_x_macro_vix,0.0,0.0,0,0.005
114,log_volume_x_macro_credit_spread,-0.0,0.0,0,0.005
114,vol_regime_3_12_x_macro_vix,-0.0,0.0,0,0.005
114,vol_regime_3_12_x_macro_term_spread,-0.0,0.0,0,0.005
114,vol_12m_x_macro_credit_spread,0.0,0.0,0,0.005
115,mom_12_1,0.0,0.0,0,0.005
115,mom_6_1,-0.0,0.0,0,0.005
115,mom_3_1,-0.001831178423721065,0.001831178423721065,1,0.005
115,tsmom_12,0.0,0.0,0,0.005
115,tsmom_sign_12,0.0,0.0,0,0.005
115,reversal_1m,0.0,0.0,0,0.005
115,ma_gap_12m,-0.0014737013552573756,0.0014737013552573756,1,0.005
115,ma_crossover_6_12,-0.0,0.0,0,0.005
115,vol_3m,0.0,0.0,0,0.005
115,vol_12m,0.0020788220038429612,0.0020788220038429612,1,0.005
115,vol_regime_3_12,-0.0,0.0,0,0.005
115,log_volume,-0.0014651409464111148,0.0014651409464111148,1,0.005
115,abnormal_log_volume,0.0,0.0,0,0.005
115,macro_vix,-0.02202917723030145,0.02202917723030145,1,0.005
115,macro_epu,-0.0,0.0,0,0.005
115,macro_credit_spread,-0.0,0.0,0,0.005
115,macro_term_spread,0.0015732232801324774,0.0015732232801324774,1,0.005
115,mom_12_1_x_macro_epu,-0.0,0.0,0,0.005
115,mom_12_1_x_macro_vix,0.0,0.0,0,0.005
115,tsmom_12_x_macro_epu,0.0,0.0,0,0.005
115,tsmom_12_x_macro_vix,0.0,0.0,0,0.005
115,ma_gap_12m_x_macro_epu,-0.0,0.0,0,0.005
115,ma_crossover_6_12_x_macro_vix,-0.006079865900222372,0.006079865900222372,1,0.005
115,reversal_1m_x_macro_epu,-0.0,0.0,0,0.005
115,reversal_1m_x_macro_vix,-0.0,0.0,0,0.005
115,reversal_1m_x_macro_credit_spread,-0.0,0.0,0,0.005
115,abnormal_log_volume_x_macro_epu,0.0,0.0,0,0.005
115,abnormal_log_volume_x_macro_vix,0.0,0.0,0,0.005
115,log_volume_x_macro_credit_spread,-0.0,0.0,0,0.005
115,vol_regime_3_12_x_macro_vix,-0.0,0.0,0,0.005
115,vol_regime_3_12_x_macro_term_spread,-0.0,0.0,0,0.005
115,vol_12m_x_macro_credit_spread,0.0,0.0,0,0.005
116,mom_12_1,0.0,0.0,0,0.005
116,mom_6_1,-0.0,0.0,0,0.005
116,mom_3_1,-0.00022759234302725912,0.00022759234302725912,1,0.005
116,tsmom_12,0.0,0.0,0,0.005
116,tsmom_sign_12,-0.0,0.0,0,0.005
116,reversal_1m,0.0,0.0,0,0.005
116,ma_gap_12m,-0.0017773044357078948,0.0017773044357078948,1,0.005
116,ma_crossover_6_12,-0.0,0.0,0,0.005
116,vol_3m,0.0,0.0,0,0.005
116,vol_12m,0.002856568285962097,0.002856568285962097,1,0.005
116,vol_regime_3_12,-0.0,0.0,0,0.005
116,log_volume,-0.0014559628366085863,0.0014559628366085863,1,0.005
116,abnormal_log_volume,0.0,0.0,0,0.005
116,macro_vix,-0.021607180002998112,0.021607180002998112,1,0.005
116,macro_epu,-0.0009536635562830859,0.0009536635562830859,1,0.005
116,macro_credit_spread,-0.0,0.0,0,0.005
116,macro_term_spread,0.002502170521224734,0.002502170521224734,1,0.005
116,mom_12_1_x_macro_epu,-0.0,0.0,0,0.005
116,mom_12_1_x_macro_vix,-0.0,0.0,0,0.005
116,tsmom_12_x_macro_epu,-0.0,0.0,0,0.005
116,tsmom_12_x_macro_vix,0.0,0.0,0,0.005
116,ma_gap_12m_x_macro_epu,-0.0,0.0,0,0.005
116,ma_crossover_6_12_x_macro_vix,-0.006839032763933939,0.006839032763933939,1,0.005
116,reversal_1m_x_macro_epu,-0.0,0.0,0,0.005
116,reversal_1m_x_macro_vix,-0.0,0.0,0,0.005
116,reversal_1m_x_macro_credit_spread,-0.0,0.0,0,0.005
116,abnormal_log_volume_x_macro_epu,0.0,0.0,0,0.005
116,abnormal_log_volume_x_macro_vix,0.0,0.0,0,0.005
116,log_volume_x_macro_credit_spread,-0.0,0.0,0,0.005
116,vol_regime_3_12_x_macro_vix,-0.0,0.0,0,0.005
116,vol_regime_3_12_x_macro_term_spread,-0.0,0.0,0,0.005
116,vol_12m_x_macro_credit_spread,-0.0,0.0,0,0.005
117,mom_12_1,-0.0,0.0,0,0.005
117,mom_6_1,0.0,0.0,0,0.005
117,mom_3_1,-0.0005409648608782669,0.0005409648608782669,1,0.005
117,tsmom_12,-0.0,0.0,0,0.005
117,tsmom_sign_12,-0.0,0.0,0,0.005
117,reversal_1m,0.0,0.0,0,0.005
117,ma_gap_12m,-0.0010549448647694806,0.0010549448647694806,1,0.005
117,ma_crossover_6_12,-0.0,0.0,0,0.005
117,vol_3m,0.0,0.0,0,0.005
117,vol_12m,0.0034972352436043594,0.0034972352436043594,1,0.005
117,vol_regime_3_12,-0.0,0.0,0,0.005
117,log_volume,-0.0016159693089594401,0.0016159693089594401,1,0.005
117,abnormal_log_volume,0.0,0.0,0,0.005
117,macro_vix,-0.021033055466078077,0.021033055466078077,1,0.005
117,macro_epu,-0.0017569477056533034,0.0017569477056533034,1,0.005
117,macro_credit_spread,-0.0,0.0,0,0.005
117,macro_term_spread,0.0028288098754456754,0.0028288098754456754,1,0.005
117,mom_12_1_x_macro_epu,-0.0,0.0,0,0.005
117,mom_12_1_x_macro_vix,-0.0,0.0,0,0.005
117,tsmom_12_x_macro_epu,-0.0,0.0,0,0.005
117,tsmom_12_x_macro_vix,0.0,0.0,0,0.005
117,ma_gap_12m_x_macro_epu,-0.0,0.0,0,0.005
117,ma_crossover_6_12_x_macro_vix,-0.007406357202601261,0.007406357202601261,1,0.005
117,reversal_1m_x_macro_epu,-0.0,0.0,0,0.005
117,reversal_1m_x_macro_vix,-0.0,0.0,0,0.005
117,reversal_1m_x_macro_credit_spread,-0.0,0.0,0,0.005
117,abnormal_log_volume_x_macro_epu,0.0,0.0,0,0.005
117,abnormal_log_volume_x_macro_vix,0.0,0.0,0,0.005
117,log_volume_x_macro_credit_spread,-0.0,0.0,0,0.005
117,vol_regime_3_12_x_macro_vix,-0.00026846625749671923,0.00026846625749671923,1,0.005
117,vol_regime_3_12_x_macro_term_spread,-0.0,0.0,0,0.005
117,vol_12m_x_macro_credit_spread,-0.0,0.0,0,0.005
118,mom_12_1,-0.0,0.0,0,0.005
118,mom_6_1,0.0,0.0,0,0.005
118,mom_3_1,-0.0008888888741222085,0.0008888888741222085,1,0.005
118,tsmom_12,-0.0,0.0,0,0.005
118,tsmom_sign_12,-0.0,0.0,0,0.005
118,reversal_1m,0.0,0.0,0,0.005
118,ma_gap_12m,-0.0008233929145932517,0.0008233929145932517,1,0.005
118,ma_crossover_6_12,-0.0,0.0,0,0.005
118,vol_3m,0.0,0.0,0,0.005
118,vol_12m,0.004172588176703281,0.004172588176703281,1,0.005
118,vol_regime_3_12,-0.0,0.0,0,0.005
118,log_volume,-0.0014633052914466082,0.0014633052914466082,1,0.005
118,abnormal_log_volume,0.0,0.0,0,0.005
118,macro_vix,-0.01922656209031795,0.01922656209031795,1,0.005
118,macro_epu,-0.003062718927403033,0.003062718927403033,1,0.005
118,macro_credit_spread,-0.0,0.0,0,0.005
118,macro_term_spread,0.0034936342511533436,0.0034936342511533436,1,0.005
118,mom_12_1_x_macro_epu,-0.0,0.0,0,0.005
118,mom_12_1_x_macro_vix,-0.0,0.0,0,0.005
118,tsmom_12_x_macro_epu,-0.0,0.0,0,0.005
118,tsmom_12_x_macro_vix,-0.0,0.0,0,0.005
118,ma_gap_12m_x_macro_epu,-0.0,0.0,0,0.005
118,ma_crossover_6_12_x_macro_vix,-0.007233399788599608,0.007233399788599608,1,0.005
118,reversal_1m_x_macro_epu,-0.0,0.0,0,0.005
118,reversal_1m_x_macro_vix,-0.0,0.0,0,0.005
118,reversal_1m_x_macro_credit_spread,-0.0,0.0,0,0.005
118,abnormal_log_volume_x_macro_epu,0.0,0.0,0,0.005
118,abnormal_log_volume_x_macro_vix,-0.0,0.0,0,0.005
118,log_volume_x_macro_credit_spread,-0.0010219300715501257,0.0010219300715501257,1,0.005
118,vol_regime_3_12_x_macro_vix,-0.0007481574404759556,0.0007481574404759556,1,0.005
118,vol_regime_3_12_x_macro_term_spread,-0.0,0.0,0,0.005
118,vol_12m_x_macro_credit_spread,-0.0,0.0,0,0.005
119,mom_12_1,-0.0,0.0,0,0.005
119,mom_6_1,0.0,0.0,0,0.005
119,mom_3_1,-0.0008648543199284392,0.0008648543199284392,1,0.005
119,tsmom_12,-0.0,0.0,0,0.005
119,tsmom_sign_12,-0.0,0.0,0,0.005
119,reversal_1m,0.0,0.0,0,0.005
119,ma_gap_12m,-0.0006233488648959037,0.0006233488648959037,1,0.005
119,ma_crossover_6_12,-0.0,0.0,0,0.005
119,vol_3m,0.0,0.0,0,0.005
119,vol_12m,0.003678943547274273,0.003678943547274273,1,0.005
119,vol_regime_3_12,-0.0,0.0,0,0.005
119,log_volume,-0.0016704435358853079,0.0016704435358853079,1,0.005
119,abnormal_log_volume,0.0,0.0,0,0.005
119,macro_vix,-0.02095651551096398,0.02095651551096398,1,0.005
119,macro_epu,-0.0019619296352492853,0.0019619296352492853,1,0.005
119,macro_credit_spread,-0.0,0.0,0,0.005
119,macro_term_spread,0.003240925792111078,0.003240925792111078,1,0.005
119,mom_12_1_x_macro_epu,-0.0,0.0,0,0.005
119,mom_12_1_x_macro_vix,-0.0,0.0,0,0.005
119,tsmom_12_x_macro_epu,-0.0,0.0,0,0.005
119,tsmom_12_x_macro_vix,-0.0,0.0,0,0.005
119,ma_gap_12m_x_macro_epu,-0.0,0.0,0,0.005
119,ma_crossover_6_12_x_macro_vix,-0.00778419588770947,0.00778419588770947,1,0.005
119,reversal_1m_x_macro_epu,-0.0,0.0,0,0.005
119,reversal_1m_x_macro_vix,-0.0,0.0,0,0.005
119,reversal_1m_x_macro_credit_spread,-0.0,0.0,0,0.005
119,abnormal_log_volume_x_macro_epu,0.0,0.0,0,0.005
119,abnormal_log_volume_x_macro_vix,-0.0,0.0,0,0.005
119,log_volume_x_macro_credit_spread,-0.0,0.0,0,0.005
119,vol_regime_3_12_x_macro_vix,-0.0005077981553833921,0.0005077981553833921,1,0.005
119,vol_regime_3_12_x_macro_term_spread,-0.0,0.0,0,0.005
119,vol_12m_x_macro_credit_spread,-0.0,0.0,0,0.005
120,mom_12_1,-0.0,0.0,0,0.005
120,mom_6_1,0.0,0.0,0,0.005
120,mom_3_1,-0.0008253047734760504,0.0008253047734760504,1,0.005
120,tsmom_12,-0.0,0.0,0,0.005
120,tsmom_sign_12,-0.0,0.0,0,0.005
120,reversal_1m,0.0,0.0,0,0.005
120,ma_gap_12m,-0.000947295964261014,0.000947295964261014,1,0.005
120,ma_crossover_6_12,-0.0,0.0,0,0.005
120,vol_3m,0.0,0.0,0,0.005
120,vol_12m,0.003756326172107138,0.003756326172107138,1,0.005
120,vol_regime_3_12,-0.0,0.0,0,0.005
120,log_volume,-0.0012542844416541753,0.0012542844416541753,1,0.005
120,abnormal_log_volume,0.0,0.0,0,0.005
120,macro_vix,-0.01982784536524119,0.01982784536524119,1,0.005
120,macro_epu,-0.0025602055916589556,0.0025602055916589556,1,0.005
120,macro_credit_spread,-0.0,0.0,0,0.005
120,macro_term_spread,0.00420469249773402,0.00420469249773402,1,0.005
120,mom_12_1_x_macro_epu,-0.0,0.0,0,0.005
120,mom_12_1_x_macro_vix,-0.0,0.0,0,0.005
120,tsmom_12_x_macro_epu,-0.0,0.0,0,0.005
120,tsmom_12_x_macro_vix,-0.0,0.0,0,0.005
120,ma_gap_12m_x_macro_epu,-0.0,0.0,0,0.005
120,ma_crossover_6_12_x_macro_vix,-0.007241413275780146,0.007241413275780146,1,0.005
120,reversal_1m_x_macro_epu,-0.0,0.0,0,0.005
120,reversal_1m_x_macro_vix,-0.0,0.0,0,0.005
120,reversal_1m_x_macro_credit_spread,-0.0,0.0,0,0.005
120,abnormal_log_volume_x_macro_epu,0.0,0.0,0,0.005
120,abnormal_log_volume_x_macro_vix,-0.0,0.0,0,0.005
120,log_volume_x_macro_credit_spread,-0.0010413819861542718,0.0010413819861542718,1,0.005
120,vol_regime_3_12_x_macro_vix,-0.0006435983446613857,0.0006435983446613857,1,0.005
120,vol_regime_3_12_x_macro_term_spread,-0.0,0.0,0,0.005
120,vol_12m_x_macro_credit_spread,-0.0,0.0,0,0.005
121,mom_12_1,-0.0,0.0,0,0.005
121,mom_6_1,0.0,0.0,0,0.005
121,mom_3_1,-0.0007579157673962396,0.0007579157673962396,1,0.005
121,tsmom_12,-0.0,0.0,0,0.005
121,tsmom_sign_12,-0.0,0.0,0,0.005
121,reversal_1m,0.0,0.0,0,0.005
121,ma_gap_12m,-0.0013690363377880158,0.0013690363377880158,1,0.005
121,ma_crossover_6_12,-0.0,0.0,0,0.005
121,vol_3m,0.0,0.0,0,0.005
121,vol_12m,0.0034023455002057997,0.0034023455002057997,1,0.005
121,vol_regime_3_12,-0.0,0.0,0,0.005
121,log_volume,-0.0014012414322771855,0.0014012414322771855,1,0.005
121,abnormal_log_volume,-0.0,0.0,0,0.005
121,macro_vix,-0.021271503679550496,0.021271503679550496,1,0.005
121,macro_epu,-0.0021746861801584553,0.0021746861801584553,1,0.005
121,macro_credit_spread,-0.0,0.0,0,0.005
121,macro_term_spread,0.004767281283234708,0.004767281283234708,1,0.005
121,mom_12_1_x_macro_epu,-0.0,0.0,0,0.005
121,mom_12_1_x_macro_vix,-0.0,0.0,0,0.005
121,tsmom_12_x_macro_epu,-0.0,0.0,0,0.005
121,tsmom_12_x_macro_vix,-0.0,0.0,0,0.005
121,ma_gap_12m_x_macro_epu,-0.0,0.0,0,0.005
121,ma_crossover_6_12_x_macro_vix,-0.007004603619030533,0.007004603619030533,1,0.005
121,reversal_1m_x_macro_epu,-0.0,0.0,0,0.005
121,reversal_1m_x_macro_vix,-0.0,0.0,0,0.005
121,reversal_1m_x_macro_credit_spread,-0.0,0.0,0,0.005
121,abnormal_log_volume_x_macro_epu,-0.0,0.0,0,0.005
121,abnormal_log_volume_x_macro_vix,-0.0,0.0,0,0.005
121,log_volume_x_macro_credit_spread,-0.0,0.0,0,0.005
121,vol_regime_3_12_x_macro_vix,-0.00048299498390014207,0.00048299498390014207,1,0.005
121,vol_regime_3_12_x_macro_term_spread,-0.0,0.0,0,0.005
121,vol_12m_x_macro_credit_spread,0.0,0.0,0,0.005
122,mom_12_1,-0.0,0.0,0,0.005
122,mom_6_1,0.0,0.0,0,0.005
122,mom_3_1,-0.000607194025036438,0.000607194025036438,1,0.005
122,tsmom_12,-0.0,0.0,0,0.005
122,tsmom_sign_12,-0.0,0.0,0,0.005
122,reversal_1m,0.0,0.0,0,0.005
122,ma_gap_12m,-0.0017962318110245285,0.0017962318110245285,1,0.005
122,ma_crossover_6_12,-0.0,0.0,0,0.005
122,vol_3m,0.0,0.0,0,0.005
122,vol_12m,0.003544655083982269,0.003544655083982269,1,0.005
122,vol_regime_3_12,-0.0,0.0,0,0.005
122,log_volume,-0.0015697117441143844,0.0015697117441143844,1,0.005
122,abnormal_log_volume,0.0,0.0,0,0.005
122,macro_vix,-0.019562181723300435,0.019562181723300435,1,0.005
122,macro_epu,-0.0029083281107666094,0.0029083281107666094,1,0.005
122,macro_credit_spread,-0.0,0.0,0,0.005
122,macro_term_spread,0.004381565349542184,0.004381565349542184,1,0.005
122,mom_12_1_x_macro_epu,-0.0,0.0,0,0.005
122,mom_12_1_x_macro_vix,-0.0,0.0,0,0.005
122,tsmom_12_x_macro_epu,-0.0,0.0,0,0.005
122,tsmom_12_x_macro_vix,-0.0,0.0,0,0.005
122,ma_gap_12m_x_macro_epu,-0.0,0.0,0,0.005
122,ma_crossover_6_12_x_macro_vix,-0.0073979257172282886,0.0073979257172282886,1,0.005
122,reversal_1m_x_macro_epu,-0.0,0.0,0,0.005
122,reversal_1m_x_macro_vix,-0.0,0.0,0,0.005
122,reversal_1m_x_macro_credit_spread,-0.0,0.0,0,0.005
122,abnormal_log_volume_x_macro_epu,0.0,0.0,0,0.005
122,abnormal_log_volume_x_macro_vix,-0.0,0.0,0,0.005
122,log_volume_x_macro_credit_spread,-0.0013981843117101512,0.0013981843117101512,1,0.005
122,vol_regime_3_12_x_macro_vix,-0.00033287350631019117,0.00033287350631019117,1,0.005
122,vol_regime_3_12_x_macro_term_spread,-0.0,0.0,0,0.005
122,vol_12m_x_macro_credit_spread,-0.0,0.0,0,0.005
123,mom_12_1,-0.0,0.0,0,0.005
123,mom_6_1,0.0,0.0,0,0.005
123,mom_3_1,-0.0012222577674842108,0.0012222577674842108,1,0.005
123,tsmom_12,-0.0,0.0,0,0.005
123,tsmom_sign_12,-0.0,0.0,0,0.005
123,reversal_1m,0.0,0.0,0,0.005
123,ma_gap_12m,-0.0028260017883724644,0.0028260017883724644,1,0.005
123,ma_crossover_6_12,-0.0,0.0,0,0.005
123,vol_3m,0.0,0.0,0,0.005
123,vol_12m,0.003234444750047003,0.003234444750047003,1,0.005
123,vol_regime_3_12,-0.0,0.0,0,0.005
123,log_volume,-0.0016082356400158966,0.0016082356400158966,1,0.005
123,abnormal_log_volume,0.0,0.0,0,0.005
123,macro_vix,-0.018334455989635037,0.018334455989635037,1,0.005
123,macro_epu,-0.0034813882503251467,0.0034813882503251467,1,0.005
123,macro_credit_spread,-0.0,0.0,0,0.005
123,macro_term_spread,0.004979261669743512,0.004979261669743512,1,0.005
123,mom_12_1_x_macro_epu,-0.0,0.0,0,0.005
123,mom_12_1_x_macro_vix,-0.0,0.0,0,0.005
123,tsmom_12_x_macro_epu,-0.0,0.0,0,0.005
123,tsmom_12_x_macro_vix,-0.0,0.0,0,0.005
123,ma_gap_12m_x_macro_epu,-0.0,0.0,0,0.005
123,ma_crossover_6_12_x_macro_vix,-0.0075229827464159465,0.0075229827464159465,1,0.005
123,reversal_1m_x_macro_epu,-0.0,0.0,0,0.005
123,reversal_1m_x_macro_vix,-0.0,0.0,0,0.005
123,reversal_1m_x_macro_credit_spread,-0.0,0.0,0,0.005
123,abnormal_log_volume_x_macro_epu,-0.0,0.0,0,0.005
123,abnormal_log_volume_x_macro_vix,-0.0,0.0,0,0.005
123,log_volume_x_macro_credit_spread,-0.0030702330025976343,0.0030702330025976343,1,0.005
123,vol_regime_3_12_x_macro_vix,-0.0005480980885429258,0.0005480980885429258,1,0.005
123,vol_regime_3_12_x_macro_term_spread,-0.0,0.0,0,0.005
123,vol_12m_x_macro_credit_spread,-0.0,0.0,0,0.005
124,mom_12_1,0.0,0.0,0,0.0025
124,mom_6_1,0.0,0.0,0,0.0025
124,mom_3_1,-0.0035447777879578425,0.0035447777879578425,1,0.0025
124,tsmom_12,-0.0,0.0,0,0.0025
124,tsmom_sign_12,-0.0,0.0,0,0.0025
124,reversal_1m,0.0013303822582120136,0.0013303822582120136,1,0.0025
124,ma_gap_12m,-0.0,0.0,0,0.0025
124,ma_crossover_6_12,0.0,0.0,0,0.0025
124,vol_3m,0.0,0.0,0,0.0025
124,vol_12m,0.005188036983374833,0.005188036983374833,1,0.0025
124,vol_regime_3_12,-0.0,0.0,0,0.0025
124,log_volume,-0.002896483656810435,0.002896483656810435,1,0.0025
124,abnormal_log_volume,0.0,0.0,0,0.0025
124,macro_vix,-0.023961668007002265,0.023961668007002265,1,0.0025
124,macro_epu,-0.002581813925011084,0.002581813925011084,1,0.0025
124,macro_credit_spread,-0.0,0.0,0,0.0025
124,macro_term_spread,0.00808123949671373,0.00808123949671373,1,0.0025
124,mom_12_1_x_macro_epu,0.0,0.0,0,0.0025
124,mom_12_1_x_macro_vix,-0.0,0.0,0,0.0025
124,tsmom_12_x_macro_epu,0.0,0.0,0,0.0025
124,tsmom_12_x_macro_vix,0.0,0.0,0,0.0025
124,ma_gap_12m_x_macro_epu,0.0,0.0,0,0.0025
124,ma_crossover_6_12_x_macro_vix,-0.00995768672900071,0.00995768672900071,1,0.0025
124,reversal_1m_x_macro_epu,-0.0,0.0,0,0.0025
124,reversal_1m_x_macro_vix,-0.00010295250521548694,0.00010295250521548694,1,0.0025
124,reversal_1m_x_macro_credit_spread,-0.0,0.0,0,0.0025
124,abnormal_log_volume_x_macro_epu,0.0,0.0,0,0.0025
124,abnormal_log_volume_x_macro_vix,0.0,0.0,0,0.0025
124,log_volume_x_macro_credit_spread,-0.0012196484004290047,0.0012196484004290047,1,0.0025
124,vol_regime_3_12_x_macro_vix,-0.0012743211513323721,0.0012743211513323721,1,0.0025
124,vol_regime_3_12_x_macro_term_spread,-0.0,0.0,0,0.0025
124,vol_12m_x_macro_credit_spread,-0.0,0.0,0,0.0025
125,mom_12_1,0.0,0.0,0,0.001
125,mom_6_1,0.00212520144363698,0.00212520144363698,1,0.001
125,mom_3_1,-0.0058590037347514366,0.0058590037347514366,1,0.001
125,tsmom_12,-0.001351136143043213,0.001351136143043213,1,0.001
125,tsmom_sign_12,-0.0,0.0,0,0.001
125,reversal_1m,0.010888620803776651,0.010888620803776651,1,0.001
125,ma_gap_12m,-0.0,0.0,0,0.001
125,ma_crossover_6_12,0.002606318228134162,0.002606318228134162,1,0.001
125,vol_3m,0.0,0.0,0,0.001
125,vol_12m,0.01120603580412523,0.01120603580412523,1,0.001
125,vol_regime_3_12,0.0,0.0,0,0.001
125,log_volume,-0.004214189363179342,0.004214189363179342,1,0.001
125,abnormal_log_volume,0.0,0.0,0,0.001
125,macro_vix,-0.023069130553553967,0.023069130553553967,1,0.001
125,macro_epu,-0.003952966159102096,0.003952966159102096,1,0.001
125,macro_credit_spread,0.0,0.0,0,0.001
125,macro_term_spread,0.009432728868506934,0.009432728868506934,1,0.001
125,mom_12_1_x_macro_epu,0.0,0.0,0,0.001
125,mom_12_1_x_macro_vix,-0.0,0.0,0,0.001
125,tsmom_12_x_macro_epu,0.0030242988283518397,0.0030242988283518397,1,0.001
125,tsmom_12_x_macro_vix,-0.0,0.0,0,0.001
125,ma_gap_12m_x_macro_epu,5.875511589169998e-05,5.875511589169998e-05,1,0.001
125,ma_crossover_6_12_x_macro_vix,-0.015827989298066513,0.015827989298066513,1,0.001
125,reversal_1m_x_macro_epu,-0.0,0.0,0,0.001
125,reversal_1m_x_macro_vix,-6.26103486665909e-05,6.26103486665909e-05,1,0.001
125,reversal_1m_x_macro_credit_spread,-0.009186942515131543,0.009186942515131543,1,0.001
125,abnormal_log_volume_x_macro_epu,0.001009216666533483,0.001009216666533483,1,0.001
125,abnormal_log_volume_x_macro_vix,0.0,0.0,0,0.001
125,log_volume_x_macro_credit_spread,-0.0,0.0,0,0.001
125,vol_regime_3_12_x_macro_vix,-0.001807589899467124,0.001807589899467124,1,0.001
125,vol_regime_3_12_x_macro_term_spread,0.0,0.0,0,0.001
125,vol_12m_x_macro_credit_spread,-0.0064205652211842944,0.0064205652211842944,1,0.001
126,mom_12_1,0.0,0.0,0,0.001
126,mom_6_1,0.0031091831907499885,0.0031091831907499885,1,0.001
126,mom_3_1,-0.006255355325097567,0.006255355325097567,1,0.001
126,tsmom_12,-0.0005549225781598146,0.0005549225781598146,1,0.001
126,tsmom_sign_12,-0.0,0.0,0,0.001
126,reversal_1m,0.011013686805287993,0.011013686805287993,1,0.001
126,ma_gap_12m,-0.0,0.0,0,0.001
126,ma_crossover_6_12,0.003233351696404428,0.003233351696404428,1,0.001
126,vol_3m,0.0,0.0,0,0.001
126,vol_12m,0.009518014739284318,0.009518014739284318,1,0.001
126,vol_regime_3_12,-0.0,0.0,0,0.001
126,log_volume,-0.004328908043126277,0.004328908043126277,1,0.001
126,abnormal_log_volume,0.0,0.0,0,0.001
126,macro_vix,-0.024978106280556602,0.024978106280556602,1,0.001
126,macro_epu,-0.003625058656882223,0.003625058656882223,1,0.001
126,macro_credit_spread,0.0,0.0,0,0.001
126,macro_term_spread,0.009466990661131052,0.009466990661131052,1,0.001
126,mom_12_1_x_macro_epu,0.0017522762363620763,0.0017522762363620763,1,0.001
126,mom_12_1_x_macro_vix,-0.0,0.0,0,0.001
126,tsmom_12_x_macro_epu,0.0005724352038369019,0.0005724352038369019,1,0.001
126,tsmom_12_x_macro_vix,-0.0,0.0,0,0.001
126,ma_gap_12m_x_macro_epu,0.0,0.0,0,0.001
126,ma_crossover_6_12_x_macro_vix,-0.0168098177721293,0.0168098177721293,1,0.001
126,reversal_1m_x_macro_epu,0.0,0.0,0,0.001
126,reversal_1m_x_macro_vix,-0.0,0.0,0,0.001
126,reversal_1m_x_macro_credit_spread,-0.009196885034104003,0.009196885034104003,1,0.001
126,abnormal_log_volume_x_macro_epu,0.0012157510268714998,0.0012157510268714998,1,0.001
126,abnormal_log_volume_x_macro_vix,0.0,0.0,0,0.001
126,log_volume_x_macro_credit_spread,-0.0,0.0,0,0.001
126,vol_regime_3_12_x_macro_vix,-0.0019714472316942158,0.0019714472316942158,1,0.001
126,vol_regime_3_12_x_macro_term_spread,0.00023573720716080034,0.00023573720716080034,1,0.001
126,vol_12m_x_macro_credit_spread,-0.0040971418045806,0.0040971418045806,1,0.001
127,mom_12_1,-0.0,0.0,0,0.001
127,mom_6_1,0.0020014562585376253,0.0020014562585376253,1,0.001
127,mom_3_1,-0.005134629190121915,0.005134629190121915,1,0.001
127,tsmom_12,-0.0007981321260033546,0.0007981321260033546,1,0.001
127,tsmom_sign_12,-3.427709866798909e-05,3.427709866798909e-05,1,0.001
127,reversal_1m,0.009131375814058313,0.009131375814058313,1,0.001
127,ma_gap_12m,-0.0,0.0,0,0.001
127,ma_crossover_6_12,0.002449151275812066,0.002449151275812066,1,0.001
127,vol_3m,0.0,0.0,0,0.001
127,vol_12m,0.009197562650536508,0.009197562650536508,1,0.001
127,vol_regime_3_12,0.0,0.0,0,0.001
127,log_volume,-0.00484730575728574,0.00484730575728574,1,0.001
127,abnormal_log_volume,0.0,0.0,0,0.001
127,macro_vix,-0.02577422276039776,0.02577422276039776,1,0.001
127,macro_epu,-0.0031785463338846517,0.0031785463338846517,1,0.001
127,macro_credit_spread,0.0,0.0,0,0.001
127,macro_term_spread,0.009017574382828417,0.009017574382828417,1,0.001
127,mom_12_1_x_macro_epu,0.0,0.0,0,0.001
127,mom_12_1_x_macro_vix,-0.0,0.0,0,0.001
127,tsmom_12_x_macro_epu,0.0014053678665436552,0.0014053678665436552,1,0.001
127,tsmom_12_x_macro_vix,-0.0,0.0,0,0.001
127,ma_gap_12m_x_macro_epu,0.0,0.0,0,0.001
127,ma_crossover_6_12_x_macro_vix,-0.015514281110208,0.015514281110208,1,0.001
127,reversal_1m_x_macro_epu,0.0,0.0,0,0.001
127,reversal_1m_x_macro_vix,-0.0014961775648997004,0.0014961775648997004,1,0.001
127,reversal_1m_x_macro_credit_spread,-0.0063089595618353676,0.0063089595618353676,1,0.001
127,abnormal_log_volume_x_macro_epu,0.0011004215644319368,0.0011004215644319368,1,0.001
127,abnormal_log_volume_x_macro_vix,0.0,0.0,0,0.001
127,log_volume_x_macro_credit_spread,0.0,0.0,0,0.001
127,vol_regime_3_12_x_macro_vix,-0.0017377987418420843,0.0017377987418420843,1,0.001
127,vol_regime_3_12_x_macro_term_spread,0.0,0.0,0,0.001
127,vol_12m_x_macro_credit_spread,-0.0037377746307556635,0.0037377746307556635,1,0.001
128,mom_12_1,-0.0,0.0,0,0.0005
128,mom_6_1,0.00331742307921603,0.00331742307921603,1,0.0005
128,mom_3_1,-0.004854402659895682,0.004854402659895682,1,0.0005
128,tsmom_12,-0.009597334693104975,0.009597334693104975,1,0.0005
128,tsmom_sign_12,-0.000374939475418871,0.000374939475418871,1,0.0005
128,reversal_1m,0.010620203713780522,0.010620203713780522,1,0.0005
128,ma_gap_12m,-0.005600280638380737,0.005600280638380737,1,0.0005
128,ma_crossover_6_12,0.015950162706449784,0.015950162706449784,1,0.0005
128,vol_3m,0.00027749215266066347,0.00027749215266066347,1,0.0005
128,vol_12m,0.020087345348846247,0.020087345348846247,1,0.0005
128,vol_regime_3_12,0.0,0.0,0,0.0005
128,log_volume,-0.004753672532298605,0.004753672532298605,1,0.0005
128,abnormal_log_volume,-0.0,0.0,0,0.0005
128,macro_vix,-0.029622842192353435,0.029622842192353435,1,0.0005
128,macro_epu,-0.0024656465756412605,0.0024656465756412605,1,0.0005
128,macro_credit_spread,0.008813801107445033,0.008813801107445033,1,0.0005
128,macro_term_spread,0.008555944844532096,0.008555944844532096,1,0.0005
128,mom_12_1_x_macro_epu,0.0,0.0,0,0.0005
128,mom_12_1_x_macro_vix,-0.0018507980682409956,0.0018507980682409956,1,0.0005
128,tsmom_12_x_macro_epu,0.011680815926915632,0.011680815926915632,1,0.0005
128,tsmom_12_x_macro_vix,-0.0,0.0,0,0.0005
128,ma_gap_12m_x_macro_epu,0.0014019246768409792,0.0014019246768409792,1,0.0005
128,ma_crossover_6_12_x_macro_vix,-0.026587957920360162,0.026587957920360162,1,0.0005
128,reversal_1m_x_macro_epu,0.001565995149431254,0.001565995149431254,1,0.0005
128,reversal_1m_x_macro_vix,-0.0007195386934539632,0.0007195386934539632,1,0.0005
128,reversal_1m_x_macro_credit_spread,-0.01123100058071983,0.01123100058071983,1,0.0005
128,abnormal_log_volume_x_macro_epu,0.001626042594481009,0.001626042594481009,1,0.0005
128,abnormal_log_volume_x_macro_vix,0.0,0.0,0,0.0005
128,log_volume_x_macro_credit_spread,0.0,0.0,0,0.0005
128,vol_regime_3_12_x_macro_vix,-0.0031341401333486946,0.0031341401333486946,1,0.0005
128,vol_regime_3_12_x_macro_term_spread,0.0010646198307145047,0.0010646198307145047,1,0.0005
128,vol_12m_x_macro_credit_spread,-0.018463601036340288,0.018463601036340288,1,0.0005
129,mom_12_1,-0.002087782139527154,0.002087782139527154,1,0.0005
129,mom_6_1,0.002700984395518602,0.002700984395518602,1,0.0005
129,mom_3_1,-0.004123152227093312,0.004123152227093312,1,0.0005
129,tsmom_12,-0.007494750222861648,0.007494750222861648,1,0.0005
129,tsmom_sign_12,-0.00010461063693619127,0.00010461063693619127,1,0.0005
129,reversal_1m,0.010783880378264854,0.010783880378264854,1,0.0005
129,ma_gap_12m,-0.0034428361242590574,0.0034428361242590574,1,0.0005
129,ma_crossover_6_12,0.012848602080092397,0.012848602080092397,1,0.0005
129,vol_3m,0.0,0.0,0,0.0005
129,vol_12m,0.01788262227076282,0.01788262227076282,1,0.0005
129,vol_regime_3_12,0.0,0.0,0,0.0005
129,log_volume,-0.004567645955481004,0.004567645955481004,1,0.0005
129,abnormal_log_volume,-0.0,0.0,0,0.0005
129,macro_vix,-0.028428078369132692,0.028428078369132692,1,0.0005
129,macro_epu,-0.0016941285264938752,0.0016941285264938752,1,0.0005
129,macro_credit_spread,0.005766782251219269,0.005766782251219269,1,0.0005
129,macro_term_spread,0.009528473206885395,0.009528473206885395,1,0.0005
129,mom_12_1_x_macro_epu,0.0063227176677655645,0.0063227176677655645,1,0.0005
129,mom_12_1_x_macro_vix,-0.007142839756771611,0.007142839756771611,1,0.0005
129,tsmom_12_x_macro_epu,0.00988732094036766,0.00988732094036766,1,0.0005
129,tsmom_12_x_macro_vix,0.0,0.0,0,0.0005
129,ma_gap_12m_x_macro_epu,0.0,0.0,0,0.0005
129,ma_crossover_6_12_x_macro_vix,-0.0238684195176855,0.0238684195176855,1,0.0005
129,reversal_1m_x_macro_epu,0.0011400782046615163,0.0011400782046615163,1,0.0005
129,reversal_1m_x_macro_vix,-0.0,0.0,0,0.0005
129,reversal_1m_x_macro_credit_spread,-0.011410377871063467,0.011410377871063467,1,0.0005
129,abnormal_log_volume_x_macro_epu,0.0019799918816027235,0.0019799918816027235,1,0.0005
129,abnormal_log_volume_x_macro_vix,0.0,0.0,0,0.0005
129,log_volume_x_macro_credit_spread,-0.0,0.0,0,0.0005
129,vol_regime_3_12_x_macro_vix,-0.0033889951578983117,0.0033889951578983117,1,0.0005
129,vol_regime_3_12_x_macro_term_spread,0.0012786237229468202,0.0012786237229468202,1,0.0005
129,vol_12m_x_macro_credit_spread,-0.016429743121288875,0.016429743121288875,1,0.0005
130,mom_12_1,-0.0,0.0,0,0.005
130,mom_6_1,-0.0,0.0,0,0.005
130,mom_3_1,-0.0008304750291676373,0.0008304750291676373,1,0.005
130,tsmom_12,-0.0,0.0,0,0.005
130,tsmom_sign_12,-0.0,0.0,0,0.005
130,reversal_1m,0.0,0.0,0,0.005
130,ma_gap_12m,-0.0023479396527290256,0.0023479396527290256,1,0.005
130,ma_crossover_6_12,-0.0,0.0,0,0.005
130,vol_3m,0.0,0.0,0,0.005
130,vol_12m,0.003178349017867044,0.003178349017867044,1,0.005
130,vol_regime_3_12,-0.0,0.0,0,0.005
130,log_volume,-0.0008804335237841006,0.0008804335237841006,1,0.005
130,abnormal_log_volume,-0.0,0.0,0,0.005
130,macro_vix,-0.025501167089376178,0.025501167089376178,1,0.005
130,macro_epu,0.0,0.0,0,0.005
130,macro_credit_spread,-0.0,0.0,0,0.005
130,macro_term_spread,0.007135441090778185,0.007135441090778185,1,0.005
130,mom_12_1_x_macro_epu,0.0,0.0,0,0.005
130,mom_12_1_x_macro_vix,-0.0,0.0,0,0.005
130,tsmom_12_x_macro_epu,0.0,0.0,0,0.005
130,tsmom_12_x_macro_vix,-0.0,0.0,0,0.005
130,ma_gap_12m_x_macro_epu,-0.0,0.0,0,0.005
130,ma_crossover_6_12_x_macro_vix,-0.00685903553364243,0.00685903553364243,1,0.005
130,reversal_1m_x_macro_epu,0.0,0.0,0,0.005
130,reversal_1m_x_macro_vix,-0.0,0.0,0,0.005
130,reversal_1m_x_macro_credit_spread,-0.0,0.0,0,0.005
130,abnormal_log_volume_x_macro_epu,-0.0,0.0,0,0.005
130,abnormal_log_volume_x_macro_vix,-0.0,0.0,0,0.005
130,log_volume_x_macro_credit_spread,-0.0,0.0,0,0.005
130,vol_regime_3_12_x_macro_vix,-0.00028043574864654867,0.00028043574864654867,1,0.005
130,vol_regime_3_12_x_macro_term_spread,-0.0,0.0,0,0.005
130,vol_12m_x_macro_credit_spread,0.0,0.0,0,0.005
131,mom_12_1,-0.0,0.0,0,0.005
131,mom_6_1,-0.0,0.0,0,0.005
131,mom_3_1,-0.0007412319777065194,0.0007412319777065194,1,0.005
131,tsmom_12,-0.0,0.0,0,0.005
131,tsmom_sign_12,-0.0,0.0,0,0.005
131,reversal_1m,0.0,0.0,0,0.005
131,ma_gap_12m,-0.002512278489556742,0.002512278489556742,1,0.005
131,ma_crossover_6_12,-0.0,0.0,0,0.005
131,vol_3m,0.0,0.0,0,0.005
131,vol_12m,0.0030496645481170605,0.0030496645481170605,1,0.005
131,vol_regime_3_12,-0.0,0.0,0,0.005
131,log_volume,-0.0005423730382628294,0.0005423730382628294,1,0.005
131,abnormal_log_volume,-0.0,0.0,0,0.005
131,macro_vix,-0.025873005299699842,0.025873005299699842,1,0.005
131,macro_epu,0.0,0.0,0,0.005
131,macro_credit_spread,-0.0,0.0,0,0.005
131,macro_term_spread,0.007848268270920885,0.007848268270920885,1,0.005
131,mom_12_1_x_macro_epu,0.0,0.0,0,0.005
131,mom_12_1_x_macro_vix,-0.0,0.0,0,0.005
131,tsmom_12_x_macro_epu,0.0,0.0,0,0.005
131,tsmom_12_x_macro_vix,-0.0,0.0,0,0.005
131,ma_gap_12m_x_macro_epu,-0.0,0.0,0,0.005
131,ma_crossover_6_12_x_macro_vix,-0.00649566130607,0.00649566130607,1,0.005
131,reversal_1m_x_macro_epu,0.0,0.0,0,0.005
131,reversal_1m_x_macro_vix,-0.0,0.0,0,0.005
131,reversal_1m_x_macro_credit_spread,-0.0,0.0,0,0.005
131,abnormal_log_volume_x_macro_epu,-0.0,0.0,0,0.005
131,abnormal_log_volume_x_macro_vix,-0.0,0.0,0,0.005
131,log_volume_x_macro_credit_spread,-0.0,0.0,0,0.005
131,vol_regime_3_12_x_macro_vix,-3.0250223829079193e-05,3.0250223829079193e-05,1,0.005
131,vol_regime_3_12_x_macro_term_spread,-0.0,0.0,0,0.005
131,vol_12m_x_macro_credit_spread,0.0,0.0,0,0.005
132,mom_12_1,-0.015028658823948713,0.015028658823948713,1,0.0005
132,mom_6_1,0.0009361789307181261,0.0009361789307181261,1,0.0005
132,mom_3_1,-0.0025014090250094737,0.0025014090250094737,1,0.0005
132,tsmom_12,-0.000347464360291983,0.000347464360291983,1,0.0005
132,tsmom_sign_12,-0.0,0.0,0,0.0005
132,reversal_1m,0.009203317236448691,0.009203317236448691,1,0.0005
132,ma_gap_12m,-0.0075956017134478455,0.0075956017134478455,1,0.0005
132,ma_crossover_6_12,0.018977085402331187,0.018977085402331187,1,0.0005
132,vol_3m,0.00035522446557849396,0.00035522446557849396,1,0.0005
132,vol_12m,0.018889480831690984,0.018889480831690984,1,0.0005
132,vol_regime_3_12,0.0,0.0,0,0.0005
132,log_volume,-0.0032793497476081078,0.0032793497476081078,1,0.0005
132,abnormal_log_volume,-0.0,0.0,0,0.0005
132,macro_vix,-0.033029904420146784,0.033029904420146784,1,0.0005
132,macro_epu,0.0007505543735783675,0.0007505543735783675,1,0.0005
132,macro_credit_spread,0.008493755017370984,0.008493755017370984,1,0.0005
132,macro_term_spread,0.009561730924101253,0.009561730924101253,1,0.0005
132,mom_12_1_x_macro_epu,0.017708230360295306,0.017708230360295306,1,0.0005
132,mom_12_1_x_macro_vix,-0.0007904613919923981,0.0007904613919923981,1,0.0005
132,tsmom_12_x_macro_epu,0.0016184120862170956,0.0016184120862170956,1,0.0005
132,tsmom_12_x_macro_vix,-0.0,0.0,0,0.0005
132,ma_gap_12m_x_macro_epu,0.0,0.0,0,0.0005
132,ma_crossover_6_12_x_macro_vix,-0.027838505847991774,0.027838505847991774,1,0.0005
132,reversal_1m_x_macro_epu,0.0035455358711949992,0.0035455358711949992,1,0.0005
132,reversal_1m_x_macro_vix,-0.0,0.0,0,0.0005
132,reversal_1m_x_macro_credit_spread,-0.013137847855552765,0.013137847855552765,1,0.0005
132,abnormal_log_volume_x_macro_epu,0.0014006257353631744,0.0014006257353631744,1,0.0005
132,abnormal_log_volume_x_macro_vix,0.00014158003916893067,0.00014158003916893067,1,0.0005
132,log_volume_x_macro_credit_spread,0.0,0.0,0,0.0005
132,vol_regime_3_12_x_macro_vix,-0.0027405900131430324,0.0027405900131430324,1,0.0005
132,vol_regime_3_12_x_macro_term_spread,0.0010556131132555648,0.0010556131132555648,1,0.0005
132,vol_12m_x_macro_credit_spread,-0.017030124457971054,0.017030124457971054,1,0.0005
133,mom_12_1,0.0,0.0,0,0.005
133,mom_6_1,-0.0,0.0,0,0.005
133,mom_3_1,-0.00020695621985281093,0.00020695621985281093,1,0.005
133,tsmom_12,0.0,0.0,0,0.005
133,tsmom_sign_12,0.0,0.0,0,0.005
133,reversal_1m,0.0,0.0,0,0.005
133,ma_gap_12m,-0.00392738100402949,0.00392738100402949,1,0.005
133,ma_crossover_6_12,-0.0,0.0,0,0.005
133,vol_3m,0.0,0.0,0,0.005
133,vol_12m,0.002743128112916807,0.002743128112916807,1,0.005
133,vol_regime_3_12,-0.0,0.0,0,0.005
133,log_volume,-0.0,0.0,0,0.005
133,abnormal_log_volume,0.0,0.0,0,0.005
133,macro_vix,-0.02777919596120212,0.02777919596120212,1,0.005
133,macro_epu,0.0,0.0,0,0.005
133,macro_credit_spread,-0.0,0.0,0,0.005
133,macro_term_spread,0.010155907308137584,0.010155907308137584,1,0.005
133,mom_12_1_x_macro_epu,0.0,0.0,0,0.005
133,mom_12_1_x_macro_vix,-0.0,0.0,0,0.005
133,tsmom_12_x_macro_epu,0.0,0.0,0,0.005
133,tsmom_12_x_macro_vix,-0.0,0.0,0,0.005
133,ma_gap_12m_x_macro_epu,-0.0,0.0,0,0.005
133,ma_crossover_6_12_x_macro_vix,-0.006114557740646552,0.006114557740646552,1,0.005
133,reversal_1m_x_macro_epu,0.0,0.0,0,0.005
133,reversal_1m_x_macro_vix,-0.0,0.0,0,0.005
133,reversal_1m_x_macro_credit_spread,-0.0,0.0,0,0.005
133,abnormal_log_volume_x_macro_epu,0.0,0.0,0,0.005
133,abnormal_log_volume_x_macro_vix,0.0,0.0,0,0.005
133,log_volume_x_macro_credit_spread,-0.0,0.0,0,0.005
133,vol_regime_3_12_x_macro_vix,-0.0,0.0,0,0.005
133,vol_regime_3_12_x_macro_term_spread,-0.0,0.0,0,0.005
133,vol_12m_x_macro_credit_spread,0.0,0.0,0,0.005
134,mom_12_1,0.0,0.0,0,0.005
134,mom_6_1,-0.0,0.0,0,0.005
134,mom_3_1,-0.0,0.0,0,0.005
134,tsmom_12,-0.0,0.0,0,0.005
134,tsmom_sign_12,0.0,0.0,0,0.005
134,reversal_1m,0.0,0.0,0,0.005
134,ma_gap_12m,-0.0019119434427592897,0.0019119434427592897,1,0.005
134,ma_crossover_6_12,-0.0,0.0,0,0.005
134,vol_3m,0.0,0.0,0,0.005
134,vol_12m,0.0017041939082498277,0.0017041939082498277,1,0.005
134,vol_regime_3_12,-0.0,0.0,0,0.005
134,log_volume,-0.0,0.0,0,0.005
134,abnormal_log_volume,0.0,0.0,0,0.005
134,macro_vix,-0.027219921496372288,0.027219921496372288,1,0.005
134,macro_epu,0.0,0.0,0,0.005
134,macro_credit_spread,-0.0,0.0,0,0.005
134,macro_term_spread,0.010668243217965615,0.010668243217965615,1,0.005
134,mom_12_1_x_macro_epu,0.0,0.0,0,0.005
134,mom_12_1_x_macro_vix,0.0,0.0,0,0.005
134,tsmom_12_x_macro_epu,0.0,0.0,0,0.005
134,tsmom_12_x_macro_vix,-0.0,0.0,0,0.005
134,ma_gap_12m_x_macro_epu,-0.0,0.0,0,0.005
134,ma_crossover_6_12_x_macro_vix,-0.0070772265107758815,0.0070772265107758815,1,0.005
134,reversal_1m_x_macro_epu,0.0,0.0,0,0.005
134,reversal_1m_x_macro_vix,-0.0,0.0,0,0.005
134,reversal_1m_x_macro_credit_spread,-0.0,0.0,0,0.005
134,abnormal_log_volume_x_macro_epu,0.0,0.0,0,0.005
134,abnormal_log_volume_x_macro_vix,0.0,0.0,0,0.005
134,log_volume_x_macro_credit_spread,-0.0,0.0,0,0.005
134,vol_regime_3_12_x_macro_vix,-0.0,0.0,0,0.005
134,vol_regime_3_12_x_macro_term_spread,-0.0,0.0,0,0.005
134,vol_12m_x_macro_credit_spread,0.0,0.0,0,0.005
135,mom_12_1,0.0,0.0,0,0.005
135,mom_6_1,-0.0,0.0,0,0.005
135,mom_3_1,-0.001131765992493273,0.001131765992493273,1,0.005
135,tsmom_12,0.0,0.0,0,0.005
135,tsmom_sign_12,0.0,0.0,0,0.005
135,reversal_1m,0.0,0.0,0,0.005
135,ma_gap_12m,-0.0008599942238339663,0.0008599942238339663,1,0.005
135,ma_crossover_6_12,-0.0,0.0,0,0.005
135,vol_3m,0.0,0.0,0,0.005
135,vol_12m,0.002789268645151807,0.002789268645151807,1,0.005
135,vol_regime_3_12,-0.0,0.0,0,0.005
135,log_volume,-0.0,0.0,0,0.005
135,abnormal_log_volume,0.0,0.0,0,0.005
135,macro_vix,-0.027499541439120194,0.027499541439120194,1,0.005
135,macro_epu,0.0,0.0,0,0.005
135,macro_credit_spread,-0.0,0.0,0,0.005
135,macro_term_spread,0.010463974139566155,0.010463974139566155,1,0.005
135,mom_12_1_x_macro_epu,0.0,0.0,0,0.005
135,mom_12_1_x_macro_vix,0.0,0.0,0,0.005
135,tsmom_12_x_macro_epu,0.0,0.0,0,0.005
135,tsmom_12_x_macro_vix,-0.0,0.0,0,0.005
135,ma_gap_12m_x_macro_epu,-0.0,0.0,0,0.005
135,ma_crossover_6_12_x_macro_vix,-0.007989322507689897,0.007989322507689897,1,0.005
135,reversal_1m_x_macro_epu,-0.0,0.0,0,0.005
135,reversal_1m_x_macro_vix,-0.0,0.0,0,0.005
135,reversal_1m_x_macro_credit_spread,-0.0,0.0,0,0.005
135,abnormal_log_volume_x_macro_epu,0.0,0.0,0,0.005
135,abnormal_log_volume_x_macro_vix,0.0,0.0,0,0.005
135,log_volume_x_macro_credit_spread,-0.0,0.0,0,0.005
135,vol_regime_3_12_x_macro_vix,-0.0,0.0,0,0.005
135,vol_regime_3_12_x_macro_term_spread,-0.0,0.0,0,0.005
135,vol_12m_x_macro_credit_spread,0.0,0.0,0,0.005
136,mom_12_1,0.0,0.0,0,0.005
136,mom_6_1,-0.0,0.0,0,0.005
136,mom_3_1,-0.000858322401152762,0.000858322401152762,1,0.005
136,tsmom_12,0.0,0.0,0,0.005
136,tsmom_sign_12,0.0,0.0,0,0.005
136,reversal_1m,0.0,0.0,0,0.005
136,ma_gap_12m,-0.0015316067078971645,0.0015316067078971645,1,0.005
136,ma_crossover_6_12,-0.0,0.0,0,0.005
136,vol_3m,0.0,0.0,0,0.005
136,vol_12m,0.0032632261728849843,0.0032632261728849843,1,0.005
136,vol_regime_3_12,-0.0,0.0,0,0.005
136,log_volume,-0.0,0.0,0,0.005
136,abnormal_log_volume,0.0,0.0,0,0.005
136,macro_vix,-0.027329375255343256,0.027329375255343256,1,0.005
136,macro_epu,0.0,0.0,0,0.005
136,macro_credit_spread,-0.0,0.0,0,0.005
136,macro_term_spread,0.010059471470300929,0.010059471470300929,1,0.005
136,mom_12_1_x_macro_epu,0.0,0.0,0,0.005
136,mom_12_1_x_macro_vix,0.0,0.0,0,0.005
136,tsmom_12_x_macro_epu,0.0,0.0,0,0.005
136,tsmom_12_x_macro_vix,-0.0,0.0,0,0.005
136,ma_gap_12m_x_macro_epu,-0.0,0.0,0,0.005
136,ma_crossover_6_12_x_macro_vix,-0.007457405429041905,0.007457405429041905,1,0.005
136,reversal_1m_x_macro_epu,-0.0,0.0,0,0.005
136,reversal_1m_x_macro_vix,-0.0,0.0,0,0.005
136,reversal_1m_x_macro_credit_spread,-0.0,0.0,0,0.005
136,abnormal_log_volume_x_macro_epu,0.0,0.0,0,0.005
136,abnormal_log_volume_x_macro_vix,0.0,0.0,0,0.005
136,log_volume_x_macro_credit_spread,-0.0,0.0,0,0.005
136,vol_regime_3_12_x_macro_vix,-0.0,0.0,0,0.005
136,vol_regime_3_12_x_macro_term_spread,-0.0,0.0,0,0.005
136,vol_12m_x_macro_credit_spread,0.0,0.0,0,0.005
137,mom_12_1,0.0,0.0,0,0.005
137,mom_6_1,-0.0,0.0,0,0.005
137,mom_3_1,-0.0013482554852141092,0.0013482554852141092,1,0.005
137,tsmom_12,0.0,0.0,0,0.005
137,tsmom_sign_12,0.0,0.0,0,0.005
137,reversal_1m,0.0,0.0,0,0.005
137,ma_gap_12m,-0.00013768946671263358,0.00013768946671263358,1,0.005
137,ma_crossover_6_12,-0.0,0.0,0,0.005
137,vol_3m,0.0,0.0,0,0.005
137,vol_12m,0.0021102436116461776,0.0021102436116461776,1,0.005
137,vol_regime_3_12,-0.0,0.0,0,0.005
137,log_volume,-0.0,0.0,0,0.005
137,abnormal_log_volume,0.0,0.0,0,0.005
137,macro_vix,-0.027446739314989137,0.027446739314989137,1,0.005
137,macro_epu,0.0,0.0,0,0.005
137,macro_credit_spread,-0.0,0.0,0,0.005
137,macro_term_spread,0.01068897956617227,0.01068897956617227,1,0.005
137,mom_12_1_x_macro_epu,0.0,0.0,0,0.005
137,mom_12_1_x_macro_vix,-0.0,0.0,0,0.005
137,tsmom_12_x_macro_epu,0.0,0.0,0,0.005
137,tsmom_12_x_macro_vix,-0.0,0.0,0,0.005
137,ma_gap_12m_x_macro_epu,-0.0,0.0,0,0.005
137,ma_crossover_6_12_x_macro_vix,-0.008477180136158231,0.008477180136158231,1,0.005
137,reversal_1m_x_macro_epu,-0.0,0.0,0,0.005
137,reversal_1m_x_macro_vix,-0.0,0.0,0,0.005
137,reversal_1m_x_macro_credit_spread,-0.0,0.0,0,0.005
137,abnormal_log_volume_x_macro_epu,0.0,0.0,0,0.005
137,abnormal_log_volume_x_macro_vix,-0.0,0.0,0,0.005
137,log_volume_x_macro_credit_spread,-0.0,0.0,0,0.005
137,vol_regime_3_12_x_macro_vix,-0.0,0.0,0,0.005
137,vol_regime_3_12_x_macro_term_spread,-0.0,0.0,0,0.005
137,vol_12m_x_macro_credit_spread,0.0,0.0,0,0.005
138,mom_12_1,0.0,0.0,0,0.005
138,mom_6_1,-0.0,0.0,0,0.005
138,mom_3_1,-0.0014531269139893331,0.0014531269139893331,1,0.005
138,tsmom_12,0.0,0.0,0,0.005
138,tsmom_sign_12,0.0,0.0,0,0.005
138,reversal_1m,0.0,0.0,0,0.005
138,ma_gap_12m,-8.802498903713272e-05,8.802498903713272e-05,1,0.005
138,ma_crossover_6_12,-0.0,0.0,0,0.005
138,vol_3m,0.0,0.0,0,0.005
138,vol_12m,0.0022787203354061917,0.0022787203354061917,1,0.005
138,vol_regime_3_12,-0.0,0.0,0,0.005
138,log_volume,-0.0,0.0,0,0.005
138,abnormal_log_volume,0.0,0.0,0,0.005
138,macro_vix,-0.027402588901806326,0.027402588901806326,1,0.005
138,macro_epu,0.0,0.0,0,0.005
138,macro_credit_spread,-0.0,0.0,0,0.005
138,macro_term_spread,0.010456326955615417,0.010456326955615417,1,0.005
138,mom_12_1_x_macro_epu,0.0,0.0,0,0.005
138,mom_12_1_x_macro_vix,0.0,0.0,0,0.005
138,tsmom_12_x_macro_epu,0.0,0.0,0,0.005
138,tsmom_12_x_macro_vix,-0.0,0.0,0,0.005
138,ma_gap_12m_x_macro_epu,-0.0,0.0,0,0.005
138,ma_crossover_6_12_x_macro_vix,-0.008854521299326887,0.008854521299326887,1,0.005
138,reversal_1m_x_macro_epu,-0.0,0.0,0,0.005
138,reversal_1m_x_macro_vix,-0.0,0.0,0,0.005
138,reversal_1m_x_macro_credit_spread,-0.0,0.0,0,0.005
138,abnormal_log_volume_x_macro_epu,0.0,0.0,0,0.005
138,abnormal_log_volume_x_macro_vix,0.0,0.0,0,0.005
138,log_volume_x_macro_credit_spread,-0.0,0.0,0,0.005
138,vol_regime_3_12_x_macro_vix,-0.0,0.0,0,0.005
138,vol_regime_3_12_x_macro_term_spread,-0.0,0.0,0,0.005
138,vol_12m_x_macro_credit_spread,0.0,0.0,0,0.005
139,mom_12_1,0.0,0.0,0,0.005
139,mom_6_1,-0.0,0.0,0,0.005
139,mom_3_1,-0.0013971168179069617,0.0013971168179069617,1,0.005
139,tsmom_12,0.0,0.0,0,0.005
139,tsmom_sign_12,0.0,0.0,0,0.005
139,reversal_1m,0.0,0.0,0,0.005
139,ma_gap_12m,-0.0,0.0,0,0.005
139,ma_crossover_6_12,-0.0,0.0,0,0.005
139,vol_3m,0.0,0.0,0,0.005
139,vol_12m,0.002569259787134518,0.002569259787134518,1,0.005
139,vol_regime_3_12,-0.0,0.0,0,0.005
139,log_volume,-0.0,0.0,0,0.005
139,abnormal_log_volume,0.0,0.0,0,0.005
139,macro_vix,-0.02714953136102515,0.02714953136102515,1,0.005
139,macro_epu,-0.0,0.0,0,0.005
139,macro_credit_spread,-0.0,0.0,0,0.005
139,macro_term_spread,0.009928783782490073,0.009928783782490073,1,0.005
139,mom_12_1_x_macro_epu,0.0,0.0,0,0.005
139,mom_12_1_x_macro_vix,0.0,0.0,0,0.005
139,tsmom_12_x_macro_epu,0.0,0.0,0,0.005
139,tsmom_12_x_macro_vix,-0.0,0.0,0,0.005
139,ma_gap_12m_x_macro_epu,-0.0,0.0,0,0.005
139,ma_crossover_6_12_x_macro_vix,-0.008967133841689689,0.008967133841689689,1,0.005
139,reversal_1m_x_macro_epu,-0.0,0.0,0,0.005
139,reversal_1m_x_macro_vix,-0.0,0.0,0,0.005
139,reversal_1m_x_macro_credit_spread,-0.0,0.0,0,0.005
139,abnormal_log_volume_x_macro_epu,0.0,0.0,0,0.005
139,abnormal_log_volume_x_macro_vix,0.0,0.0,0,0.005
139,log_volume_x_macro_credit_spread,-0.0,0.0,0,0.005
139,vol_regime_3_12_x_macro_vix,-0.0,0.0,0,0.005
139,vol_regime_3_12_x_macro_term_spread,-0.0,0.0,0,0.005
139,vol_12m_x_macro_credit_spread,0.0,0.0,0,0.005
140,mom_12_1,0.0,0.0,0,0.005
140,mom_6_1,-0.0,0.0,0,0.005
140,mom_3_1,-0.0013289628048041614,0.0013289628048041614,1,0.005
140,tsmom_12,-0.0,0.0,0,0.005
140,tsmom_sign_12,0.0,0.0,0,0.005
140,reversal_1m,-0.0,0.0,0,0.005
140,ma_gap_12m,-0.00014920136764886338,0.00014920136764886338,1,0.005
140,ma_crossover_6_12,-0.0,0.0,0,0.005
140,vol_3m,0.0,0.0,0,0.005
140,vol_12m,0.0029789905093259334,0.0029789905093259334,1,0.005
140,vol_regime_3_12,-0.0,0.0,0,0.005
140,log_volume,-0.0,0.0,0,0.005
140,abnormal_log_volume,0.0,0.0,0,0.005
140,macro_vix,-0.027453015524440134,0.027453015524440134,1,0.005
140,macro_epu,-0.0,0.0,0,0.005
140,macro_credit_spread,-0.0,0.0,0,0.005
140,macro_term_spread,0.009865563603717247,0.009865563603717247,1,0.005
140,mom_12_1_x_macro_epu,0.0,0.0,0,0.005
140,mom_12_1_x_macro_vix,-0.0,0.0,0,0.005
140,tsmom_12_x_macro_epu,0.0,0.0,0,0.005
140,tsmom_12_x_macro_vix,-0.0,0.0,0,0.005
140,ma_gap_12m_x_macro_epu,-0.0,0.0,0,0.005
140,ma_crossover_6_12_x_macro_vix,-0.009161736358955116,0.009161736358955116,1,0.005
140,reversal_1m_x_macro_epu,-0.0,0.0,0,0.005
140,reversal_1m_x_macro_vix,-0.0,0.0,0,0.005
140,reversal_1m_x_macro_credit_spread,-0.0,0.0,0,0.005
140,abnormal_log_volume_x_macro_epu,0.0,0.0,0,0.005
140,abnormal_log_volume_x_macro_vix,0.0,0.0,0,0.005
140,log_volume_x_macro_credit_spread,-0.0,0.0,0,0.005
140,vol_regime_3_12_x_macro_vix,-0.0,0.0,0,0.005
140,vol_regime_3_12_x_macro_term_spread,-0.0,0.0,0,0.005
140,vol_12m_x_macro_credit_spread,0.0,0.0,0,0.005
141,mom_12_1,0.0,0.0,0,0.005
141,mom_6_1,-0.0,0.0,0,0.005
141,mom_3_1,-0.0012587837005028062,0.0012587837005028062,1,0.005
141,tsmom_12,0.0,0.0,0,0.005
141,tsmom_sign_12,0.0,0.0,0,0.005
141,reversal_1m,0.0,0.0,0,0.005
141,ma_gap_12m,-6.526289360952181e-05,6.526289360952181e-05,1,0.005
141,ma_crossover_6_12,-0.0,0.0,0,0.005
141,vol_3m,0.0,0.0,0,0.005
141,vol_12m,0.0034732970207197343,0.0034732970207197343,1,0.005
141,vol_regime_3_12,-0.0,0.0,0,0.005
141,log_volume,-0.0,0.0,0,0.005
141,abnormal_log_volume,0.0,0.0,0,0.005
141,macro_vix,-0.02802327680261158,0.02802327680261158,1,0.005
141,macro_epu,-0.0,0.0,0,0.005
141,macro_credit_spread,-0.0,0.0,0,0.005
141,macro_term_spread,0.00986542260712382,0.00986542260712382,1,0.005
141,mom_12_1_x_macro_epu,0.0,0.0,0,0.005
141,mom_12_1_x_macro_vix,-0.0,0.0,0,0.005
141,tsmom_12_x_macro_epu,0.0,0.0,0,0.005
141,tsmom_12_x_macro_vix,-0.0,0.0,0,0.005
141,ma_gap_12m_x_macro_epu,-0.0,0.0,0,0.005
141,ma_crossover_6_12_x_macro_vix,-0.009713800764750483,0.009713800764750483,1,0.005
141,reversal_1m_x_macro_epu,-0.0,0.0,0,0.005
141,reversal_1m_x_macro_vix,-0.0,0.0,0,0.005
141,reversal_1m_x_macro_credit_spread,-0.0,0.0,0,0.005
141,abnormal_log_volume_x_macro_epu,0.0,0.0,0,0.005
141,abnormal_log_volume_x_macro_vix,0.0,0.0,0,0.005
141,log_volume_x_macro_credit_spread,-0.0,0.0,0,0.005
141,vol_regime_3_12_x_macro_vix,-0.0,0.0,0,0.005
141,vol_regime_3_12_x_macro_term_spread,-0.0,0.0,0,0.005
141,vol_12m_x_macro_credit_spread,0.0,0.0,0,0.005
142,mom_12_1,0.0,0.0,0,0.005
142,mom_6_1,-0.0,0.0,0,0.005
142,mom_3_1,-0.0015336737657112207,0.0015336737657112207,1,0.005
142,tsmom_12,-0.0,0.0,0,0.005
142,tsmom_sign_12,0.0,0.0,0,0.005
142,reversal_1m,0.0,0.0,0,0.005
142,ma_gap_12m,-0.0,0.0,0,0.005
142,ma_crossover_6_12,-0.0,0.0,0,0.005
142,vol_3m,0.0,0.0,0,0.005
142,vol_12m,0.004542086059031728,0.004542086059031728,1,0.005
142,vol_regime_3_12,-0.0,0.0,0,0.005
142,log_volume,-0.0,0.0,0,0.005
142,abnormal_log_volume,-0.0,0.0,0,0.005
142,macro_vix,-0.028284021872394368,0.028284021872394368,1,0.005
142,macro_epu,0.0,0.0,0,0.005
142,macro_credit_spread,-0.0,0.0,0,0.005
142,macro_term_spread,0.009524910148910715,0.009524910148910715,1,0.005
142,mom_12_1_x_macro_epu,0.0,0.0,0,0.005
142,mom_12_1_x_macro_vix,-0.0,0.0,0,0.005
142,tsmom_12_x_macro_epu,0.0,0.0,0,0.005
142,tsmom_12_x_macro_vix,-0.0,0.0,0,0.005
142,ma_gap_12m_x_macro_epu,-0.0,0.0,0,0.005
142,ma_crossover_6_12_x_macro_vix,-0.009834661532548717,0.009834661532548717,1,0.005
142,reversal_1m_x_macro_epu,-0.0,0.0,0,0.005
142,reversal_1m_x_macro_vix,-0.0,0.0,0,0.005
142,reversal_1m_x_macro_credit_spread,-0.0,0.0,0,0.005
142,abnormal_log_volume_x_macro_epu,-0.0,0.0,0,0.005
142,abnormal_log_volume_x_macro_vix,-0.0,0.0,0,0.005
142,log_volume_x_macro_credit_spread,-0.0,0.0,0,0.005
142,vol_regime_3_12_x_macro_vix,-0.0,0.0,0,0.005
142,vol_regime_3_12_x_macro_term_spread,-0.0,0.0,0,0.005
142,vol_12m_x_macro_credit_spread,0.0,0.0,0,0.005
143,mom_12_1,0.0,0.0,0,0.005
143,mom_6_1,-0.0,0.0,0,0.005
143,mom_3_1,-0.0019181867309767079,0.0019181867309767079,1,0.005
143,tsmom_12,0.0,0.0,0,0.005
143,tsmom_sign_12,0.0,0.0,0,0.005
143,reversal_1m,0.0,0.0,0,0.005
143,ma_gap_12m,-0.0012250641772007056,0.0012250641772007056,1,0.005
143,ma_crossover_6_12,-0.0,0.0,0,0.005
143,vol_3m,0.0,0.0,0,0.005
143,vol_12m,0.0038193129567327087,0.0038193129567327087,1,0.005
143,vol_regime_3_12,-0.0,0.0,0,0.005
143,log_volume,-0.0,0.0,0,0.005
143,abnormal_log_volume,0.0,0.0,0,0.005
143,macro_vix,-0.027527609340236552,0.027527609340236552,1,0.005
143,macro_epu,-0.0,0.0,0,0.005
143,macro_credit_spread,-0.0,0.0,0,0.005
143,macro_term_spread,0.009229740727094976,0.009229740727094976,1,0.005
143,mom_12_1_x_macro_epu,0.0,0.0,0,0.005
143,mom_12_1_x_macro_vix,-0.0,0.0,0,0.005
143,tsmom_12_x_macro_epu,0.0,0.0,0,0.005
143,tsmom_12_x_macro_vix,0.0,0.0,0,0.005
143,ma_gap_12m_x_macro_epu,-0.0,0.0,0,0.005
143,ma_crossover_6_12_x_macro_vix,-0.008533473501307676,0.008533473501307676,1,0.005
143,reversal_1m_x_macro_epu,-0.0,0.0,0,0.005
143,reversal_1m_x_macro_vix,-0.0,0.0,0,0.005
143,reversal_1m_x_macro_credit_spread,-0.0,0.0,0,0.005
143,abnormal_log_volume_x_macro_epu,-0.0,0.0,0,0.005
143,abnormal_log_volume_x_macro_vix,-0.0,0.0,0,0.005
143,log_volume_x_macro_credit_spread,-0.0,0.0,0,0.005
143,vol_regime_3_12_x_macro_vix,-0.0,0.0,0,0.005
143,vol_regime_3_12_x_macro_term_spread,-0.0,0.0,0,0.005
143,vol_12m_x_macro_credit_spread,0.0,0.0,0,0.005
144,mom_12_1,0.0,0.0,0,0.005
144,mom_6_1,-0.0,0.0,0,0.005
144,mom_3_1,-0.000932379264325082,0.000932379264325082,1,0.005
144,tsmom_12,0.0,0.0,0,0.005
144,tsmom_sign_12,0.0,0.0,0,0.005
144,reversal_1m,0.0,0.0,0,0.005
144,ma_gap_12m,-0.0005354642059724105,0.0005354642059724105,1,0.005
144,ma_crossover_6_12,-0.0,0.0,0,0.005
144,vol_3m,0.0,0.0,0,0.005
144,vol_12m,0.00293810723750791,0.00293810723750791,1,0.005
144,vol_regime_3_12,-0.0,0.0,0,0.005
144,log_volume,-0.0,0.0,0,0.005
144,abnormal_log_volume,-0.0,0.0,0,0.005
144,macro_vix,-0.026836013885030575,0.026836013885030575,1,0.005
144,macro_epu,-0.0,0.0,0,0.005
144,macro_credit_spread,-0.0,0.0,0,0.005
144,macro_term_spread,0.008602433850431603,0.008602433850431603,1,0.005
144,mom_12_1_x_macro_epu,0.0,0.0,0,0.005
144,mom_12_1_x_macro_vix,0.0,0.0,0,0.005
144,tsmom_12_x_macro_epu,0.0,0.0,0,0.005
144,tsmom_12_x_macro_vix,-0.0,0.0,0,0.005
144,ma_gap_12m_x_macro_epu,-0.0,0.0,0,0.005
144,ma_crossover_6_12_x_macro_vix,-0.009043028036802882,0.009043028036802882,1,0.005
144,reversal_1m_x_macro_epu,-0.0,0.0,0,0.005
144,reversal_1m_x_macro_vix,-0.0,0.0,0,0.005
144,reversal_1m_x_macro_credit_spread,-0.0,0.0,0,0.005
144,abnormal_log_volume_x_macro_epu,-0.0,0.0,0,0.005
144,abnormal_log_volume_x_macro_vix,-0.0,0.0,0,0.005
144,log_volume_x_macro_credit_spread,-0.0,0.0,0,0.005
144,vol_regime_3_12_x_macro_vix,-0.0,0.0,0,0.005
144,vol_regime_3_12_x_macro_term_spread,-0.0,0.0,0,0.005
144,vol_12m_x_macro_credit_spread,0.0,0.0,0,0.005
145,mom_12_1,0.0,0.0,0,0.005
145,mom_6_1,-0.0,0.0,0,0.005
145,mom_3_1,-0.000803784632920016,0.000803784632920016,1,0.005
145,tsmom_12,0.0,0.0,0,0.005
145,tsmom_sign_12,0.0,0.0,0,0.005
145,reversal_1m,0.0,0.0,0,0.005
145,ma_gap_12m,-0.000392862089090553,0.000392862089090553,1,0.005
145,ma_crossover_6_12,-0.0,0.0,0,0.005
145,vol_3m,0.0,0.0,0,0.005
145,vol_12m,0.0026954964306438547,0.0026954964306438547,1,0.005
145,vol_regime_3_12,-0.0,0.0,0,0.005
145,log_volume,-0.0,0.0,0,0.005
145,abnormal_log_volume,-0.0,0.0,0,0.005
145,macro_vix,-0.02671497014737097,0.02671497014737097,1,0.005
145,macro_epu,-0.0,0.0,0,0.005
145,macro_credit_spread,-0.0,0.0,0,0.005
145,macro_term_spread,0.00845223766840193,0.00845223766840193,1,0.005
145,mom_12_1_x_macro_epu,0.0,0.0,0,0.005
145,mom_12_1_x_macro_vix,-0.0,0.0,0,0.005
145,tsmom_12_x_macro_epu,0.0,0.0,0,0.005
145,tsmom_12_x_macro_vix,-0.0,0.0,0,0.005
145,ma_gap_12m_x_macro_epu,-0.0,0.0,0,0.005
145,ma_crossover_6_12_x_macro_vix,-0.009150430276481545,0.009150430276481545,1,0.005
145,reversal_1m_x_macro_epu,-0.0,0.0,0,0.005
145,reversal_1m_x_macro_vix,-0.0,0.0,0,0.005
145,reversal_1m_x_macro_credit_spread,-0.0,0.0,0,0.005
145,abnormal_log_volume_x_macro_epu,-0.0,0.0,0,0.005
145,abnormal_log_volume_x_macro_vix,-0.0,0.0,0,0.005
145,log_volume_x_macro_credit_spread,-0.0,0.0,0,0.005
145,vol_regime_3_12_x_macro_vix,-0.0,0.0,0,0.005
145,vol_regime_3_12_x_macro_term_spread,-0.0,0.0,0,0.005
145,vol_12m_x_macro_credit_spread,0.0,0.0,0,0.005
146,mom_12_1,0.0,0.0,0,0.005
146,mom_6_1,-0.0,0.0,0,0.005
146,mom_3_1,-0.0,0.0,0,0.005
146,tsmom_12,0.0,0.0,0,0.005
146,tsmom_sign_12,0.0,0.0,0,0.005
146,reversal_1m,0.0,0.0,0,0.005
146,ma_gap_12m,-0.0018280763083308256,0.0018280763083308256,1,0.005
146,ma_crossover_6_12,-0.0,0.0,0,0.005
146,vol_3m,0.0,0.0,0,0.005
146,vol_12m,0.0029279382206475156,0.0029279382206475156,1,0.005
146,vol_regime_3_12,-0.0,0.0,0,0.005
146,log_volume,-0.0,0.0,0,0.005
146,abnormal_log_volume,-0.0,0.0,0,0.005
146,macro_vix,-0.02724278892838851,0.02724278892838851,1,0.005
146,macro_epu,-0.0,0.0,0,0.005
146,macro_credit_spread,-0.0,0.0,0,0.005
146,macro_term_spread,0.008571398147490153,0.008571398147490153,1,0.005
146,mom_12_1_x_macro_epu,0.0,0.0,0,0.005
146,mom_12_1_x_macro_vix,-0.0,0.0,0,0.005
146,tsmom_12_x_macro_epu,0.0,0.0,0,0.005
146,tsmom_12_x_macro_vix,-0.0,0.0,0,0.005
146,ma_gap_12m_x_macro_epu,-0.0,0.0,0,0.005
146,ma_crossover_6_12_x_macro_vix,-0.008675295242899495,0.008675295242899495,1,0.005
146,reversal_1m_x_macro_epu,-0.0,0.0,0,0.005
146,reversal_1m_x_macro_vix,-0.0,0.0,0,0.005
146,reversal_1m_x_macro_credit_spread,-0.0,0.0,0,0.005
146,abnormal_log_volume_x_macro_epu,-0.0,0.0,0,0.005
146,abnormal_log_volume_x_macro_vix,-0.0,0.0,0,0.005
146,log_volume_x_macro_credit_spread,-0.0,0.0,0,0.005
146,vol_regime_3_12_x_macro_vix,-0.0,0.0,0,0.005
146,vol_regime_3_12_x_macro_term_spread,-0.0,0.0,0,0.005
146,vol_12m_x_macro_credit_spread,0.0,0.0,0,0.005
147,mom_12_1,0.0,0.0,0,0.005
147,mom_6_1,-0.0,0.0,0,0.005
147,mom_3_1,-0.0,0.0,0,0.005
147,tsmom_12,-0.0,0.0,0,0.005
147,tsmom_sign_12,0.0,0.0,0,0.005
147,reversal_1m,0.0,0.0,0,0.005
147,ma_gap_12m,-0.0018841919117819825,0.0018841919117819825,1,0.005
147,ma_crossover_6_12,-0.0,0.0,0,0.005
147,vol_3m,0.0,0.0,0,0.005
147,vol_12m,0.0036090635111743576,0.0036090635111743576,1,0.005
147,vol_regime_3_12,-0.0,0.0,0,0.005
147,log_volume,-0.0,0.0,0,0.005
147,abnormal_log_volume,-0.0,0.0,0,0.005
147,macro_vix,-0.0277054422794108,0.0277054422794108,1,0.005
147,macro_epu,-0.0,0.0,0,0.005
147,macro_credit_spread,0.0,0.0,0,0.005
147,macro_term_spread,0.008714321908727066,0.008714321908727066,1,0.005
147,mom_12_1_x_macro_epu,0.0,0.0,0,0.005
147,mom_12_1_x_macro_vix,-0.0,0.0,0,0.005
147,tsmom_12_x_macro_epu,0.0,0.0,0,0.005
147,tsmom_12_x_macro_vix,0.0,0.0,0,0.005
147,ma_gap_12m_x_macro_epu,-0.0,0.0,0,0.005
147,ma_crossover_6_12_x_macro_vix,-0.008997703906679337,0.008997703906679337,1,0.005
147,reversal_1m_x_macro_epu,-0.0,0.0,0,0.005
147,reversal_1m_x_macro_vix,-0.0,0.0,0,0.005
147,reversal_1m_x_macro_credit_spread,-0.0,0.0,0,0.005
147,abnormal_log_volume_x_macro_epu,-0.0,0.0,0,0.005
147,abnormal_log_volume_x_macro_vix,-0.0,0.0,0,0.005
147,log_volume_x_macro_credit_spread,-0.0,0.0,0,0.005
147,vol_regime_3_12_x_macro_vix,-0.0,0.0,0,0.005
147,vol_regime_3_12_x_macro_term_spread,-0.0,0.0,0,0.005
147,vol_12m_x_macro_credit_spread,0.0,0.0,0,0.005
148,mom_12_1,0.0,0.0,0,0.005
148,mom_6_1,-0.0,0.0,0,0.005
148,mom_3_1,-0.0,0.0,0,0.005
148,tsmom_12,-0.0,0.0,0,0.005
148,tsmom_sign_12,0.0,0.0,0,0.005
148,reversal_1m,-0.0,0.0,0,0.005
148,ma_gap_12m,-0.001390883901563361,0.001390883901563361,1,0.005
148,ma_crossover_6_12,-0.0,0.0,0,0.005
148,vol_3m,0.0,0.0,0,0.005
148,vol_12m,0.0033252681591568784,0.0033252681591568784,1,0.005
148,vol_regime_3_12,-0.0,0.0,0,0.005
148,log_volume,-0.0,0.0,0,0.005
148,abnormal_log_volume,-0.0,0.0,0,0.005
148,macro_vix,-0.027254277304554184,0.027254277304554184,1,0.005
148,macro_epu,-0.0,0.0,0,0.005
148,macro_credit_spread,-0.0,0.0,0,0.005
148,macro_term_spread,0.008360928442178475,0.008360928442178475,1,0.005
148,mom_12_1_x_macro_epu,0.0,0.0,0,0.005
148,mom_12_1_x_macro_vix,-0.0,0.0,0,0.005
148,tsmom_12_x_macro_epu,0.0,0.0,0,0.005
148,tsmom_12_x_macro_vix,-0.0,0.0,0,0.005
148,ma_gap_12m_x_macro_epu,-0.0,0.0,0,0.005
148,ma_crossover_6_12_x_macro_vix,-0.009125642806209765,0.009125642806209765,1,0.005
148,reversal_1m_x_macro_epu,-0.0,0.0,0,0.005
148,reversal_1m_x_macro_vix,-0.0,0.0,0,0.005
148,reversal_1m_x_macro_credit_spread,-0.0,0.0,0,0.005
148,abnormal_log_volume_x_macro_epu,-0.0,0.0,0,0.005
148,abnormal_log_volume_x_macro_vix,-0.0,0.0,0,0.005
148,log_volume_x_macro_credit_spread,-0.0,0.0,0,0.005
148,vol_regime_3_12_x_macro_vix,-0.0,0.0,0,0.005
148,vol_regime_3_12_x_macro_term_spread,-0.0,0.0,0,0.005
148,vol_12m_x_macro_credit_spread,0.0,0.0,0,0.005
149,mom_12_1,0.0,0.0,0,0.005
149,mom_6_1,-0.0,0.0,0,0.005
149,mom_3_1,-0.0003440143909784124,0.0003440143909784124,1,0.005
149,tsmom_12,0.0,0.0,0,0.005
149,tsmom_sign_12,0.0,0.0,0,0.005
149,reversal_1m,-0.0,0.0,0,0.005
149,ma_gap_12m,-0.0017892508909394978,0.0017892508909394978,1,0.005
149,ma_crossover_6_12,-0.0,0.0,0,0.005
149,vol_3m,0.0,0.0,0,0.005
149,vol_12m,0.003596759359697821,0.003596759359697821,1,0.005
149,vol_regime_3_12,-0.0,0.0,0,0.005
149,log_volume,-0.0,0.0,0,0.005
149,abnormal_log_volume,-0.0,0.0,0,0.005
149,macro_vix,-0.02759541595499499,0.02759541595499499,1,0.005
149,macro_epu,-0.0,0.0,0,0.005
149,macro_credit_spread,-0.0,0.0,0,0.005
149,macro_term_spread,0.008809299876752597,0.008809299876752597,1,0.005
149,mom_12_1_x_macro_epu,0.0,0.0,0,0.005
149,mom_12_1_x_macro_vix,-0.0,0.0,0,0.005
149,tsmom_12_x_macro_epu,0.0,0.0,0,0.005
149,tsmom_12_x_macro_vix,0.0,0.0,0,0.005
149,ma_gap_12m_x_macro_epu,-0.0,0.0,0,0.005
149,ma_crossover_6_12_x_macro_vix,-0.008931895508518084,0.008931895508518084,1,0.005
149,reversal_1m_x_macro_epu,-0.0,0.0,0,0.005
149,reversal_1m_x_macro_vix,-0.00020030951037438023,0.00020030951037438023,1,0.005
149,reversal_1m_x_macro_credit_spread,-0.0,0.0,0,0.005
149,abnormal_log_volume_x_macro_epu,-0.0,0.0,0,0.005
149,abnormal_log_volume_x_macro_vix,-0.0,0.0,0,0.005
149,log_volume_x_macro_credit_spread,-0.0,0.0,0,0.005
149,vol_regime_3_12_x_macro_vix,-0.0,0.0,0,0.005
149,vol_regime_3_12_x_macro_term_spread,-0.0,0.0,0,0.005
149,vol_12m_x_macro_credit_spread,0.0,0.0,0,0.005
150,mom_12_1,0.0,0.0,0,0.005
150,mom_6_1,-0.0,0.0,0,0.005
150,mom_3_1,-0.0003178894186283048,0.0003178894186283048,1,0.005
150,tsmom_12,0.0,0.0,0,0.005
150,tsmom_sign_12,0.0,0.0,0,0.005
150,reversal_1m,-0.0,0.0,0,0.005
150,ma_gap_12m,-0.0024149050927489454,0.0024149050927489454,1,0.005
150,ma_crossover_6_12,-0.0,0.0,0,0.005
150,vol_3m,0.0,0.0,0,0.005
150,vol_12m,0.0033928308660173667,0.0033928308660173667,1,0.005
150,vol_regime_3_12,-0.0,0.0,0,0.005
150,log_volume,-0.0,0.0,0,0.005
150,abnormal_log_volume,0.0,0.0,0,0.005
150,macro_vix,-0.02819399425983514,0.02819399425983514,1,0.005
150,macro_epu,-0.0,0.0,0,0.005
150,macro_credit_spread,-0.0,0.0,0,0.005
150,macro_term_spread,0.009519351457263254,0.009519351457263254,1,0.005
150,mom_12_1_x_macro_epu,0.0,0.0,0,0.005
150,mom_12_1_x_macro_vix,0.0,0.0,0,0.005
150,tsmom_12_x_macro_epu,0.0,0.0,0,0.005
150,tsmom_12_x_macro_vix,0.0,0.0,0,0.005
150,ma_gap_12m_x_macro_epu,-0.0,0.0,0,0.005
150,ma_crossover_6_12_x_macro_vix,-0.008680799853147044,0.008680799853147044,1,0.005
150,reversal_1m_x_macro_epu,-0.0,0.0,0,0.005
150,reversal_1m_x_macro_vix,-0.00026975256131735924,0.00026975256131735924,1,0.005
150,reversal_1m_x_macro_credit_spread,-0.0,0.0,0,0.005
150,abnormal_log_volume_x_macro_epu,-0.0,0.0,0,0.005
150,abnormal_log_volume_x_macro_vix,-0.0,0.0,0,0.005
150,log_volume_x_macro_credit_spread,-0.0,0.0,0,0.005
150,vol_regime_3_12_x_macro_vix,-0.0,0.0,0,0.005
150,vol_regime_3_12_x_macro_term_spread,-0.0,0.0,0,0.005
150,vol_12m_x_macro_credit_spread,0.0,0.0,0,0.005
151,mom_12_1,0.0,0.0,0,0.005
151,mom_6_1,-0.0,0.0,0,0.005
151,mom_3_1,-0.0,0.0,0,0.005
151,tsmom_12,0.0,0.0,0,0.005
151,tsmom_sign_12,0.0,0.0,0,0.005
151,reversal_1m,-0.0,0.0,0,0.005
151,ma_gap_12m,-0.0037018991134204586,0.0037018991134204586,1,0.005
151,ma_crossover_6_12,-0.0,0.0,0,0.005
151,vol_3m,0.0,0.0,0,0.005
151,vol_12m,0.0038583710509015713,0.0038583710509015713,1,0.005
151,vol_regime_3_12,-0.0,0.0,0,0.005
151,log_volume,-0.0,0.0,0,0.005
151,abnormal_log_volume,0.0,0.0,0,0.005
151,macro_vix,-0.028449343446178485,0.028449343446178485,1,0.005
151,macro_epu,-0.0,0.0,0,0.005
151,macro_credit_spread,-0.0,0.0,0,0.005
151,macro_term_spread,0.00982170685791717,0.00982170685791717,1,0.005
151,mom_12_1_x_macro_epu,0.0,0.0,0,0.005
151,mom_12_1_x_macro_vix,-0.0,0.0,0,0.005
151,tsmom_12_x_macro_epu,0.0,0.0,0,0.005
151,tsmom_12_x_macro_vix,0.0,0.0,0,0.005
151,ma_gap_12m_x_macro_epu,-0.0,0.0,0,0.005
151,ma_crossover_6_12_x_macro_vix,-0.007776624269764953,0.007776624269764953,1,0.005
151,reversal_1m_x_macro_epu,-0.0,0.0,0,0.005
151,reversal_1m_x_macro_vix,-0.0004912969428502269,0.0004912969428502269,1,0.005
151,reversal_1m_x_macro_credit_spread,-0.0,0.0,0,0.005
151,abnormal_log_volume_x_macro_epu,-0.0,0.0,0,0.005
151,abnormal_log_volume_x_macro_vix,-0.0,0.0,0,0.005
151,log_volume_x_macro_credit_spread,-0.0,0.0,0,0.005
151,vol_regime_3_12_x_macro_vix,-0.0,0.0,0,0.005
151,vol_regime_3_12_x_macro_term_spread,-0.0,0.0,0,0.005
151,vol_12m_x_macro_credit_spread,0.0,0.0,0,0.005
152,mom_12_1,0.0,0.0,0,0.005
152,mom_6_1,-0.0,0.0,0,0.005
152,mom_3_1,-0.0,0.0,0,0.005
152,tsmom_12,0.0,0.0,0,0.005
152,tsmom_sign_12,0.0,0.0,0,0.005
152,reversal_1m,-0.0,0.0,0,0.005
152,ma_gap_12m,-0.0039943083045956285,0.0039943083045956285,1,0.005
152,ma_crossover_6_12,-0.0,0.0,0,0.005
152,vol_3m,0.0,0.0,0,0.005
152,vol_12m,0.004174045087484458,0.004174045087484458,1,0.005
152,vol_regime_3_12,-0.0,0.0,0,0.005
152,log_volume,-0.0,0.0,0,0.005
152,abnormal_log_volume,0.0,0.0,0,0.005
152,macro_vix,-0.027810157817644038,0.027810157817644038,1,0.005
152,macro_epu,-0.0,0.0,0,0.005
152,macro_credit_spread,-0.0,0.0,0,0.005
152,macro_term_spread,0.009818442582049421,0.009818442582049421,1,0.005
152,mom_12_1_x_macro_epu,0.0,0.0,0,0.005
152,mom_12_1_x_macro_vix,-0.0,0.0,0,0.005
152,tsmom_12_x_macro_epu,0.0,0.0,0,0.005
152,tsmom_12_x_macro_vix,0.0,0.0,0,0.005
152,ma_gap_12m_x_macro_epu,-0.0,0.0,0,0.005
152,ma_crossover_6_12_x_macro_vix,-0.007212211918846295,0.007212211918846295,1,0.005
152,reversal_1m_x_macro_epu,-0.0,0.0,0,0.005
152,reversal_1m_x_macro_vix,-0.00015155715965011775,0.00015155715965011775,1,0.005
152,reversal_1m_x_macro_credit_spread,-0.0,0.0,0,0.005
152,abnormal_log_volume_x_macro_epu,-0.0,0.0,0,0.005
152,abnormal_log_volume_x_macro_vix,-0.0,0.0,0,0.005
152,log_volume_x_macro_credit_spread,-0.0,0.0,0,0.005
152,vol_regime_3_12_x_macro_vix,-0.0,0.0,0,0.005
152,vol_regime_3_12_x_macro_term_spread,-0.0,0.0,0,0.005
152,vol_12m_x_macro_credit_spread,0.0,0.0,0,0.005
153,mom_12_1,-0.004409211823894039,0.004409211823894039,1,0.0001
153,mom_6_1,0.00042487706755519754,0.00042487706755519754,1,0.0001
153,mom_3_1,-3.673395060245116e-05,3.673395060245116e-05,1,0.0001
153,tsmom_12,0.0,0.0,0,0.0001
153,tsmom_sign_12,0.0012202455753160635,0.0012202455753160635,1,0.0001
153,reversal_1m,-0.0019063982219761208,0.0019063982219761208,1,0.0001
153,ma_gap_12m,-0.03716590752184098,0.03716590752184098,1,0.0001
153,ma_crossover_6_12,0.024361054590653852,0.024361054590653852,1,0.0001
153,vol_3m,-0.0024786221755825916,0.0024786221755825916,1,0.0001
153,vol_12m,0.0246370802660965,0.0246370802660965,1,0.0001
153,vol_regime_3_12,0.005703561244453636,0.005703561244453636,1,0.0001
153,log_volume,-0.00027997336690196604,0.00027997336690196604,1,0.0001
153,abnormal_log_volume,-0.0005334104991402481,0.0005334104991402481,1,0.0001
153,macro_vix,-0.035578475374595776,0.035578475374595776,1,0.0001
153,macro_epu,-0.0031244315546479166,0.0031244315546479166,1,0.0001
153,macro_credit_spread,0.023270157746605808,0.023270157746605808,1,0.0001
153,macro_term_spread,0.011922669232344826,0.011922669232344826,1,0.0001
153,mom_12_1_x_macro_epu,0.009968262441120269,0.009968262441120269,1,0.0001
153,mom_12_1_x_macro_vix,-0.008598254232175851,0.008598254232175851,1,0.0001
153,tsmom_12_x_macro_epu,-0.008858527466443463,0.008858527466443463,1,0.0001
153,tsmom_12_x_macro_vix,0.01380509104248204,0.01380509104248204,1,0.0001
153,ma_gap_12m_x_macro_epu,0.024949705076243753,0.024949705076243753,1,0.0001
153,ma_crossover_6_12_x_macro_vix,-0.031066051289773466,0.031066051289773466,1,0.0001
153,reversal_1m_x_macro_epu,0.010145275602664549,0.010145275602664549,1,0.0001
153,reversal_1m_x_macro_vix,-0.006561095366517025,0.006561095366517025,1,0.0001
153,reversal_1m_x_macro_credit_spread,-0.004525701824300432,0.004525701824300432,1,0.0001
153,abnormal_log_volume_x_macro_epu,-0.0014845519723569818,0.0014845519723569818,1,0.0001
153,abnormal_log_volume_x_macro_vix,0.003216554946176891,0.003216554946176891,1,0.0001
153,log_volume_x_macro_credit_spread,-0.00914845161773294,0.00914845161773294,1,0.0001
153,vol_regime_3_12_x_macro_vix,-0.006708592219386817,0.006708592219386817,1,0.0001
153,vol_regime_3_12_x_macro_term_spread,0.0010967928121051462,0.0010967928121051462,1,0.0001
153,vol_12m_x_macro_credit_spread,-0.021320961510915226,0.021320961510915226,1,0.0001
154,mom_12_1,-0.0006277205851672561,0.0006277205851672561,1,0.0001
154,mom_6_1,0.00011978456384349928,0.00011978456384349928,1,0.0001
154,mom_3_1,-7.477886442654093e-05,7.477886442654093e-05,1,0.0001
154,tsmom_12,0.0,0.0,0,0.0001
154,tsmom_sign_12,0.001009921761936728,0.001009921761936728,1,0.0001
154,reversal_1m,-0.001960687859320919,0.001960687859320919,1,0.0001
154,ma_gap_12m,-0.039100337255463025,0.039100337255463025,1,0.0001
154,ma_crossover_6_12,0.02330498335546562,0.02330498335546562,1,0.0001
154,vol_3m,-0.0025421324423580962,0.0025421324423580962,1,0.0001
154,vol_12m,0.025160193220282803,0.025160193220282803,1,0.0001
154,vol_regime_3_12,0.00608456880590574,0.00608456880590574,1,0.0001
154,log_volume,-0.0,0.0,0,0.0001
154,abnormal_log_volume,-0.00022455976956212812,0.00022455976956212812,1,0.0001
154,macro_vix,-0.032428540113321164,0.032428540113321164,1,0.0001
154,macro_epu,-0.003423564058007428,0.003423564058007428,1,0.0001
154,macro_credit_spread,0.023170160393821783,0.023170160393821783,1,0.0001
154,macro_term_spread,0.011797494042235032,0.011797494042235032,1,0.0001
154,mom_12_1_x_macro_epu,0.01137969339340674,0.01137969339340674,1,0.0001
154,mom_12_1_x_macro_vix,-0.015291558328668076,0.015291558328668076,1,0.0001
154,tsmom_12_x_macro_epu,-0.00925436125607981,0.00925436125607981,1,0.0001
154,tsmom_12_x_macro_vix,0.014588420532862958,0.014588420532862958,1,0.0001
154,ma_gap_12m_x_macro_epu,0.025719783853274645,0.025719783853274645,1,0.0001
154,ma_crossover_6_12_x_macro_vix,-0.027692993315171492,0.027692993315171492,1,0.0001
154,reversal_1m_x_macro_epu,0.010470374709736312,0.010470374709736312,1,0.0001
154,reversal_1m_x_macro_vix,-0.006658923498463363,0.006658923498463363,1,0.0001
154,reversal_1m_x_macro_credit_spread,-0.00516974264773308,0.00516974264773308,1,0.0001
154,abnormal_log_volume_x_macro_epu,-0.0014997461860803913,0.0014997461860803913,1,0.0001
154,abnormal_log_volume_x_macro_vix,0.0025576426318128505,0.0025576426318128505,1,0.0001
154,log_volume_x_macro_credit_spread,-0.010886856479013333,0.010886856479013333,1,0.0001
154,vol_regime_3_12_x_macro_vix,-0.007330652595663551,0.007330652595663551,1,0.0001
154,vol_regime_3_12_x_macro_term_spread,0.0013611408912715434,0.0013611408912715434,1,0.0001
154,vol_12m_x_macro_credit_spread,-0.021451829256103665,0.021451829256103665,1,0.0001
155,mom_12_1,-0.0,0.0,0,0.005
155,mom_6_1,-0.0,0.0,0,0.005
155,mom_3_1,-0.00045433422927464455,0.00045433422927464455,1,0.005
155,tsmom_12,-0.0,0.0,0,0.005
155,tsmom_sign_12,-0.0,0.0,0,0.005
155,reversal_1m,0.0,0.0,0,0.005
155,ma_gap_12m,-0.0037281722615849413,0.0037281722615849413,1,0.005
155,ma_crossover_6_12,-0.0,0.0,0,0.005
155,vol_3m,0.0,0.0,0,0.005
155,vol_12m,0.0045556923845898305,0.0045556923845898305,1,0.005
155,vol_regime_3_12,-0.0,0.0,0,0.005
155,log_volume,-0.0,0.0,0,0.005
155,abnormal_log_volume,0.0,0.0,0,0.005
155,macro_vix,-0.026832507378911068,0.026832507378911068,1,0.005
155,macro_epu,-0.0,0.0,0,0.005
155,macro_credit_spread,-0.0,0.0,0,0.005
155,macro_term_spread,0.00927615970503868,0.00927615970503868,1,0.005
155,mom_12_1_x_macro_epu,0.0,0.0,0,0.005
155,mom_12_1_x_macro_vix,-0.0,0.0,0,0.005
155,tsmom_12_x_macro_epu,0.0,0.0,0,0.005
155,tsmom_12_x_macro_vix,-0.0,0.0,0,0.005
155,ma_gap_12m_x_macro_epu,-0.0,0.0,0,0.005
155,ma_crossover_6_12_x_macro_vix,-0.007114145766652062,0.007114145766652062,1,0.005
155,reversal_1m_x_macro_epu,-0.0,0.0,0,0.005
155,reversal_1m_x_macro_vix,-0.0011228879433611257,0.0011228879433611257,1,0.005
155,reversal_1m_x_macro_credit_spread,-0.0,0.0,0,0.005
155,abnormal_log_volume_x_macro_epu,-0.0,0.0,0,0.005
155,abnormal_log_volume_x_macro_vix,-0.0,0.0,0,0.005
155,log_volume_x_macro_credit_spread,-0.0,0.0,0,0.005
155,vol_regime_3_12_x_macro_vix,-0.0,0.0,0,0.005
155,vol_regime_3_12_x_macro_term_spread,-0.0,0.0,0,0.005
155,vol_12m_x_macro_credit_spread,0.0,0.0,0,0.005
156,mom_12_1,-0.0,0.0,0,0.005
156,mom_6_1,-0.0,0.0,0,0.005
156,mom_3_1,-0.000714881178500114,0.000714881178500114,1,0.005
156,tsmom_12,-0.0,0.0,0,0.005
156,tsmom_sign_12,-0.0,0.0,0,0.005
156,reversal_1m,0.0,0.0,0,0.005
156,ma_gap_12m,-0.001146304495612913,0.001146304495612913,1,0.005
156,ma_crossover_6_12,-0.0,0.0,0,0.005
156,vol_3m,0.0,0.0,0,0.005
156,vol_12m,0.004121072903057683,0.004121072903057683,1,0.005
156,vol_regime_3_12,-0.0,0.0,0,0.005
156,log_volume,-0.0,0.0,0,0.005
156,abnormal_log_volume,-0.0,0.0,0,0.005
156,macro_vix,-0.026523262159604957,0.026523262159604957,1,0.005
156,macro_epu,-0.0,0.0,0,0.005
156,macro_credit_spread,-0.0,0.0,0,0.005
156,macro_term_spread,0.00896619624099303,0.00896619624099303,1,0.005
156,mom_12_1_x_macro_epu,0.0,0.0,0,0.005
156,mom_12_1_x_macro_vix,-0.0,0.0,0,0.005
156,tsmom_12_x_macro_epu,0.0,0.0,0,0.005
156,tsmom_12_x_macro_vix,-0.0,0.0,0,0.005
156,ma_gap_12m_x_macro_epu,-0.0,0.0,0,0.005
156,ma_crossover_6_12_x_macro_vix,-0.008063722224640817,0.008063722224640817,1,0.005
156,reversal_1m_x_macro_epu,-0.0,0.0,0,0.005
156,reversal_1m_x_macro_vix,-0.0,0.0,0,0.005
156,reversal_1m_x_macro_credit_spread,-0.0,0.0,0,0.005
156,abnormal_log_volume_x_macro_epu,-0.0,0.0,0,0.005
156,abnormal_log_volume_x_macro_vix,-0.0,0.0,0,0.005
156,log_volume_x_macro_credit_spread,-0.0,0.0,0,0.005
156,vol_regime_3_12_x_macro_vix,-0.0,0.0,0,0.005
156,vol_regime_3_12_x_macro_term_spread,-0.0,0.0,0,0.005
156,vol_12m_x_macro_credit_spread,0.0,0.0,0,0.005
157,mom_12_1,0.0,0.0,0,0.0025
157,mom_6_1,-0.0,0.0,0,0.0025
157,mom_3_1,-0.001563769002727116,0.001563769002727116,1,0.0025
157,tsmom_12,0.0,0.0,0,0.0025
157,tsmom_sign_12,0.0,0.0,0,0.0025
157,reversal_1m,0.0,0.0,0,0.0025
157,ma_gap_12m,-0.0035009912060967106,0.0035009912060967106,1,0.0025
157,ma_crossover_6_12,-0.0,0.0,0,0.0025
157,vol_3m,0.0,0.0,0,0.0025
157,vol_12m,0.0058114102856534145,0.0058114102856534145,1,0.0025
157,vol_regime_3_12,-0.0,0.0,0,0.0025
157,log_volume,-0.00030127611515872436,0.00030127611515872436,1,0.0025
157,abnormal_log_volume,0.0,0.0,0,0.0025
157,macro_vix,-0.02918881791412246,0.02918881791412246,1,0.0025
157,macro_epu,-0.0,0.0,0,0.0025
157,macro_credit_spread,-0.0,0.0,0,0.0025
157,macro_term_spread,0.010748798487153826,0.010748798487153826,1,0.0025
157,mom_12_1_x_macro_epu,0.00013860767818274202,0.00013860767818274202,1,0.0025
157,mom_12_1_x_macro_vix,-0.0,0.0,0,0.0025
157,tsmom_12_x_macro_epu,0.0009682724560591736,0.0009682724560591736,1,0.0025
157,tsmom_12_x_macro_vix,0.0,0.0,0,0.0025
157,ma_gap_12m_x_macro_epu,0.0,0.0,0,0.0025
157,ma_crossover_6_12_x_macro_vix,-0.009275589829067248,0.009275589829067248,1,0.0025
157,reversal_1m_x_macro_epu,0.0,0.0,0,0.0025
157,reversal_1m_x_macro_vix,-0.0017728617659511724,0.0017728617659511724,1,0.0025
157,reversal_1m_x_macro_credit_spread,-0.0,0.0,0,0.0025
157,abnormal_log_volume_x_macro_epu,-0.0,0.0,0,0.0025
157,abnormal_log_volume_x_macro_vix,-0.0,0.0,0,0.0025
157,log_volume_x_macro_credit_spread,-0.0,0.0,0,0.0025
157,vol_regime_3_12_x_macro_vix,-0.0003804764609142129,0.0003804764609142129,1,0.0025
157,vol_regime_3_12_x_macro_term_spread,-0.0,0.0,0,0.0025
157,vol_12m_x_macro_credit_spread,-0.0,0.0,0,0.0025
158,mom_12_1,0.0,0.0,0,0.0025
158,mom_6_1,-0.0,0.0,0,0.0025
158,mom_3_1,-0.0012838597888958202,0.0012838597888958202,1,0.0025
158,tsmom_12,0.0,0.0,0,0.0025
158,tsmom_sign_12,0.0,0.0,0,0.0025
158,reversal_1m,0.0,0.0,0,0.0025
158,ma_gap_12m,-0.0035417497859005333,0.0035417497859005333,1,0.0025
158,ma_crossover_6_12,-0.0,0.0,0,0.0025
158,vol_3m,0.0,0.0,0,0.0025
158,vol_12m,0.005854881301361817,0.005854881301361817,1,0.0025
158,vol_regime_3_12,-0.0,0.0,0,0.0025
158,log_volume,-0.00041353288261354197,0.00041353288261354197,1,0.0025
158,abnormal_log_volume,0.0,0.0,0,0.0025
158,macro_vix,-0.02939498971498568,0.02939498971498568,1,0.0025
158,macro_epu,-0.0,0.0,0,0.0025
158,macro_credit_spread,-0.0,0.0,0,0.0025
158,macro_term_spread,0.010867231701808113,0.010867231701808113,1,0.0025
158,mom_12_1_x_macro_epu,0.0003769059090846831,0.0003769059090846831,1,0.0025
158,mom_12_1_x_macro_vix,-0.0,0.0,0,0.0025
158,tsmom_12_x_macro_epu,0.001195523640241656,0.001195523640241656,1,0.0025
158,tsmom_12_x_macro_vix,0.0,0.0,0,0.0025
158,ma_gap_12m_x_macro_epu,0.0,0.0,0,0.0025
158,ma_crossover_6_12_x_macro_vix,-0.00998901231104388,0.00998901231104388,1,0.0025
158,reversal_1m_x_macro_epu,-0.0,0.0,0,0.0025
158,reversal_1m_x_macro_vix,-0.0016309996524512098,0.0016309996524512098,1,0.0025
158,reversal_1m_x_macro_credit_spread,-0.0,0.0,0,0.0025
158,abnormal_log_volume_x_macro_epu,-0.0,0.0,0,0.0025
158,abnormal_log_volume_x_macro_vix,-0.0,0.0,0,0.0025
158,log_volume_x_macro_credit_spread,-0.0,0.0,0,0.0025
158,vol_regime_3_12_x_macro_vix,-0.0003091669726641561,0.0003091669726641561,1,0.0025
158,vol_regime_3_12_x_macro_term_spread,-0.0,0.0,0,0.0025
158,vol_12m_x_macro_credit_spread,-0.0,0.0,0,0.0025
159,mom_12_1,0.0,0.0,0,0.0025
159,mom_6_1,-0.0,0.0,0,0.0025
159,mom_3_1,-0.0010394722308634653,0.0010394722308634653,1,0.0025
159,tsmom_12,0.0,0.0,0,0.0025
159,tsmom_sign_12,0.0,0.0,0,0.0025
159,reversal_1m,0.0,0.0,0,0.0025
159,ma_gap_12m,-0.003905820201676956,0.003905820201676956,1,0.0025
159,ma_crossover_6_12,-0.0,0.0,0,0.0025
159,vol_3m,0.0,0.0,0,0.0025
159,vol_12m,0.005889764323719069,0.005889764323719069,1,0.0025
159,vol_regime_3_12,-0.0,0.0,0,0.0025
159,log_volume,-0.0005634490686848122,0.0005634490686848122,1,0.0025
159,abnormal_log_volume,0.0,0.0,0,0.0025
159,macro_vix,-0.029247693398479158,0.029247693398479158,1,0.0025
159,macro_epu,-0.0,0.0,0,0.0025
159,macro_credit_spread,-0.0,0.0,0,0.0025
159,macro_term_spread,0.010874753396077193,0.010874753396077193,1,0.0025
159,mom_12_1_x_macro_epu,0.0004045499087349365,0.0004045499087349365,1,0.0025
159,mom_12_1_x_macro_vix,-0.0,0.0,0,0.0025
159,tsmom_12_x_macro_epu,0.0012351633816805826,0.0012351633816805826,1,0.0025
159,tsmom_12_x_macro_vix,0.0,0.0,0,0.0025
159,ma_gap_12m_x_macro_epu,0.0,0.0,0,0.0025
159,ma_crossover_6_12_x_macro_vix,-0.010031034785054745,0.010031034785054745,1,0.0025
159,reversal_1m_x_macro_epu,-0.0,0.0,0,0.0025
159,reversal_1m_x_macro_vix,-0.001714761086765755,0.001714761086765755,1,0.0025
159,reversal_1m_x_macro_credit_spread,-0.0,0.0,0,0.0025
159,abnormal_log_volume_x_macro_epu,-0.0,0.0,0,0.0025
159,abnormal_log_volume_x_macro_vix,-0.0,0.0,0,0.0025
159,log_volume_x_macro_credit_spread,-0.0,0.0,0,0.0025
159,vol_regime_3_12_x_macro_vix,-0.00034052027303126337,0.00034052027303126337,1,0.0025
159,vol_regime_3_12_x_macro_term_spread,-0.0,0.0,0,0.0025
159,vol_12m_x_macro_credit_spread,-0.0,0.0,0,0.0025
160,mom_12_1,0.0,0.0,0,0.0025
160,mom_6_1,-0.0,0.0,0,0.0025
160,mom_3_1,-0.0012415451446201374,0.0012415451446201374,1,0.0025
160,tsmom_12,0.0,0.0,0,0.0025
160,tsmom_sign_12,0.0,0.0,0,0.0025
160,reversal_1m,0.0,0.0,0,0.0025
160,ma_gap_12m,-0.003396496503165705,0.003396496503165705,1,0.0025
160,ma_crossover_6_12,-0.0,0.0,0,0.0025
160,vol_3m,0.0,0.0,0,0.0025
160,vol_12m,0.006024654862363279,0.006024654862363279,1,0.0025
160,vol_regime_3_12,-0.0,0.0,0,0.0025
160,log_volume,-0.0004531686969370197,0.0004531686969370197,1,0.0025
160,abnormal_log_volume,-0.0,0.0,0,0.0025
160,macro_vix,-0.029500196293756276,0.029500196293756276,1,0.0025
160,macro_epu,0.0,0.0,0,0.0025
160,macro_credit_spread,-0.0,0.0,0,0.0025
160,macro_term_spread,0.01086278785727058,0.01086278785727058,1,0.0025
160,mom_12_1_x_macro_epu,0.00014679591291262448,0.00014679591291262448,1,0.0025
160,mom_12_1_x_macro_vix,-0.0,0.0,0,0.0025
160,tsmom_12_x_macro_epu,0.001575900890333827,0.001575900890333827,1,0.0025
160,tsmom_12_x_macro_vix,0.0,0.0,0,0.0025
160,ma_gap_12m_x_macro_epu,0.0,0.0,0,0.0025
160,ma_crossover_6_12_x_macro_vix,-0.010403759248855752,0.010403759248855752,1,0.0025
160,reversal_1m_x_macro_epu,-0.0,0.0,0,0.0025
160,reversal_1m_x_macro_vix,-0.0014634237077204995,0.0014634237077204995,1,0.0025
160,reversal_1m_x_macro_credit_spread,-0.0,0.0,0,0.0025
160,abnormal_log_volume_x_macro_epu,-0.0,0.0,0,0.0025
160,abnormal_log_volume_x_macro_vix,-0.0,0.0,0,0.0025
160,log_volume_x_macro_credit_spread,-0.0,0.0,0,0.0025
160,vol_regime_3_12_x_macro_vix,-0.0002813507528037018,0.0002813507528037018,1,0.0025
160,vol_regime_3_12_x_macro_term_spread,-0.0,0.0,0,0.0025
160,vol_12m_x_macro_credit_spread,-0.0,0.0,0,0.0025
161,mom_12_1,0.0,0.0,0,0.0025
161,mom_6_1,-0.0,0.0,0,0.0025
161,mom_3_1,-0.0013224632903656955,0.0013224632903656955,1,0.0025
161,tsmom_12,0.0,0.0,0,0.0025
161,tsmom_sign_12,0.0,0.0,0,0.0025
161,reversal_1m,0.0,0.0,0,0.0025
161,ma_gap_12m,-0.002793564139522913,0.002793564139522913,1,0.0025
161,ma_crossover_6_12,-0.0,0.0,0,0.0025
161,vol_3m,0.0,0.0,0,0.0025
161,vol_12m,0.005587183580148478,0.005587183580148478,1,0.0025
161,vol_regime_3_12,-0.0,0.0,0,0.0025
161,log_volume,-0.0001872742370703737,0.0001872742370703737,1,0.0025
161,abnormal_log_volume,-0.0,0.0,0,0.0025
161,macro_vix,-0.02919091515483158,0.02919091515483158,1,0.0025
161,macro_epu,-0.0,0.0,0,0.0025
161,macro_credit_spread,-0.0,0.0,0,0.0025
161,macro_term_spread,0.010565451009909282,0.010565451009909282,1,0.0025
161,mom_12_1_x_macro_epu,0.0011969997346102396,0.0011969997346102396,1,0.0025
161,mom_12_1_x_macro_vix,-0.0,0.0,0,0.0025
161,tsmom_12_x_macro_epu,0.0014453599824256432,0.0014453599824256432,1,0.0025
161,tsmom_12_x_macro_vix,-0.0,0.0,0,0.0025
161,ma_gap_12m_x_macro_epu,0.0,0.0,0,0.0025
161,ma_crossover_6_12_x_macro_vix,-0.011095669116141394,0.011095669116141394,1,0.0025
161,reversal_1m_x_macro_epu,-0.0,0.0,0,0.0025
161,reversal_1m_x_macro_vix,-0.0014430598342361866,0.0014430598342361866,1,0.0025
161,reversal_1m_x_macro_credit_spread,-0.0,0.0,0,0.0025
161,abnormal_log_volume_x_macro_epu,-8.261932669653603e-06,8.261932669653603e-06,1,0.0025
161,abnormal_log_volume_x_macro_vix,-0.0,0.0,0,0.0025
161,log_volume_x_macro_credit_spread,-0.0,0.0,0,0.0025
161,vol_regime_3_12_x_macro_vix,-1.0357386378619374e-05,1.0357386378619374e-05,1,0.0025
161,vol_regime_3_12_x_macro_term_spread,-0.0,0.0,0,0.0025
161,vol_12m_x_macro_credit_spread,-0.0,0.0,0,0.0025
162,mom_12_1,0.0,0.0,0,0.005
162,mom_6_1,-0.0,0.0,0,0.005
162,mom_3_1,-0.00037542981938560666,0.00037542981938560666,1,0.005
162,tsmom_12,0.0,0.0,0,0.005
162,tsmom_sign_12,0.0,0.0,0,0.005
162,reversal_1m,0.0,0.0,0,0.005
162,ma_gap_12m,-0.0,0.0,0,0.005
162,ma_crossover_6_12,-0.0,0.0,0,0.005
162,vol_3m,0.0,0.0,0,0.005
162,vol_12m,0.0040561043228010425,0.0040561043228010425,1,0.005
162,vol_regime_3_12,-0.0,0.0,0,0.005
162,log_volume,-0.0,0.0,0,0.005
162,abnormal_log_volume,-0.0,0.0,0,0.005
162,macro_vix,-0.026046053709077532,0.026046053709077532,1,0.005
162,macro_epu,-0.0,0.0,0,0.005
162,macro_credit_spread,-0.0,0.0,0,0.005
162,macro_term_spread,0.008650412744997971,0.008650412744997971,1,0.005
162,mom_12_1_x_macro_epu,0.0,0.0,0,0.005
162,mom_12_1_x_macro_vix,-0.0,0.0,0,0.005
162,tsmom_12_x_macro_epu,0.0,0.0,0,0.005
162,tsmom_12_x_macro_vix,0.0,0.0,0,0.005
162,ma_gap_12m_x_macro_epu,0.0,0.0,0,0.005
162,ma_crossover_6_12_x_macro_vix,-0.00965182848237894,0.00965182848237894,1,0.005
162,reversal_1m_x_macro_epu,-0.0,0.0,0,0.005
162,reversal_1m_x_macro_vix,-0.0,0.0,0,0.005
162,reversal_1m_x_macro_credit_spread,-0.0,0.0,0,0.005
162,abnormal_log_volume_x_macro_epu,-0.0,0.0,0,0.005
162,abnormal_log_volume_x_macro_vix,-0.0,0.0,0,0.005
162,log_volume_x_macro_credit_spread,-0.0,0.0,0,0.005
162,vol_regime_3_12_x_macro_vix,-0.0,0.0,0,0.005
162,vol_regime_3_12_x_macro_term_spread,-0.0,0.0,0,0.005
162,vol_12m_x_macro_credit_spread,0.0,0.0,0,0.005
163,mom_12_1,0.0,0.0,0,0.005
163,mom_6_1,-0.0,0.0,0,0.005
163,mom_3_1,-0.00031297582120163914,0.00031297582120163914,1,0.005
163,tsmom_12,0.0,0.0,0,0.005
163,tsmom_sign_12,0.0,0.0,0,0.005
163,reversal_1m,0.0,0.0,0,0.005
163,ma_gap_12m,-0.0,0.0,0,0.005
163,ma_crossover_6_12,-0.0,0.0,0,0.005
163,vol_3m,0.0,0.0,0,0.005
163,vol_12m,0.0042636044515572714,0.0042636044515572714,1,0.005
163,vol_regime_3_12,-0.0,0.0,0,0.005
163,log_volume,-0.0,0.0,0,0.005
163,abnormal_log_volume,-0.0,0.0,0,0.005
163,macro_vix,-0.02599957248878815,0.02599957248878815,1,0.005
163,macro_epu,-0.0,0.0,0,0.005
163,macro_credit_spread,-0.0,0.0,0,0.005
163,macro_term_spread,0.008520216403551216,0.008520216403551216,1,0.005
163,mom_12_1_x_macro_epu,0.0,0.0,0,0.005
163,mom_12_1_x_macro_vix,-0.0,0.0,0,0.005
163,tsmom_12_x_macro_epu,0.0,0.0,0,0.005
163,tsmom_12_x_macro_vix,-0.0,0.0,0,0.005
163,ma_gap_12m_x_macro_epu,0.0,0.0,0,0.005
163,ma_crossover_6_12_x_macro_vix,-0.009762130954849227,0.009762130954849227,1,0.005
163,reversal_1m_x_macro_epu,-0.0,0.0,0,0.005
163,reversal_1m_x_macro_vix,-5.628712861810964e-05,5.628712861810964e-05,1,0.005
163,reversal_1m_x_macro_credit_spread,-0.0,0.0,0,0.005
163,abnormal_log_volume_x_macro_epu,-0.0,0.0,0,0.005
163,abnormal_log_volume_x_macro_vix,-0.0,0.0,0,0.005
163,log_volume_x_macro_credit_spread,-0.0,0.0,0,0.005
163,vol_regime_3_12_x_macro_vix,-0.0,0.0,0,0.005
163,vol_regime_3_12_x_macro_term_spread,-0.0,0.0,0,0.005
163,vol_12m_x_macro_credit_spread,0.0,0.0,0,0.005
164,mom_12_1,0.0,0.0,0,0.005
164,mom_6_1,-0.0,0.0,0,0.005
164,mom_3_1,-0.00041900488837269485,0.00041900488837269485,1,0.005
164,tsmom_12,0.0,0.0,0,0.005
164,tsmom_sign_12,0.0,0.0,0,0.005
164,reversal_1m,0.0,0.0,0,0.005
164,ma_gap_12m,-0.0,0.0,0,0.005
164,ma_crossover_6_12,-0.0,0.0,0,0.005
164,vol_3m,0.0,0.0,0,0.005
164,vol_12m,0.004026178671525415,0.004026178671525415,1,0.005
164,vol_regime_3_12,-0.0,0.0,0,0.005
164,log_volume,-0.0,0.0,0,0.005
164,abnormal_log_volume,-0.0,0.0,0,0.005
164,macro_vix,-0.026356403901634122,0.026356403901634122,1,0.005
164,macro_epu,-0.0,0.0,0,0.005
164,macro_credit_spread,-0.0,0.0,0,0.005
164,macro_term_spread,0.008798413066987852,0.008798413066987852,1,0.005
164,mom_12_1_x_macro_epu,0.0,0.0,0,0.005
164,mom_12_1_x_macro_vix,-0.0,0.0,0,0.005
164,tsmom_12_x_macro_epu,0.0,0.0,0,0.005
164,tsmom_12_x_macro_vix,-0.0,0.0,0,0.005
164,ma_gap_12m_x_macro_epu,0.0,0.0,0,0.005
164,ma_crossover_6_12_x_macro_vix,-0.009723135624814847,0.009723135624814847,1,0.005
164,reversal_1m_x_macro_epu,-0.0,0.0,0,0.005
164,reversal_1m_x_macro_vix,-0.0,0.0,0,0.005
164,reversal_1m_x_macro_credit_spread,-0.0,0.0,0,0.005
164,abnormal_log_volume_x_macro_epu,-0.0,0.0,0,0.005
164,abnormal_log_volume_x_macro_vix,-0.0,0.0,0,0.005
164,log_volume_x_macro_credit_spread,-0.0,0.0,0,0.005
164,vol_regime_3_12_x_macro_vix,-0.0,0.0,0,0.005
164,vol_regime_3_12_x_macro_term_spread,-0.0,0.0,0,0.005
164,vol_12m_x_macro_credit_spread,0.0,0.0,0,0.005
165,mom_12_1,0.0,0.0,0,0.005
165,mom_6_1,-0.0,0.0,0,0.005
165,mom_3_1,-0.0003123298184659618,0.0003123298184659618,1,0.005
165,tsmom_12,0.0,0.0,0,0.005
165,tsmom_sign_12,0.0,0.0,0,0.005
165,reversal_1m,0.0,0.0,0,0.005
165,ma_gap_12m,-0.0,0.0,0,0.005
165,ma_crossover_6_12,-0.0,0.0,0,0.005
165,vol_3m,0.0,0.0,0,0.005
165,vol_12m,0.004035987762628984,0.004035987762628984,1,0.005
165,vol_regime_3_12,-0.0,0.0,0,0.005
165,log_volume,-0.0,0.0,0,0.005
165,abnormal_log_volume,-0.0,0.0,0,0.005
165,macro_vix,-0.026011888587885165,0.026011888587885165,1,0.005
165,macro_epu,-0.0,0.0,0,0.005
165,macro_credit_spread,-0.0,0.0,0,0.005
165,macro_term_spread,0.00823714666617355,0.00823714666617355,1,0.005
165,mom_12_1_x_macro_epu,0.0,0.0,0,0.005
165,mom_12_1_x_macro_vix,-0.0,0.0,0,0.005
165,tsmom_12_x_macro_epu,0.0,0.0,0,0.005
165,tsmom_12_x_macro_vix,-0.0,0.0,0,0.005
165,ma_gap_12m_x_macro_epu,0.0,0.0,0,0.005
165,ma_crossover_6_12_x_macro_vix,-0.009841696969975135,0.009841696969975135,1,0.005
165,reversal_1m_x_macro_epu,-0.0,0.0,0,0.005
165,reversal_1m_x_macro_vix,-0.0,0.0,0,0.005
165,reversal_1m_x_macro_credit_spread,-0.0,0.0,0,0.005
165,abnormal_log_volume_x_macro_epu,-0.0,0.0,0,0.005
165,abnormal_log_volume_x_macro_vix,-0.0,0.0,0,0.005
165,log_volume_x_macro_credit_spread,-0.0,0.0,0,0.005
165,vol_regime_3_12_x_macro_vix,-0.0,0.0,0,0.005
165,vol_regime_3_12_x_macro_term_spread,-0.0,0.0,0,0.005
165,vol_12m_x_macro_credit_spread,0.0,0.0,0,0.005
166,mom_12_1,0.0,0.0,0,0.0025
166,mom_6_1,-0.0,0.0,0,0.0025
166,mom_3_1,-0.0019492494772916965,0.0019492494772916965,1,0.0025
166,tsmom_12,0.0,0.0,0,0.0025
166,tsmom_sign_12,0.0,0.0,0,0.0025
166,reversal_1m,0.0019520830281575363,0.0019520830281575363,1,0.0025
166,ma_gap_12m,-0.0006992184304832566,0.0006992184304832566,1,0.0025
166,ma_crossover_6_12,-0.0,0.0,0,0.0025
166,vol_3m,0.0,0.0,0,0.0025
166,vol_12m,0.005318204450208458,0.005318204450208458,1,0.0025
166,vol_regime_3_12,-0.0,0.0,0,0.0025
166,log_volume,-4.456190748313906e-05,4.456190748313906e-05,1,0.0025
166,abnormal_log_volume,-0.0,0.0,0,0.0025
166,macro_vix,-0.028852493469886956,0.028852493469886956,1,0.0025
166,macro_epu,-0.0,0.0,0,0.0025
166,macro_credit_spread,-0.0,0.0,0,0.0025
166,macro_term_spread,0.010072164870599278,0.010072164870599278,1,0.0025
166,mom_12_1_x_macro_epu,0.0022255830831647747,0.0022255830831647747,1,0.0025
166,mom_12_1_x_macro_vix,-0.0,0.0,0,0.0025
166,tsmom_12_x_macro_epu,0.001010216099103043,0.001010216099103043,1,0.0025
166,tsmom_12_x_macro_vix,-0.0,0.0,0,0.0025
166,ma_gap_12m_x_macro_epu,0.0,0.0,0,0.0025
166,ma_crossover_6_12_x_macro_vix,-0.012715050566349584,0.012715050566349584,1,0.0025
166,reversal_1m_x_macro_epu,0.0,0.0,0,0.0025
166,reversal_1m_x_macro_vix,-0.0022094503445827516,0.0022094503445827516,1,0.0025
166,reversal_1m_x_macro_credit_spread,-0.0,0.0,0,0.0025
166,abnormal_log_volume_x_macro_epu,-0.00031258323830274235,0.00031258323830274235,1,0.0025
166,abnormal_log_volume_x_macro_vix,-0.0,0.0,0,0.0025
166,log_volume_x_macro_credit_spread,-0.0,0.0,0,0.0025
166,vol_regime_3_12_x_macro_vix,-0.0,0.0,0,0.0025
166,vol_regime_3_12_x_macro_term_spread,-0.0,0.0,0,0.0025
166,vol_12m_x_macro_credit_spread,-0.0,0.0,0,0.0025
167,mom_12_1,0.0,0.0,0,0.001
167,mom_6_1,-0.002115677415274664,0.002115677415274664,1,0.001
167,mom_3_1,-0.004326725595174791,0.004326725595174791,1,0.001
167,tsmom_12,0.0,0.0,0,0.001
167,tsmom_sign_12,0.0009496346539405742,0.0009496346539405742,1,0.001
167,reversal_1m,0.008076788069529172,0.008076788069529172,1,0.001
167,ma_gap_12m,-0.0034020414665488627,0.0034020414665488627,1,0.001
167,ma_crossover_6_12,0.0,0.0,0,0.001
167,vol_3m,0.00011216614438388065,0.00011216614438388065,1,0.001
167,vol_12m,0.007038134546804406,0.007038134546804406,1,0.001
167,vol_regime_3_12,0.00017418421799819805,0.00017418421799819805,1,0.001
167,log_volume,-0.000694777053261892,0.000694777053261892,1,0.001
167,abnormal_log_volume,0.0,0.0,0,0.001
167,macro_vix,-0.028145751984793525,0.028145751984793525,1,0.001
167,macro_epu,-0.001892748213317099,0.001892748213317099,1,0.001
167,macro_credit_spread,0.0,0.0,0,0.001
167,macro_term_spread,0.010117076011718861,0.010117076011718861,1,0.001
167,mom_12_1_x_macro_epu,0.006229407071849989,0.006229407071849989,1,0.001
167,mom_12_1_x_macro_vix,-0.004963253070044024,0.004963253070044024,1,0.001
167,tsmom_12_x_macro_epu,0.0020970257377312916,0.0020970257377312916,1,0.001
167,tsmom_12_x_macro_vix,-0.0,0.0,0,0.001
167,ma_gap_12m_x_macro_epu,0.008687081328799792,0.008687081328799792,1,0.001
167,ma_crossover_6_12_x_macro_vix,-0.01593640864335942,0.01593640864335942,1,0.001
167,reversal_1m_x_macro_epu,0.0,0.0,0,0.001
167,reversal_1m_x_macro_vix,-0.005688863688118721,0.005688863688118721,1,0.001
167,reversal_1m_x_macro_credit_spread,-0.0,0.0,0,0.001
167,abnormal_log_volume_x_macro_epu,-0.00043288940409797014,0.00043288940409797014,1,0.001
167,abnormal_log_volume_x_macro_vix,0.0,0.0,0,0.001
167,log_volume_x_macro_credit_spread,-0.0,0.0,0,0.001
167,vol_regime_3_12_x_macro_vix,-0.0005602454836152731,0.0005602454836152731,1,0.001
167,vol_regime_3_12_x_macro_term_spread,0.0,0.0,0,0.001
167,vol_12m_x_macro_credit_spread,-0.0,0.0,0,0.001
168,mom_12_1,0.0,0.0,0,0.001
168,mom_6_1,-0.002165507874184152,0.002165507874184152,1,0.001
168,mom_3_1,-0.004345474386425034,0.004345474386425034,1,0.001
168,tsmom_12,0.0,0.0,0,0.001
168,tsmom_sign_12,0.0009469296658994883,0.0009469296658994883,1,0.001
168,reversal_1m,0.008304132642293035,0.008304132642293035,1,0.001
168,ma_gap_12m,-0.0034596377208031374,0.0034596377208031374,1,0.001
168,ma_crossover_6_12,0.0,0.0,0,0.001
168,vol_3m,0.0001520672035426183,0.0001520672035426183,1,0.001
168,vol_12m,0.0069763149528626845,0.0069763149528626845,1,0.001
168,vol_regime_3_12,8.339655995278803e-05,8.339655995278803e-05,1,0.001
168,log_volume,-0.0006087646632655812,0.0006087646632655812,1,0.001
168,abnormal_log_volume,0.0,0.0,0,0.001
168,macro_vix,-0.02807190282524194,0.02807190282524194,1,0.001
168,macro_epu,-0.0019549769121739472,0.0019549769121739472,1,0.001
168,macro_credit_spread,0.0,0.0,0,0.001
168,macro_term_spread,0.010037260469633442,0.010037260469633442,1,0.001
168,mom_12_1_x_macro_epu,0.006197003925557955,0.006197003925557955,1,0.001
168,mom_12_1_x_macro_vix,-0.005151155471679952,0.005151155471679952,1,0.001
168,tsmom_12_x_macro_epu,0.002250605457943871,0.002250605457943871,1,0.001
168,tsmom_12_x_macro_vix,-0.0,0.0,0,0.001
168,ma_gap_12m_x_macro_epu,0.008881057591948415,0.008881057591948415,1,0.001
168,ma_crossover_6_12_x_macro_vix,-0.015887332543439617,0.015887332543439617,1,0.001
168,reversal_1m_x_macro_epu,0.0,0.0,0,0.001
168,reversal_1m_x_macro_vix,-0.005823972858786678,0.005823972858786678,1,0.001
168,reversal_1m_x_macro_credit_spread,-0.0,0.0,0,0.001
168,abnormal_log_volume_x_macro_epu,-0.00048684009271729813,0.00048684009271729813,1,0.001
168,abnormal_log_volume_x_macro_vix,0.0,0.0,0,0.001
168,log_volume_x_macro_credit_spread,-0.0,0.0,0,0.001
168,vol_regime_3_12_x_macro_vix,-0.0005234674659582779,0.0005234674659582779,1,0.001
168,vol_regime_3_12_x_macro_term_spread,0.0,0.0,0,0.001
168,vol_12m_x_macro_credit_spread,-0.0,0.0,0,0.001
169,mom_12_1,0.0,0.0,0,0.001
169,mom_6_1,-0.001871636944267814,0.001871636944267814,1,0.001
169,mom_3_1,-0.004322395389673865,0.004322395389673865,1,0.001
169,tsmom_12,0.0,0.0,0,0.001
169,tsmom_sign_12,0.0009155715147973264,0.0009155715147973264,1,0.001
169,reversal_1m,0.008080745535825036,0.008080745535825036,1,0.001
169,ma_gap_12m,-0.003822790704590711,0.003822790704590711,1,0.001
169,ma_crossover_6_12,0.0,0.0,0,0.001
169,vol_3m,0.00013863211067274692,0.00013863211067274692,1,0.001
169,vol_12m,0.007021048475100413,0.007021048475100413,1,0.001
169,vol_regime_3_12,5.4174766901883835e-05,5.4174766901883835e-05,1,0.001
169,log_volume,-0.0005481375256555724,0.0005481375256555724,1,0.001
169,abnormal_log_volume,0.0,0.0,0,0.001
169,macro_vix,-0.028061646168707703,0.028061646168707703,1,0.001
169,macro_epu,-0.0017186976408969958,0.0017186976408969958,1,0.001
169,macro_credit_spread,0.0,0.0,0,0.001
169,macro_term_spread,0.009595272909249985,0.009595272909249985,1,0.001
169,mom_12_1_x_macro_epu,0.006214083705023,0.006214083705023,1,0.001
169,mom_12_1_x_macro_vix,-0.004887647869723686,0.004887647869723686,1,0.001
169,tsmom_12_x_macro_epu,0.002218013423081151,0.002218013423081151,1,0.001
169,tsmom_12_x_macro_vix,-0.0,0.0,0,0.001
169,ma_gap_12m_x_macro_epu,0.00900918140283973,0.00900918140283973,1,0.001
169,ma_crossover_6_12_x_macro_vix,-0.016040385656200383,0.016040385656200383,1,0.001
169,reversal_1m_x_macro_epu,0.0,0.0,0,0.001
169,reversal_1m_x_macro_vix,-0.005785813601451258,0.005785813601451258,1,0.001
169,reversal_1m_x_macro_credit_spread,-0.0,0.0,0,0.001
169,abnormal_log_volume_x_macro_epu,-0.00044341651105480457,0.00044341651105480457,1,0.001
169,abnormal_log_volume_x_macro_vix,0.0,0.0,0,0.001
169,log_volume_x_macro_credit_spread,-0.0,0.0,0,0.001
169,vol_regime_3_12_x_macro_vix,-0.0004990499253468066,0.0004990499253468066,1,0.001
169,vol_regime_3_12_x_macro_term_spread,0.0,0.0,0,0.001
169,vol_12m_x_macro_credit_spread,-0.0,0.0,0,0.001
170,mom_12_1,-0.0,0.0,0,0.0005
170,mom_6_1,-0.0025486242478238055,0.0025486242478238055,1,0.0005
170,mom_3_1,-0.0032289259286183195,0.0032289259286183195,1,0.0005
170,tsmom_12,0.0,0.0,0,0.0005
170,tsmom_sign_12,0.0014564247717359217,0.0014564247717359217,1,0.0005
170,reversal_1m,0.00457612763671,0.00457612763671,1,0.0005
170,ma_gap_12m,-0.015423024722720054,0.015423024722720054,1,0.0005
170,ma_crossover_6_12,0.009117878980271369,0.009117878980271369,1,0.0005
170,vol_3m,0.0006598400989385476,0.0006598400989385476,1,0.0005
170,vol_12m,0.011631076806844151,0.011631076806844151,1,0.0005
170,vol_regime_3_12,0.0025121021269578904,0.0025121021269578904,1,0.0005
170,log_volume,-0.001020947657852358,0.001020947657852358,1,0.0005
170,abnormal_log_volume,2.7572372005108477e-05,2.7572372005108477e-05,1,0.0005
170,macro_vix,-0.027730105649335552,0.027730105649335552,1,0.0005
170,macro_epu,-0.0025943970080217166,0.0025943970080217166,1,0.0005
170,macro_credit_spread,0.002972698927482464,0.002972698927482464,1,0.0005
170,macro_term_spread,0.009318823446520543,0.009318823446520543,1,0.0005
170,mom_12_1_x_macro_epu,0.005884078175059539,0.005884078175059539,1,0.0005
170,mom_12_1_x_macro_vix,-0.006076647285511867,0.006076647285511867,1,0.0005
170,tsmom_12_x_macro_epu,0.0014952175648274284,0.0014952175648274284,1,0.0005
170,tsmom_12_x_macro_vix,0.0,0.0,0,0.0005
170,ma_gap_12m_x_macro_epu,0.019190564229833403,0.019190564229833403,1,0.0005
170,ma_crossover_6_12_x_macro_vix,-0.022452046111782146,0.022452046111782146,1,0.0005
170,reversal_1m_x_macro_epu,0.006357168303793602,0.006357168303793602,1,0.0005
170,reversal_1m_x_macro_vix,-0.008959903267486715,0.008959903267486715,1,0.0005
170,reversal_1m_x_macro_credit_spread,0.0,0.0,0,0.0005
170,abnormal_log_volume_x_macro_epu,-0.0015610777692246368,0.0015610777692246368,1,0.0005
170,abnormal_log_volume_x_macro_vix,0.0013171418846851793,0.0013171418846851793,1,0.0005
170,log_volume_x_macro_credit_spread,-0.0,0.0,0,0.0005
170,vol_regime_3_12_x_macro_vix,-0.00323222451948464,0.00323222451948464,1,0.0005
170,vol_regime_3_12_x_macro_term_spread,0.0,0.0,0,0.0005
170,vol_12m_x_macro_credit_spread,-0.006182813166456614,0.006182813166456614,1,0.0005
171,mom_12_1,0.0,0.0,0,0.0005
171,mom_6_1,-0.0028370219139278287,0.0028370219139278287,1,0.0005
171,mom_3_1,-0.0031963414309851717,0.0031963414309851717,1,0.0005
171,tsmom_12,0.0,0.0,0,0.0005
171,tsmom_sign_12,0.0013609009873041544,0.0013609009873041544,1,0.0005
171,reversal_1m,0.004943319950061523,0.004943319950061523,1,0.0005
171,ma_gap_12m,-0.014490426895580041,0.014490426895580041,1,0.0005
171,ma_crossover_6_12,0.0095301299383236,0.0095301299383236,1,0.0005
171,vol_3m,0.0004693555139155161,0.0004693555139155161,1,0.0005
171,vol_12m,0.011957468357171368,0.011957468357171368,1,0.0005
171,vol_regime_3_12,0.0024896512185513405,0.0024896512185513405,1,0.0005
171,log_volume,-0.0009403112355976603,0.0009403112355976603,1,0.0005
171,abnormal_log_volume,0.00011630354362080927,0.00011630354362080927,1,0.0005
171,macro_vix,-0.02810349304887761,0.02810349304887761,1,0.0005
171,macro_epu,-0.002761936597970797,0.002761936597970797,1,0.0005
171,macro_credit_spread,0.0032104622648879214,0.0032104622648879214,1,0.0005
171,macro_term_spread,0.009621606281339502,0.009621606281339502,1,0.0005
171,mom_12_1_x_macro_epu,0.006132192408988169,0.006132192408988169,1,0.0005
171,mom_12_1_x_macro_vix,-0.006226601601302629,0.006226601601302629,1,0.0005
171,tsmom_12_x_macro_epu,0.0015364018480626012,0.0015364018480626012,1,0.0005
171,tsmom_12_x_macro_vix,0.0,0.0,0,0.0005
171,ma_gap_12m_x_macro_epu,0.018583825747645548,0.018583825747645548,1,0.0005
171,ma_crossover_6_12_x_macro_vix,-0.022845141112474994,0.022845141112474994,1,0.0005
171,reversal_1m_x_macro_epu,0.0062374003222233545,0.0062374003222233545,1,0.0005
171,reversal_1m_x_macro_vix,-0.009016186201640209,0.009016186201640209,1,0.0005
171,reversal_1m_x_macro_credit_spread,0.0,0.0,0,0.0005
171,abnormal_log_volume_x_macro_epu,-0.0015001590719310484,0.0015001590719310484,1,0.0005
171,abnormal_log_volume_x_macro_vix,0.001336360142236438,0.001336360142236438,1,0.0005
171,log_volume_x_macro_credit_spread,-0.0,0.0,0,0.0005
171,vol_regime_3_12_x_macro_vix,-0.003092929082782202,0.003092929082782202,1,0.0005
171,vol_regime_3_12_x_macro_term_spread,0.0,0.0,0,0.0005
171,vol_12m_x_macro_credit_spread,-0.0063868361413623835,0.0063868361413623835,1,0.0005
172,mom_12_1,0.0,0.0,0,0.001
172,mom_6_1,-0.0027433788991618807,0.0027433788991618807,1,0.001
172,mom_3_1,-0.004291599361446727,0.004291599361446727,1,0.001
172,tsmom_12,0.0,0.0,0,0.001
172,tsmom_sign_12,0.0008745419691040058,0.0008745419691040058,1,0.001
172,reversal_1m,0.009279410460373701,0.009279410460373701,1,0.001
172,ma_gap_12m,-0.0019411149118041492,0.0019411149118041492,1,0.001
172,ma_crossover_6_12,0.0,0.0,0,0.001
172,vol_3m,0.0,0.0,0,0.001
172,vol_12m,0.0074159759761717875,0.0074159759761717875,1,0.001
172,vol_regime_3_12,0.0,0.0,0,0.001
172,log_volume,-0.0005251485914593092,0.0005251485914593092,1,0.001
172,abnormal_log_volume,0.0,0.0,0,0.001
172,macro_vix,-0.02824337217043458,0.02824337217043458,1,0.001
172,macro_epu,-0.0019360008742457487,0.0019360008742457487,1,0.001
172,macro_credit_spread,0.0,0.0,0,0.001
172,macro_term_spread,0.009868785759542842,0.009868785759542842,1,0.001
172,mom_12_1_x_macro_epu,0.006765779096242225,0.006765779096242225,1,0.001
172,mom_12_1_x_macro_vix,-0.0051469433910949,0.0051469433910949,1,0.001
172,tsmom_12_x_macro_epu,0.0017203545738344137,0.0017203545738344137,1,0.001
172,tsmom_12_x_macro_vix,-0.0,0.0,0,0.001
172,ma_gap_12m_x_macro_epu,0.008277191009167793,0.008277191009167793,1,0.001
172,ma_crossover_6_12_x_macro_vix,-0.016093556304197877,0.016093556304197877,1,0.001
172,reversal_1m_x_macro_epu,0.0,0.0,0,0.001
172,reversal_1m_x_macro_vix,-0.006296990150951829,0.006296990150951829,1,0.001
172,reversal_1m_x_macro_credit_spread,-0.0,0.0,0,0.001
172,abnormal_log_volume_x_macro_epu,-0.000327622738601641,0.000327622738601641,1,0.001
172,abnormal_log_volume_x_macro_vix,0.0,0.0,0,0.001
172,log_volume_x_macro_credit_spread,-0.0,0.0,0,0.001
172,vol_regime_3_12_x_macro_vix,-0.0003241579842121834,0.0003241579842121834,1,0.001
172,vol_regime_3_12_x_macro_term_spread,0.0,0.0,0,0.001
172,vol_12m_x_macro_credit_spread,-0.0,0.0,0,0.001
173,mom_12_1,0.0,0.0,0,0.005
173,mom_6_1,-0.00020233811844639455,0.00020233811844639455,1,0.005
173,mom_3_1,-0.00033058859200284793,0.00033058859200284793,1,0.005
173,tsmom_12,0.0,0.0,0,0.005
173,tsmom_sign_12,0.0,0.0,0,0.005
173,reversal_1m,0.0,0.0,0,0.005
173,ma_gap_12m,-0.0,0.0,0,0.005
173,ma_crossover_6_12,-0.0,0.0,0,0.005
173,vol_3m,0.0,0.0,0,0.005
173,vol_12m,0.004160784894961279,0.004160784894961279,1,0.005
173,vol_regime_3_12,-0.0,0.0,0,0.005
173,log_volume,-0.0,0.0,0,0.005
173,abnormal_log_volume,-0.0,0.0,0,0.005
173,macro_vix,-0.02627771073038398,0.02627771073038398,1,0.005
173,macro_epu,-0.0,0.0,0,0.005
173,macro_credit_spread,-0.0,0.0,0,0.005
173,macro_term_spread,0.008392588433465176,0.008392588433465176,1,0.005
173,mom_12_1_x_macro_epu,0.0,0.0,0,0.005
173,mom_12_1_x_macro_vix,-0.0,0.0,0,0.005
173,tsmom_12_x_macro_epu,0.0,0.0,0,0.005
173,tsmom_12_x_macro_vix,0.0,0.0,0,0.005
173,ma_gap_12m_x_macro_epu,0.0,0.0,0,0.005
173,ma_crossover_6_12_x_macro_vix,-0.009424836314795633,0.009424836314795633,1,0.005
173,reversal_1m_x_macro_epu,-0.0,0.0,0,0.005
173,reversal_1m_x_macro_vix,-0.0,0.0,0,0.005
173,reversal_1m_x_macro_credit_spread,-0.0,0.0,0,0.005
173,abnormal_log_volume_x_macro_epu,-0.0,0.0,0,0.005
173,abnormal_log_volume_x_macro_vix,-0.0,0.0,0,0.005
173,log_volume_x_macro_credit_spread,-0.0,0.0,0,0.005
173,vol_regime_3_12_x_macro_vix,-0.0,0.0,0,0.005
173,vol_regime_3_12_x_macro_term_spread,-0.0,0.0,0,0.005
173,vol_12m_x_macro_credit_spread,0.0,0.0,0,0.005
174,mom_12_1,0.0,0.0,0,0.005
174,mom_6_1,-0.0,0.0,0,0.005
174,mom_3_1,-0.00041632405846052064,0.00041632405846052064,1,0.005
174,tsmom_12,0.0,0.0,0,0.005
174,tsmom_sign_12,0.0,0.0,0,0.005
174,reversal_1m,0.0,0.0,0,0.005
174,ma_gap_12m,-0.0,0.0,0,0.005
174,ma_crossover_6_12,-0.0,0.0,0,0.005
174,vol_3m,0.0,0.0,0,0.005
174,vol_12m,0.004082258380850522,0.004082258380850522,1,0.005
174,vol_regime_3_12,-0.0,0.0,0,0.005
174,log_volume,-0.0,0.0,0,0.005
174,abnormal_log_volume,-0.0,0.0,0,0.005
174,macro_vix,-0.026256406496776092,0.026256406496776092,1,0.005
174,macro_epu,-0.0,0.0,0,0.005
174,macro_credit_spread,-0.0,0.0,0,0.005
174,macro_term_spread,0.008368895910782322,0.008368895910782322,1,0.005
174,mom_12_1_x_macro_epu,0.0,0.0,0,0.005
174,mom_12_1_x_macro_vix,-0.0,0.0,0,0.005
174,tsmom_12_x_macro_epu,0.0,0.0,0,0.005
174,tsmom_12_x_macro_vix,0.0,0.0,0,0.005
174,ma_gap_12m_x_macro_epu,0.0,0.0,0,0.005
174,ma_crossover_6_12_x_macro_vix,-0.009494195003858058,0.009494195003858058,1,0.005
174,reversal_1m_x_macro_epu,-0.0,0.0,0,0.005
174,reversal_1m_x_macro_vix,-0.0,0.0,0,0.005
174,reversal_1m_x_macro_credit_spread,-0.0,0.0,0,0.005
174,abnormal_log_volume_x_macro_epu,-0.0,0.0,0,0.005
174,abnormal_log_volume_x_macro_vix,-0.0,0.0,0,0.005
174,log_volume_x_macro_credit_spread,-0.0,0.0,0,0.005
174,vol_regime_3_12_x_macro_vix,-0.0,0.0,0,0.005
174,vol_regime_3_12_x_macro_term_spread,-0.0,0.0,0,0.005
174,vol_12m_x_macro_credit_spread,0.0,0.0,0,0.005
175,mom_12_1,0.0,0.0,0,0.005
175,mom_6_1,-4.8066585204658465e-05,4.8066585204658465e-05,1,0.005
175,mom_3_1,-0.0005771117452923184,0.0005771117452923184,1,0.005
175,tsmom_12,0.0,0.0,0,0.005
175,tsmom_sign_12,0.0,0.0,0,0.005
175,reversal_1m,0.0,0.0,0,0.005
175,ma_gap_12m,-0.0,0.0,0,0.005
175,ma_crossover_6_12,-0.0,0.0,0,0.005
175,vol_3m,0.0,0.0,0,0.005
175,vol_12m,0.0041673528602261855,0.0041673528602261855,1,0.005
175,vol_regime_3_12,-0.0,0.0,0,0.005
175,log_volume,-0.0,0.0,0,0.005
175,abnormal_log_volume,-0.0,0.0,0,0.005
175,macro_vix,-0.026425685214662976,0.026425685214662976,1,0.005
175,macro_epu,-0.0,0.0,0,0.005
175,macro_credit_spread,-0.0,0.0,0,0.005
175,macro_term_spread,0.008450100776442565,0.008450100776442565,1,0.005
175,mom_12_1_x_macro_epu,0.0,0.0,0,0.005
175,mom_12_1_x_macro_vix,-0.0,0.0,0,0.005
175,tsmom_12_x_macro_epu,0.0,0.0,0,0.005
175,tsmom_12_x_macro_vix,0.0,0.0,0,0.005
175,ma_gap_12m_x_macro_epu,0.0,0.0,0,0.005
175,ma_crossover_6_12_x_macro_vix,-0.009446638902696917,0.009446638902696917,1,0.005
175,reversal_1m_x_macro_epu,-0.0,0.0,0,0.005
175,reversal_1m_x_macro_vix,-0.0,0.0,0,0.005
175,reversal_1m_x_macro_credit_spread,-0.0,0.0,0,0.005
175,abnormal_log_volume_x_macro_epu,-0.0,0.0,0,0.005
175,abnormal_log_volume_x_macro_vix,-0.0,0.0,0,0.005
175,log_volume_x_macro_credit_spread,-0.0,0.0,0,0.005
175,vol_regime_3_12_x_macro_vix,-0.0,0.0,0,0.005
175,vol_regime_3_12_x_macro_term_spread,-0.0,0.0,0,0.005
175,vol_12m_x_macro_credit_spread,0.0,0.0,0,0.005
176,mom_12_1,0.0,0.0,0,0.005
176,mom_6_1,-0.0003444159147700386,0.0003444159147700386,1,0.005
176,mom_3_1,-0.0006537036448686672,0.0006537036448686672,1,0.005
176,tsmom_12,0.0,0.0,0,0.005
176,tsmom_sign_12,0.0,0.0,0,0.005
176,reversal_1m,0.0,0.0,0,0.005
176,ma_gap_12m,-0.0,0.0,0,0.005
176,ma_crossover_6_12,-0.0,0.0,0,0.005
176,vol_3m,0.0,0.0,0,0.005
176,vol_12m,0.004410819639232415,0.004410819639232415,1,0.005
176,vol_regime_3_12,-0.0,0.0,0,0.005
176,log_volume,-0.0,0.0,0,0.005
176,abnormal_log_volume,-0.0,0.0,0,0.005
176,macro_vix,-0.026858005001386496,0.026858005001386496,1,0.005
176,macro_epu,-0.0,0.0,0,0.005
176,macro_credit_spread,-0.0,0.0,0,0.005
176,macro_term_spread,0.00884559087358295,0.00884559087358295,1,0.005
176,mom_12_1_x_macro_epu,0.0,0.0,0,0.005
176,mom_12_1_x_macro_vix,-0.0,0.0,0,0.005
176,tsmom_12_x_macro_epu,0.0,0.0,0,0.005
176,tsmom_12_x_macro_vix,0.0,0.0,0,0.005
176,ma_gap_12m_x_macro_epu,0.0,0.0,0,0.005
176,ma_crossover_6_12_x_macro_vix,-0.009296431883800015,0.009296431883800015,1,0.005
176,reversal_1m_x_macro_epu,-0.0,0.0,0,0.005
176,reversal_1m_x_macro_vix,-0.0,0.0,0,0.005
176,reversal_1m_x_macro_credit_spread,-0.0,0.0,0,0.005
176,abnormal_log_volume_x_macro_epu,-0.0,0.0,0,0.005
176,abnormal_log_volume_x_macro_vix,-0.0,0.0,0,0.005
176,log_volume_x_macro_credit_spread,-0.0,0.0,0,0.005
176,vol_regime_3_12_x_macro_vix,-0.0,0.0,0,0.005
176,vol_regime_3_12_x_macro_term_spread,-0.0,0.0,0,0.005
176,vol_12m_x_macro_credit_spread,0.0,0.0,0,0.005
177,mom_12_1,0.0,0.0,0,0.005
177,mom_6_1,-0.00055383303946296,0.00055383303946296,1,0.005
177,mom_3_1,-0.0005080498532243072,0.0005080498532243072,1,0.005
177,tsmom_12,0.0,0.0,0,0.005
177,tsmom_sign_12,0.0,0.0,0,0.005
177,reversal_1m,0.0,0.0,0,0.005
177,ma_gap_12m,-0.0,0.0,0,0.005
177,ma_crossover_6_12,-0.0,0.0,0,0.005
177,vol_3m,0.0,0.0,0,0.005
177,vol_12m,0.00447700094199322,0.00447700094199322,1,0.005
177,vol_regime_3_12,-0.0,0.0,0,0.005
177,log_volume,-0.0,0.0,0,0.005
177,abnormal_log_volume,-0.0,0.0,0,0.005
177,macro_vix,-0.027220824979893785,0.027220824979893785,1,0.005
177,macro_epu,-0.0,0.0,0,0.005
177,macro_credit_spread,-0.0,0.0,0,0.005
177,macro_term_spread,0.009106857250104218,0.009106857250104218,1,0.005
177,mom_12_1_x_macro_epu,0.0,0.0,0,0.005
177,mom_12_1_x_macro_vix,-0.0,0.0,0,0.005
177,tsmom_12_x_macro_epu,0.0,0.0,0,0.005
177,tsmom_12_x_macro_vix,0.0,0.0,0,0.005
177,ma_gap_12m_x_macro_epu,0.0,0.0,0,0.005
177,ma_crossover_6_12_x_macro_vix,-0.009231240449173948,0.009231240449173948,1,0.005
177,reversal_1m_x_macro_epu,-0.0,0.0,0,0.005
177,reversal_1m_x_macro_vix,-0.0,0.0,0,0.005
177,reversal_1m_x_macro_credit_spread,-0.0,0.0,0,0.005
177,abnormal_log_volume_x_macro_epu,-0.0,0.0,0,0.005
177,abnormal_log_volume_x_macro_vix,-0.0,0.0,0,0.005
177,log_volume_x_macro_credit_spread,-0.0,0.0,0,0.005
177,vol_regime_3_12_x_macro_vix,-0.0,0.0,0,0.005
177,vol_regime_3_12_x_macro_term_spread,-0.0,0.0,0,0.005
177,vol_12m_x_macro_credit_spread,0.0,0.0,0,0.005
178,mom_12_1,0.0,0.0,0,0.005
178,mom_6_1,-0.0003907182880934064,0.0003907182880934064,1,0.005
178,mom_3_1,-0.0004889037347575937,0.0004889037347575937,1,0.005
178,tsmom_12,0.0,0.0,0,0.005
178,tsmom_sign_12,0.0,0.0,0,0.005
178,reversal_1m,0.0,0.0,0,0.005
178,ma_gap_12m,-0.0001272508732005581,0.0001272508732005581,1,0.005
178,ma_crossover_6_12,-0.0,0.0,0,0.005
178,vol_3m,0.0,0.0,0,0.005
178,vol_12m,0.004539840901082064,0.004539840901082064,1,0.005
178,vol_regime_3_12,-0.0,0.0,0,0.005
178,log_volume,-0.0,0.0,0,0.005
178,abnormal_log_volume,-0.0,0.0,0,0.005
178,macro_vix,-0.02698593269573868,0.02698593269573868,1,0.005
178,macro_epu,-0.0,0.0,0,0.005
178,macro_credit_spread,-0.0,0.0,0,0.005
178,macro_term_spread,0.008867092370363597,0.008867092370363597,1,0.005
178,mom_12_1_x_macro_epu,0.0,0.0,0,0.005
178,mom_12_1_x_macro_vix,-0.0,0.0,0,0.005
178,tsmom_12_x_macro_epu,0.0,0.0,0,0.005
178,tsmom_12_x_macro_vix,0.0,0.0,0,0.005
178,ma_gap_12m_x_macro_epu,0.0,0.0,0,0.005
178,ma_crossover_6_12_x_macro_vix,-0.009287143638784894,0.009287143638784894,1,0.005
178,reversal_1m_x_macro_epu,-0.0,0.0,0,0.005
178,reversal_1m_x_macro_vix,-0.0,0.0,0,0.005
178,reversal_1m_x_macro_credit_spread,-0.0,0.0,0,0.005
178,abnormal_log_volume_x_macro_epu,-0.0,0.0,0,0.005
178,abnormal_log_volume_x_macro_vix,-0.0,0.0,0,0.005
178,log_volume_x_macro_credit_spread,-0.0,0.0,0,0.005
178,vol_regime_3_12_x_macro_vix,-0.0,0.0,0,0.005
178,vol_regime_3_12_x_macro_term_spread,-0.0,0.0,0,0.005
178,vol_12m_x_macro_credit_spread,0.0,0.0,0,0.005
179,mom_12_1,0.0,0.0,0,0.005
179,mom_6_1,-0.0004842775021615023,0.0004842775021615023,1,0.005
179,mom_3_1,-0.00045021854703378573,0.00045021854703378573,1,0.005
179,tsmom_12,0.0,0.0,0,0.005
179,tsmom_sign_12,0.0,0.0,0,0.005
179,reversal_1m,0.0,0.0,0,0.005
179,ma_gap_12m,-0.0,0.0,0,0.005
179,ma_crossover_6_12,-0.0,0.0,0,0.005
179,vol_3m,0.0,0.0,0,0.005
179,vol_12m,0.004498982463837692,0.004498982463837692,1,0.005
179,vol_regime_3_12,-0.0,0.0,0,0.005
179,log_volume,-0.0,0.0,0,0.005
179,abnormal_log_volume,-0.0,0.0,0,0.005
179,macro_vix,-0.026990489956162222,0.026990489956162222,1,0.005
179,macro_epu,-0.0,0.0,0,0.005
179,macro_credit_spread,-0.0,0.0,0,0.005
179,macro_term_spread,0.008881828262461429,0.008881828262461429,1,0.005
179,mom_12_1_x_macro_epu,0.0,0.0,0,0.005
179,mom_12_1_x_macro_vix,-0.0,0.0,0,0.005
179,tsmom_12_x_macro_epu,0.0,0.0,0,0.005
179,tsmom_12_x_macro_vix,0.0,0.0,0,0.005
179,ma_gap_12m_x_macro_epu,0.0,0.0,0,0.005
179,ma_crossover_6_12_x_macro_vix,-0.009323016915568421,0.009323016915568421,1,0.005
179,reversal_1m_x_macro_epu,-0.0,0.0,0,0.005
179,reversal_1m_x_macro_vix,-0.0,0.0,0,0.005
179,reversal_1m_x_macro_credit_spread,-0.0,0.0,0,0.005
179,abnormal_log_volume_x_macro_epu,-0.0,0.0,0,0.005
179,abnormal_log_volume_x_macro_vix,-0.0,0.0,0,0.005
179,log_volume_x_macro_credit_spread,-0.0,0.0,0,0.005
179,vol_regime_3_12_x_macro_vix,-0.0,0.0,0,0.005
179,vol_regime_3_12_x_macro_term_spread,-0.0,0.0,0,0.005
179,vol_12m_x_macro_credit_spread,0.0,0.0,0,0.005
180,mom_12_1,0.0,0.0,0,0.005
180,mom_6_1,-0.0005116460194055629,0.0005116460194055629,1,0.005
180,mom_3_1,-0.000420299215128173,0.000420299215128173,1,0.005
180,tsmom_12,0.0,0.0,0,0.005
180,tsmom_sign_12,0.0,0.0,0,0.005
180,reversal_1m,0.0,0.0,0,0.005
180,ma_gap_12m,-0.0,0.0,0,0.005
180,ma_crossover_6_12,-0.0,0.0,0,0.005
180,vol_3m,0.0,0.0,0,0.005
180,vol_12m,0.004470400760054863,0.004470400760054863,1,0.005
180,vol_regime_3_12,-0.0,0.0,0,0.005
180,log_volume,-0.0,0.0,0,0.005
180,abnormal_log_volume,-0.0,0.0,0,0.005
180,macro_vix,-0.02677090081793142,0.02677090081793142,1,0.005
180,macro_epu,-0.0,0.0,0,0.005
180,macro_credit_spread,-0.0,0.0,0,0.005
180,macro_term_spread,0.008777576607618047,0.008777576607618047,1,0.005
180,mom_12_1_x_macro_epu,0.0,0.0,0,0.005
180,mom_12_1_x_macro_vix,-0.0,0.0,0,0.005
180,tsmom_12_x_macro_epu,0.0,0.0,0,0.005
180,tsmom_12_x_macro_vix,0.0,0.0,0,0.005
180,ma_gap_12m_x_macro_epu,0.0,0.0,0,0.005
180,ma_crossover_6_12_x_macro_vix,-0.00927717130961987,0.00927717130961987,1,0.005
180,reversal_1m_x_macro_epu,-0.0,0.0,0,0.005
180,reversal_1m_x_macro_vix,-0.0,0.0,0,0.005
180,reversal_1m_x_macro_credit_spread,-0.0,0.0,0,0.005
180,abnormal_log_volume_x_macro_epu,-0.0,0.0,0,0.005
180,abnormal_log_volume_x_macro_vix,-0.0,0.0,0,0.005
180,log_volume_x_macro_credit_spread,-0.0,0.0,0,0.005
180,vol_regime_3_12_x_macro_vix,-0.0,0.0,0,0.005
180,vol_regime_3_12_x_macro_term_spread,-0.0,0.0,0,0.005
180,vol_12m_x_macro_credit_spread,0.0,0.0,0,0.005
181,mom_12_1,0.0,0.0,0,0.005
181,mom_6_1,-0.00036540682168582537,0.00036540682168582537,1,0.005
181,mom_3_1,-0.0004071084595384193,0.0004071084595384193,1,0.005
181,tsmom_12,0.0,0.0,0,0.005
181,tsmom_sign_12,0.0,0.0,0,0.005
181,reversal_1m,0.0,0.0,0,0.005
181,ma_gap_12m,-0.0,0.0,0,0.005
181,ma_crossover_6_12,-0.0,0.0,0,0.005
181,vol_3m,0.0,0.0,0,0.005
181,vol_12m,0.004417683595624158,0.004417683595624158,1,0.005
181,vol_regime_3_12,-0.0,0.0,0,0.005
181,log_volume,-0.0,0.0,0,0.005
181,abnormal_log_volume,-0.0,0.0,0,0.005
181,macro_vix,-0.02657779065661528,0.02657779065661528,1,0.005
181,macro_epu,-0.0,0.0,0,0.005
181,macro_credit_spread,-0.0,0.0,0,0.005
181,macro_term_spread,0.008728287523322279,0.008728287523322279,1,0.005
181,mom_12_1_x_macro_epu,0.0,0.0,0,0.005
181,mom_12_1_x_macro_vix,-0.0,0.0,0,0.005
181,tsmom_12_x_macro_epu,0.0,0.0,0,0.005
181,tsmom_12_x_macro_vix,0.0,0.0,0,0.005
181,ma_gap_12m_x_macro_epu,0.0,0.0,0,0.005
181,ma_crossover_6_12_x_macro_vix,-0.009320127848241554,0.009320127848241554,1,0.005
181,reversal_1m_x_macro_epu,-0.0,0.0,0,0.005
181,reversal_1m_x_macro_vix,-0.0,0.0,0,0.005
181,reversal_1m_x_macro_credit_spread,-0.0,0.0,0,0.005
181,abnormal_log_volume_x_macro_epu,-0.0,0.0,0,0.005
181,abnormal_log_volume_x_macro_vix,-0.0,0.0,0,0.005
181,log_volume_x_macro_credit_spread,-0.0,0.0,0,0.005
181,vol_regime_3_12_x_macro_vix,-0.0,0.0,0,0.005
181,vol_regime_3_12_x_macro_term_spread,-0.0,0.0,0,0.005
181,vol_12m_x_macro_credit_spread,0.0,0.0,0,0.005
182,mom_12_1,0.0,0.0,0,0.005
182,mom_6_1,-0.0004894760103769244,0.0004894760103769244,1,0.005
182,mom_3_1,-0.00020294997822968507,0.00020294997822968507,1,0.005
182,tsmom_12,0.0,0.0,0,0.005
182,tsmom_sign_12,0.0,0.0,0,0.005
182,reversal_1m,0.0,0.0,0,0.005
182,ma_gap_12m,-0.0,0.0,0,0.005
182,ma_crossover_6_12,-0.0,0.0,0,0.005
182,vol_3m,0.0,0.0,0,0.005
182,vol_12m,0.004634133653134286,0.004634133653134286,1,0.005
182,vol_regime_3_12,-0.0,0.0,0,0.005
182,log_volume,-0.0,0.0,0,0.005
182,abnormal_log_volume,-0.0,0.0,0,0.005
182,macro_vix,-0.02695173365990722,0.02695173365990722,1,0.005
182,macro_epu,-0.0,0.0,0,0.005
182,macro_credit_spread,-0.0,0.0,0,0.005
182,macro_term_spread,0.008723832857082479,0.008723832857082479,1,0.005
182,mom_12_1_x_macro_epu,0.0,0.0,0,0.005
182,mom_12_1_x_macro_vix,-0.0,0.0,0,0.005
182,tsmom_12_x_macro_epu,0.0,0.0,0,0.005
182,tsmom_12_x_macro_vix,0.0,0.0,0,0.005
182,ma_gap_12m_x_macro_epu,0.0,0.0,0,0.005
182,ma_crossover_6_12_x_macro_vix,-0.00942237477129793,0.00942237477129793,1,0.005
182,reversal_1m_x_macro_epu,-0.0,0.0,0,0.005
182,reversal_1m_x_macro_vix,-0.0,0.0,0,0.005
182,reversal_1m_x_macro_credit_spread,-0.0,0.0,0,0.005
182,abnormal_log_volume_x_macro_epu,-0.0,0.0,0,0.005
182,abnormal_log_volume_x_macro_vix,-0.0,0.0,0,0.005
182,log_volume_x_macro_credit_spread,-0.0,0.0,0,0.005
182,vol_regime_3_12_x_macro_vix,-0.0,0.0,0,0.005
182,vol_regime_3_12_x_macro_term_spread,-0.0,0.0,0,0.005
182,vol_12m_x_macro_credit_spread,0.0,0.0,0,0.005
183,mom_12_1,0.0,0.0,0,0.005
183,mom_6_1,-0.000399914883849903,0.000399914883849903,1,0.005
183,mom_3_1,-0.00016884032598176176,0.00016884032598176176,1,0.005
183,tsmom_12,0.0,0.0,0,0.005
183,tsmom_sign_12,0.0,0.0,0,0.005
183,reversal_1m,0.0,0.0,0,0.005
183,ma_gap_12m,-0.00024947835990808096,0.00024947835990808096,1,0.005
183,ma_crossover_6_12,-0.0,0.0,0,0.005
183,vol_3m,0.0,0.0,0,0.005
183,vol_12m,0.00449955295760198,0.00449955295760198,1,0.005
183,vol_regime_3_12,-0.0,0.0,0,0.005
183,log_volume,-0.0,0.0,0,0.005
183,abnormal_log_volume,-0.0,0.0,0,0.005
183,macro_vix,-0.027308588591354672,0.027308588591354672,1,0.005
183,macro_epu,-0.0,0.0,0,0.005
183,macro_credit_spread,-0.0,0.0,0,0.005
183,macro_term_spread,0.008943766268280032,0.008943766268280032,1,0.005
183,mom_12_1_x_macro_epu,0.0,0.0,0,0.005
183,mom_12_1_x_macro_vix,-0.0,0.0,0,0.005
183,tsmom_12_x_macro_epu,0.0,0.0,0,0.005
183,tsmom_12_x_macro_vix,0.0,0.0,0,0.005
183,ma_gap_12m_x_macro_epu,0.0,0.0,0,0.005
183,ma_crossover_6_12_x_macro_vix,-0.009461626402664259,0.009461626402664259,1,0.005
183,reversal_1m_x_macro_epu,-0.0,0.0,0,0.005
183,reversal_1m_x_macro_vix,-0.0,0.0,0,0.005
183,reversal_1m_x_macro_credit_spread,-0.0,0.0,0,0.005
183,abnormal_log_volume_x_macro_epu,-0.0,0.0,0,0.005
183,abnormal_log_volume_x_macro_vix,-0.0,0.0,0,0.005
183,log_volume_x_macro_credit_spread,-0.0,0.0,0,0.005
183,vol_regime_3_12_x_macro_vix,-0.0,0.0,0,0.005
183,vol_regime_3_12_x_macro_term_spread,-0.0,0.0,0,0.005
183,vol_12m_x_macro_credit_spread,0.0,0.0,0,0.005
184,mom_12_1,0.0,0.0,0,0.005
184,mom_6_1,-3.440063962447764e-05,3.440063962447764e-05,1,0.005
184,mom_3_1,-0.00010673441225890678,0.00010673441225890678,1,0.005
184,tsmom_12,0.0,0.0,0,0.005
184,tsmom_sign_12,0.0,0.0,0,0.005
184,reversal_1m,0.0,0.0,0,0.005
184,ma_gap_12m,-0.0003601927734598779,0.0003601927734598779,1,0.005
184,ma_crossover_6_12,-0.0,0.0,0,0.005
184,vol_3m,0.0,0.0,0,0.005
184,vol_12m,0.004528230417123503,0.004528230417123503,1,0.005
184,vol_regime_3_12,-0.0,0.0,0,0.005
184,log_volume,-0.0,0.0,0,0.005
184,abnormal_log_volume,-0.0,0.0,0,0.005
184,macro_vix,-0.027279816652190005,0.027279816652190005,1,0.005
184,macro_epu,-0.0,0.0,0,0.005
184,macro_credit_spread,-0.0,0.0,0,0.005
184,macro_term_spread,0.008798297379687518,0.008798297379687518,1,0.005
184,mom_12_1_x_macro_epu,0.0,0.0,0,0.005
184,mom_12_1_x_macro_vix,-0.0,0.0,0,0.005
184,tsmom_12_x_macro_epu,0.0,0.0,0,0.005
184,tsmom_12_x_macro_vix,0.0,0.0,0,0.005
184,ma_gap_12m_x_macro_epu,0.0,0.0,0,0.005
184,ma_crossover_6_12_x_macro_vix,-0.009561318144923168,0.009561318144923168,1,0.005
184,reversal_1m_x_macro_epu,-0.0,0.0,0,0.005
184,reversal_1m_x_macro_vix,-0.0,0.0,0,0.005
184,reversal_1m_x_macro_credit_spread,-0.0,0.0,0,0.005
184,abnormal_log_volume_x_macro_epu,-0.0,0.0,0,0.005
184,abnormal_log_volume_x_macro_vix,-0.0,0.0,0,0.005
184,log_volume_x_macro_credit_spread,-0.0,0.0,0,0.005
184,vol_regime_3_12_x_macro_vix,-0.0,0.0,0,0.005
184,vol_regime_3_12_x_macro_term_spread,-0.0,0.0,0,0.005
184,vol_12m_x_macro_credit_spread,0.0,0.0,0,0.005
185,mom_12_1,0.0,0.0,0,0.005
185,mom_6_1,-2.239587982405113e-05,2.239587982405113e-05,1,0.005
185,mom_3_1,-0.00010420698652228606,0.00010420698652228606,1,0.005
185,tsmom_12,0.0,0.0,0,0.005
185,tsmom_sign_12,0.0,0.0,0,0.005
185,reversal_1m,0.0,0.0,0,0.005
185,ma_gap_12m,-0.0006447028161711386,0.0006447028161711386,1,0.005
185,ma_crossover_6_12,-0.0,0.0,0,0.005
185,vol_3m,0.0,0.0,0,0.005
185,vol_12m,0.004699520302412268,0.004699520302412268,1,0.005
185,vol_regime_3_12,-0.0,0.0,0,0.005
185,log_volume,-0.0,0.0,0,0.005
185,abnormal_log_volume,-0.0,0.0,0,0.005
185,macro_vix,-0.027356023410939703,0.027356023410939703,1,0.005
185,macro_epu,-0.0,0.0,0,0.005
185,macro_credit_spread,-0.0,0.0,0,0.005
185,macro_term_spread,0.008520976111025222,0.008520976111025222,1,0.005
185,mom_12_1_x_macro_epu,0.0,0.0,0,0.005
185,mom_12_1_x_macro_vix,-0.0,0.0,0,0.005
185,tsmom_12_x_macro_epu,0.0,0.0,0,0.005
185,tsmom_12_x_macro_vix,0.0,0.0,0,0.005
185,ma_gap_12m_x_macro_epu,0.0,0.0,0,0.005
185,ma_crossover_6_12_x_macro_vix,-0.009387918823079232,0.009387918823079232,1,0.005
185,reversal_1m_x_macro_epu,-0.0,0.0,0,0.005
185,reversal_1m_x_macro_vix,-0.0,0.0,0,0.005
185,reversal_1m_x_macro_credit_spread,-0.0,0.0,0,0.005
185,abnormal_log_volume_x_macro_epu,-0.0,0.0,0,0.005
185,abnormal_log_volume_x_macro_vix,-0.0,0.0,0,0.005
185,log_volume_x_macro_credit_spread,-0.0,0.0,0,0.005
185,vol_regime_3_12_x_macro_vix,-0.0,0.0,0,0.005
185,vol_regime_3_12_x_macro_term_spread,-0.0,0.0,0,0.005
185,vol_12m_x_macro_credit_spread,0.0,0.0,0,0.005
186,mom_12_1,0.0,0.0,0,0.005
186,mom_6_1,-0.0,0.0,0,0.005
186,mom_3_1,-0.00018099595886737367,0.00018099595886737367,1,0.005
186,tsmom_12,0.0,0.0,0,0.005
186,tsmom_sign_12,0.0,0.0,0,0.005
186,reversal_1m,0.0,0.0,0,0.005
186,ma_gap_12m,-0.00017382770488540082,0.00017382770488540082,1,0.005
186,ma_crossover_6_12,-0.0,0.0,0,0.005
186,vol_3m,0.0,0.0,0,0.005
186,vol_12m,0.004580372419289621,0.004580372419289621,1,0.005
186,vol_regime_3_12,-0.0,0.0,0,0.005
186,log_volume,-0.0,0.0,0,0.005
186,abnormal_log_volume,-0.0,0.0,0,0.005
186,macro_vix,-0.026964217472260677,0.026964217472260677,1,0.005
186,macro_epu,-0.0,0.0,0,0.005
186,macro_credit_spread,-0.0,0.0,0,0.005
186,macro_term_spread,0.008479830645599496,0.008479830645599496,1,0.005
186,mom_12_1_x_macro_epu,0.0,0.0,0,0.005
186,mom_12_1_x_macro_vix,-0.0,0.0,0,0.005
186,tsmom_12_x_macro_epu,0.0,0.0,0,0.005
186,tsmom_12_x_macro_vix,0.0,0.0,0,0.005
186,ma_gap_12m_x_macro_epu,0.0,0.0,0,0.005
186,ma_crossover_6_12_x_macro_vix,-0.009603637861474492,0.009603637861474492,1,0.005
186,reversal_1m_x_macro_epu,-0.0,0.0,0,0.005
186,reversal_1m_x_macro_vix,-0.0,0.0,0,0.005
186,reversal_1m_x_macro_credit_spread,-0.0,0.0,0,0.005
186,abnormal_log_volume_x_macro_epu,-0.0,0.0,0,0.005
186,abnormal_log_volume_x_macro_vix,-0.0,0.0,0,0.005
186,log_volume_x_macro_credit_spread,-0.0,0.0,0,0.005
186,vol_regime_3_12_x_macro_vix,-0.0,0.0,0,0.005
186,vol_regime_3_12_x_macro_term_spread,-0.0,0.0,0,0.005
186,vol_12m_x_macro_credit_spread,0.0,0.0,0,0.005
187,mom_12_1,0.0,0.0,0,0.005
187,mom_6_1,-6.652723400415675e-05,6.652723400415675e-05,1,0.005
187,mom_3_1,-8.224796039201784e-05,8.224796039201784e-05,1,0.005
187,tsmom_12,0.0,0.0,0,0.005
187,tsmom_sign_12,0.0,0.0,0,0.005
187,reversal_1m,0.0,0.0,0,0.005
187,ma_gap_12m,-0.00013161841541220584,0.00013161841541220584,1,0.005
187,ma_crossover_6_12,-0.0,0.0,0,0.005
187,vol_3m,0.0,0.0,0,0.005
187,vol_12m,0.004652139952387581,0.004652139952387581,1,0.005
187,vol_regime_3_12,-0.0,0.0,0,0.005
187,log_volume,-0.0,0.0,0,0.005
187,abnormal_log_volume,-0.0,0.0,0,0.005
187,macro_vix,-0.02679562918662433,0.02679562918662433,1,0.005
187,macro_epu,-0.0,0.0,0,0.005
187,macro_credit_spread,-0.0,0.0,0,0.005
187,macro_term_spread,0.008284585682370131,0.008284585682370131,1,0.005
187,mom_12_1_x_macro_epu,0.0,0.0,0,0.005
187,mom_12_1_x_macro_vix,-0.0,0.0,0,0.005
187,tsmom_12_x_macro_epu,0.0,0.0,0,0.005
187,tsmom_12_x_macro_vix,0.0,0.0,0,0.005
187,ma_gap_12m_x_macro_epu,0.0,0.0,0,0.005
187,ma_crossover_6_12_x_macro_vix,-0.009587700567930476,0.009587700567930476,1,0.005
187,reversal_1m_x_macro_epu,-0.0,0.0,0,0.005
187,reversal_1m_x_macro_vix,-0.0,0.0,0,0.005
187,reversal_1m_x_macro_credit_spread,-0.0,0.0,0,0.005
187,abnormal_log_volume_x_macro_epu,-0.0,0.0,0,0.005
187,abnormal_log_volume_x_macro_vix,-0.0,0.0,0,0.005
187,log_volume_x_macro_credit_spread,-0.0,0.0,0,0.005
187,vol_regime_3_12_x_macro_vix,-0.0,0.0,0,0.005
187,vol_regime_3_12_x_macro_term_spread,-0.0,0.0,0,0.005
187,vol_12m_x_macro_credit_spread,0.0,0.0,0,0.005
188,mom_12_1,0.0,0.0,0,0.005
188,mom_6_1,-0.0,0.0,0,0.005
188,mom_3_1,-0.00011766803831821827,0.00011766803831821827,1,0.005
188,tsmom_12,0.0,0.0,0,0.005
188,tsmom_sign_12,0.0,0.0,0,0.005
188,reversal_1m,0.0,0.0,0,0.005
188,ma_gap_12m,-0.0,0.0,0,0.005
188,ma_crossover_6_12,-0.0,0.0,0,0.005
188,vol_3m,0.0,0.0,0,0.005
188,vol_12m,0.004449191322151394,0.004449191322151394,1,0.005
188,vol_regime_3_12,-0.0,0.0,0,0.005
188,log_volume,-0.0,0.0,0,0.005
188,abnormal_log_volume,-0.0,0.0,0,0.005
188,macro_vix,-0.026320991685385327,0.026320991685385327,1,0.005
188,macro_epu,-0.0,0.0,0,0.005
188,macro_credit_spread,-0.0,0.0,0,0.005
188,macro_term_spread,0.008328284135081578,0.008328284135081578,1,0.005
188,mom_12_1_x_macro_epu,0.0,0.0,0,0.005
188,mom_12_1_x_macro_vix,-0.0,0.0,0,0.005
188,tsmom_12_x_macro_epu,0.0,0.0,0,0.005
188,tsmom_12_x_macro_vix,0.0,0.0,0,0.005
188,ma_gap_12m_x_macro_epu,0.0,0.0,0,0.005
188,ma_crossover_6_12_x_macro_vix,-0.009564833056924432,0.009564833056924432,1,0.005
188,reversal_1m_x_macro_epu,-0.0,0.0,0,0.005
188,reversal_1m_x_macro_vix,-0.0,0.0,0,0.005
188,reversal_1m_x_macro_credit_spread,-0.0,0.0,0,0.005
188,abnormal_log_volume_x_macro_epu,-0.0,0.0,0,0.005
188,abnormal_log_volume_x_macro_vix,-0.0,0.0,0,0.005
188,log_volume_x_macro_credit_spread,-0.0,0.0,0,0.005
188,vol_regime_3_12_x_macro_vix,-0.0,0.0,0,0.005
188,vol_regime_3_12_x_macro_term_spread,-0.0,0.0,0,0.005
188,vol_12m_x_macro_credit_spread,0.0,0.0,0,0.005
189,mom_12_1,0.0,0.0,0,0.005
189,mom_6_1,-0.00017892408601108848,0.00017892408601108848,1,0.005
189,mom_3_1,-0.0,0.0,0,0.005
189,tsmom_12,0.0,0.0,0,0.005
189,tsmom_sign_12,0.0,0.0,0,0.005
189,reversal_1m,0.0,0.0,0,0.005
189,ma_gap_12m,-0.0,0.0,0,0.005
189,ma_crossover_6_12,-0.0,0.0,0,0.005
189,vol_3m,0.0,0.0,0,0.005
189,vol_12m,0.004625064316013565,0.004625064316013565,1,0.005
189,vol_regime_3_12,-0.0,0.0,0,0.005
189,log_volume,-0.0,0.0,0,0.005
189,abnormal_log_volume,-0.0,0.0,0,0.005
189,macro_vix,-0.026822490504340043,0.026822490504340043,1,0.005
189,macro_epu,-0.0,0.0,0,0.005
189,macro_credit_spread,-0.0,0.0,0,0.005
189,macro_term_spread,0.008138284041945646,0.008138284041945646,1,0.005
189,mom_12_1_x_macro_epu,0.0,0.0,0,0.005
189,mom_12_1_x_macro_vix,-0.0,0.0,0,0.005
189,tsmom_12_x_macro_epu,0.0,0.0,0,0.005
189,tsmom_12_x_macro_vix,0.0,0.0,0,0.005
189,ma_gap_12m_x_macro_epu,0.0,0.0,0,0.005
189,ma_crossover_6_12_x_macro_vix,-0.00967184893051822,0.00967184893051822,1,0.005
189,reversal_1m_x_macro_epu,-0.0,0.0,0,0.005
189,reversal_1m_x_macro_vix,-0.0,0.0,0,0.005
189,reversal_1m_x_macro_credit_spread,-0.0,0.0,0,0.005
189,abnormal_log_volume_x_macro_epu,-0.0,0.0,0,0.005
189,abnormal_log_volume_x_macro_vix,-0.0,0.0,0,0.005
189,log_volume_x_macro_credit_spread,-3.936075542404703e-05,3.936075542404703e-05,1,0.005
189,vol_regime_3_12_x_macro_vix,-0.0,0.0,0,0.005
189,vol_regime_3_12_x_macro_term_spread,-0.0,0.0,0,0.005
189,vol_12m_x_macro_credit_spread,0.0,0.0,0,0.005
190,mom_12_1,0.0,0.0,0,0.005
190,mom_6_1,-6.494241547722287e-05,6.494241547722287e-05,1,0.005
190,mom_3_1,-0.0,0.0,0,0.005
190,tsmom_12,0.0,0.0,0,0.005
190,tsmom_sign_12,0.0,0.0,0,0.005
190,reversal_1m,0.0,0.0,0,0.005
190,ma_gap_12m,-0.0,0.0,0,0.005
190,ma_crossover_6_12,-0.0,0.0,0,0.005
190,vol_3m,0.0,0.0,0,0.005
190,vol_12m,0.004578540970037129,0.004578540970037129,1,0.005
190,vol_regime_3_12,-0.0,0.0,0,0.005
190,log_volume,-0.0,0.0,0,0.005
190,abnormal_log_volume,-0.0,0.0,0,0.005
190,macro_vix,-0.026788222494260654,0.026788222494260654,1,0.005
190,macro_epu,-0.0,0.0,0,0.005
190,macro_credit_spread,-0.0,0.0,0,0.005
190,macro_term_spread,0.008088756553733365,0.008088756553733365,1,0.005
190,mom_12_1_x_macro_epu,0.0,0.0,0,0.005
190,mom_12_1_x_macro_vix,-0.0,0.0,0,0.005
190,tsmom_12_x_macro_epu,0.0,0.0,0,0.005
190,tsmom_12_x_macro_vix,0.0,0.0,0,0.005
190,ma_gap_12m_x_macro_epu,0.0,0.0,0,0.005
190,ma_crossover_6_12_x_macro_vix,-0.009827975544888528,0.009827975544888528,1,0.005
190,reversal_1m_x_macro_epu,-0.0,0.0,0,0.005
190,reversal_1m_x_macro_vix,-0.0,0.0,0,0.005
190,reversal_1m_x_macro_credit_spread,-0.0,0.0,0,0.005
190,abnormal_log_volume_x_macro_epu,-0.0,0.0,0,0.005
190,abnormal_log_volume_x_macro_vix,-0.0,0.0,0,0.005
190,log_volume_x_macro_credit_spread,-0.00023441789965518488,0.00023441789965518488,1,0.005
190,vol_regime_3_12_x_macro_vix,-0.0,0.0,0,0.005
190,vol_regime_3_12_x_macro_term_spread,-0.0,0.0,0,0.005
190,vol_12m_x_macro_credit_spread,0.0,0.0,0,0.005
191,mom_12_1,0.0,0.0,0,0.0005
191,mom_6_1,-0.003597964323116756,0.003597964323116756,1,0.0005
191,mom_3_1,-0.0036017016606090203,0.0036017016606090203,1,0.0005
191,tsmom_12,0.0,0.0,0,0.0005
191,tsmom_sign_12,0.0010542722772364152,0.0010542722772364152,1,0.0005
191,reversal_1m,0.009499051314996601,0.009499051314996601,1,0.0005
191,ma_gap_12m,-0.011503612019583167,0.011503612019583167,1,0.0005
191,ma_crossover_6_12,0.007676133870283227,0.007676133870283227,1,0.0005
191,vol_3m,0.0,0.0,0,0.0005
191,vol_12m,0.014487256527491449,0.014487256527491449,1,0.0005
191,vol_regime_3_12,0.00022325358157617567,0.00022325358157617567,1,0.0005
191,log_volume,-0.0016031282939881976,0.0016031282939881976,1,0.0005
191,abnormal_log_volume,0.0,0.0,0,0.0005
191,macro_vix,-0.026081171677217012,0.026081171677217012,1,0.0005
191,macro_epu,-0.004546041159228725,0.004546041159228725,1,0.0005
191,macro_credit_spread,0.0,0.0,0,0.0005
191,macro_term_spread,0.011066593815873872,0.011066593815873872,1,0.0005
191,mom_12_1_x_macro_epu,0.006275501844140705,0.006275501844140705,1,0.0005
191,mom_12_1_x_macro_vix,-0.005385839615065665,0.005385839615065665,1,0.0005
191,tsmom_12_x_macro_epu,0.0023099444677881246,0.0023099444677881246,1,0.0005
191,tsmom_12_x_macro_vix,0.0,0.0,0,0.0005
191,ma_gap_12m_x_macro_epu,0.016031871371431205,0.016031871371431205,1,0.0005
191,ma_crossover_6_12_x_macro_vix,-0.022612680669229106,0.022612680669229106,1,0.0005
191,reversal_1m_x_macro_epu,0.0030774302809129573,0.0030774302809129573,1,0.0005
191,reversal_1m_x_macro_vix,-0.00937080290370826,0.00937080290370826,1,0.0005
191,reversal_1m_x_macro_credit_spread,0.0,0.0,0,0.0005
191,abnormal_log_volume_x_macro_epu,-0.004003822718036049,0.004003822718036049,1,0.0005
191,abnormal_log_volume_x_macro_vix,0.003931042252553874,0.003931042252553874,1,0.0005
191,log_volume_x_macro_credit_spread,-0.0,0.0,0,0.0005
191,vol_regime_3_12_x_macro_vix,-0.000637293573760951,0.000637293573760951,1,0.0005
191,vol_regime_3_12_x_macro_term_spread,-0.0,0.0,0,0.0005
191,vol_12m_x_macro_credit_spread,-0.008179180345429476,0.008179180345429476,1,0.0005
192,mom_12_1,0.0,0.0,0,0.0005
192,mom_6_1,-0.0037867075723297086,0.0037867075723297086,1,0.0005
192,mom_3_1,-0.0034190530104735257,0.0034190530104735257,1,0.0005
192,tsmom_12,0.0,0.0,0,0.0005
192,tsmom_sign_12,0.0010754238282478007,0.0010754238282478007,1,0.0005
192,reversal_1m,0.009865848947078065,0.009865848947078065,1,0.0005
192,ma_gap_12m,-0.011211274683049813,0.011211274683049813,1,0.0005
192,ma_crossover_6_12,0.008017867018911298,0.008017867018911298,1,0.0005
192,vol_3m,0.0,0.0,0,0.0005
192,vol_12m,0.014793378386086234,0.014793378386086234,1,0.0005
192,vol_regime_3_12,0.00020492464130762687,0.00020492464130762687,1,0.0005
192,log_volume,-0.0016069107697051113,0.0016069107697051113,1,0.0005
192,abnormal_log_volume,0.0,0.0,0,0.0005
192,macro_vix,-0.025755421297841453,0.025755421297841453,1,0.0005
192,macro_epu,-0.004310390614601457,0.004310390614601457,1,0.0005
192,macro_credit_spread,0.0,0.0,0,0.0005
192,macro_term_spread,0.011057938939177748,0.011057938939177748,1,0.0005
192,mom_12_1_x_macro_epu,0.006208194063673104,0.006208194063673104,1,0.0005
192,mom_12_1_x_macro_vix,-0.005493213478724214,0.005493213478724214,1,0.0005
192,tsmom_12_x_macro_epu,0.002394129102206649,0.002394129102206649,1,0.0005
192,tsmom_12_x_macro_vix,0.0,0.0,0,0.0005
192,ma_gap_12m_x_macro_epu,0.015812456251826295,0.015812456251826295,1,0.0005
192,ma_crossover_6_12_x_macro_vix,-0.022810148776117648,0.022810148776117648,1,0.0005
192,reversal_1m_x_macro_epu,0.002906206512770091,0.002906206512770091,1,0.0005
192,reversal_1m_x_macro_vix,-0.009505885139897762,0.009505885139897762,1,0.0005
192,reversal_1m_x_macro_credit_spread,0.0,0.0,0,0.0005
192,abnormal_log_volume_x_macro_epu,-0.004047942261918845,0.004047942261918845,1,0.0005
192,abnormal_log_volume_x_macro_vix,0.003939843432235741,0.003939843432235741,1,0.0005
192,log_volume_x_macro_credit_spread,-0.0,0.0,0,0.0005
192,vol_regime_3_12_x_macro_vix,-0.0006319500240193935,0.0006319500240193935,1,0.0005
192,vol_regime_3_12_x_macro_term_spread,-0.0,0.0,0,0.0005
192,vol_12m_x_macro_credit_spread,-0.008586109405701326,0.008586109405701326,1,0.0005
193,mom_12_1,0.0,0.0,0,0.0005
193,mom_6_1,-0.00339154437049409,0.00339154437049409,1,0.0005
193,mom_3_1,-0.0034744099395143013,0.0034744099395143013,1,0.0005
193,tsmom_12,0.00012430381872077732,0.00012430381872077732,1,0.0005
193,tsmom_sign_12,0.0012473440706213441,0.0012473440706213441,1,0.0005
193,reversal_1m,0.009033940085530849,0.009033940085530849,1,0.0005
193,ma_gap_12m,-0.012182301050211852,0.012182301050211852,1,0.0005
193,ma_crossover_6_12,0.008817806230941189,0.008817806230941189,1,0.0005
193,vol_3m,0.0,0.0,0,0.0005
193,vol_12m,0.014587499577603635,0.014587499577603635,1,0.0005
193,vol_regime_3_12,0.0,0.0,0,0.0005
193,log_volume,-0.0011810170292580542,0.0011810170292580542,1,0.0005
193,abnormal_log_volume,0.0,0.0,0,0.0005
193,macro_vix,-0.02493407686733343,0.02493407686733343,1,0.0005
193,macro_epu,-0.0038307114484091662,0.0038307114484091662,1,0.0005
193,macro_credit_spread,-0.0,0.0,0,0.0005
193,macro_term_spread,0.011060915768353451,0.011060915768353451,1,0.0005
193,mom_12_1_x_macro_epu,0.0062570495082167,0.0062570495082167,1,0.0005
193,mom_12_1_x_macro_vix,-0.005653963469986735,0.005653963469986735,1,0.0005
193,tsmom_12_x_macro_epu,0.0020658176136757285,0.0020658176136757285,1,0.0005
193,tsmom_12_x_macro_vix,0.0,0.0,0,0.0005
193,ma_gap_12m_x_macro_epu,0.016308249369667554,0.016308249369667554,1,0.0005
193,ma_crossover_6_12_x_macro_vix,-0.023472920411304762,0.023472920411304762,1,0.0005
193,reversal_1m_x_macro_epu,0.0032094571074731447,0.0032094571074731447,1,0.0005
193,reversal_1m_x_macro_vix,-0.00927632988118179,0.00927632988118179,1,0.0005
193,reversal_1m_x_macro_credit_spread,0.0,0.0,0,0.0005
193,abnormal_log_volume_x_macro_epu,-0.004095297073103946,0.004095297073103946,1,0.0005
193,abnormal_log_volume_x_macro_vix,0.004156706676070217,0.004156706676070217,1,0.0005
193,log_volume_x_macro_credit_spread,-0.0014930997569793647,0.0014930997569793647,1,0.0005
193,vol_regime_3_12_x_macro_vix,-0.000571387765809775,0.000571387765809775,1,0.0005
193,vol_regime_3_12_x_macro_term_spread,-0.0,0.0,0,0.0005
193,vol_12m_x_macro_credit_spread,-0.008451419552844125,0.008451419552844125,1,0.0005
194,mom_12_1,0.0,0.0,0,0.0005
194,mom_6_1,-0.0030306468634659313,0.0030306468634659313,1,0.0005
194,mom_3_1,-0.004365258998061232,0.004365258998061232,1,0.0005
194,tsmom_12,0.0,0.0,0,0.0005
194,tsmom_sign_12,0.0012462946814641317,0.0012462946814641317,1,0.0005
194,reversal_1m,0.009231720610854019,0.009231720610854019,1,0.0005
194,ma_gap_12m,-0.011941589379578387,0.011941589379578387,1,0.0005
194,ma_crossover_6_12,0.008372607785883624,0.008372607785883624,1,0.0005
194,vol_3m,0.0,0.0,0,0.0005
194,vol_12m,0.01299268150516589,0.01299268150516589,1,0.0005
194,vol_regime_3_12,0.0,0.0,0,0.0005
194,log_volume,-0.0005192839503234557,0.0005192839503234557,1,0.0005
194,abnormal_log_volume,0.0003706705973844283,0.0003706705973844283,1,0.0005
194,macro_vix,-0.023721870744467046,0.023721870744467046,1,0.0005
194,macro_epu,-0.004218778696047956,0.004218778696047956,1,0.0005
194,macro_credit_spread,-0.0,0.0,0,0.0005
194,macro_term_spread,0.01205011800485958,0.01205011800485958,1,0.0005
194,mom_12_1_x_macro_epu,0.006801193836330172,0.006801193836330172,1,0.0005
194,mom_12_1_x_macro_vix,-0.006213372134642016,0.006213372134642016,1,0.0005
194,tsmom_12_x_macro_epu,0.0022072549971586535,0.0022072549971586535,1,0.0005
194,tsmom_12_x_macro_vix,0.0,0.0,0,0.0005
194,ma_gap_12m_x_macro_epu,0.016750339397975978,0.016750339397975978,1,0.0005
194,ma_crossover_6_12_x_macro_vix,-0.023616860332645328,0.023616860332645328,1,0.0005
194,reversal_1m_x_macro_epu,0.002046745681418755,0.002046745681418755,1,0.0005
194,reversal_1m_x_macro_vix,-0.00821774492841482,0.00821774492841482,1,0.0005
194,reversal_1m_x_macro_credit_spread,0.0,0.0,0,0.0005
194,abnormal_log_volume_x_macro_epu,-0.004874975267883768,0.004874975267883768,1,0.0005
194,abnormal_log_volume_x_macro_vix,0.004626930108611019,0.004626930108611019,1,0.0005
194,log_volume_x_macro_credit_spread,-0.0037897989102760143,0.0037897989102760143,1,0.0005
194,vol_regime_3_12_x_macro_vix,-0.0007942853902499833,0.0007942853902499833,1,0.0005
194,vol_regime_3_12_x_macro_term_spread,-0.0,0.0,0,0.0005
194,vol_12m_x_macro_credit_spread,-0.0068012037911876905,0.0068012037911876905,1,0.0005
195,mom_12_1,0.0,0.0,0,0.0005
195,mom_6_1,-0.003131293538558492,0.003131293538558492,1,0.0005
195,mom_3_1,-0.004213268243646286,0.004213268243646286,1,0.0005
195,tsmom_12,0.0002738574915698405,0.0002738574915698405,1,0.0005
195,tsmom_sign_12,0.0010632277327015383,0.0010632277327015383,1,0.0005
195,reversal_1m,0.008162168272929857,0.008162168272929857,1,0.0005
195,ma_gap_12m,-0.01270576029669811,0.01270576029669811,1,0.0005
195,ma_crossover_6_12,0.009198544678426441,0.009198544678426441,1,0.0005
195,vol_3m,0.0,0.0,0,0.0005
195,vol_12m,0.013946234712688195,0.013946234712688195,1,0.0005
195,vol_regime_3_12,0.0,0.0,0,0.0005
195,log_volume,-0.0006211426936799372,0.0006211426936799372,1,0.0005
195,abnormal_log_volume,0.0003453640317181556,0.0003453640317181556,1,0.0005
195,macro_vix,-0.023740905355604733,0.023740905355604733,1,0.0005
195,macro_epu,-0.004024053834662293,0.004024053834662293,1,0.0005
195,macro_credit_spread,-0.0,0.0,0,0.0005
195,macro_term_spread,0.011648773511187491,0.011648773511187491,1,0.0005
195,mom_12_1_x_macro_epu,0.006297233918955259,0.006297233918955259,1,0.0005
195,mom_12_1_x_macro_vix,-0.0057900033529458255,0.0057900033529458255,1,0.0005
195,tsmom_12_x_macro_epu,0.001978132253163682,0.001978132253163682,1,0.0005
195,tsmom_12_x_macro_vix,0.0,0.0,0,0.0005
195,ma_gap_12m_x_macro_epu,0.0172713813188544,0.0172713813188544,1,0.0005
195,ma_crossover_6_12_x_macro_vix,-0.0241937227741255,0.0241937227741255,1,0.0005
195,reversal_1m_x_macro_epu,0.002785541279756663,0.002785541279756663,1,0.0005
195,reversal_1m_x_macro_vix,-0.008040992354358506,0.008040992354358506,1,0.0005
195,reversal_1m_x_macro_credit_spread,0.0,0.0,0,0.0005
195,abnormal_log_volume_x_macro_epu,-0.004722393260824704,0.004722393260824704,1,0.0005
195,abnormal_log_volume_x_macro_vix,0.004517237371966358,0.004517237371966358,1,0.0005
195,log_volume_x_macro_credit_spread,-0.0032703316361953833,0.0032703316361953833,1,0.0005
195,vol_regime_3_12_x_macro_vix,-0.0009192581393552904,0.0009192581393552904,1,0.0005
195,vol_regime_3_12_x_macro_term_spread,-0.0,0.0,0,0.0005
195,vol_12m_x_macro_credit_spread,-0.0079730611870853,0.0079730611870853,1,0.0005
196,mom_12_1,0.0,0.0,0,0.0005
196,mom_6_1,-0.0024221888086955455,0.0024221888086955455,1,0.0005
196,mom_3_1,-0.004720554387485785,0.004720554387485785,1,0.0005
196,tsmom_12,0.000449433262640677,0.000449433262640677,1,0.0005
196,tsmom_sign_12,0.0007215586005507353,0.0007215586005507353,1,0.0005
196,reversal_1m,0.007688281150882939,0.007688281150882939,1,0.0005
196,ma_gap_12m,-0.013738661437413651,0.013738661437413651,1,0.0005
196,ma_crossover_6_12,0.008169737494022635,0.008169737494022635,1,0.0005
196,vol_3m,-0.0,0.0,0,0.0005
196,vol_12m,0.013470341858804571,0.013470341858804571,1,0.0005
196,vol_regime_3_12,0.0,0.0,0,0.0005
196,log_volume,-0.000822088351635472,0.000822088351635472,1,0.0005
196,abnormal_log_volume,0.0003577311424870284,0.0003577311424870284,1,0.0005
196,macro_vix,-0.025088938195994642,0.025088938195994642,1,0.0005
196,macro_epu,-0.0034856554452366833,0.0034856554452366833,1,0.0005
196,macro_credit_spread,-0.0,0.0,0,0.0005
196,macro_term_spread,0.011397789249056607,0.011397789249056607,1,0.0005
196,mom_12_1_x_macro_epu,0.005446866473303779,0.005446866473303779,1,0.0005
196,mom_12_1_x_macro_vix,-0.004431810608993332,0.004431810608993332,1,0.0005
196,tsmom_12_x_macro_epu,0.0016025825819417738,0.0016025825819417738,1,0.0005
196,tsmom_12_x_macro_vix,0.0,0.0,0,0.0005
196,ma_gap_12m_x_macro_epu,0.017662337144198584,0.017662337144198584,1,0.0005
196,ma_crossover_6_12_x_macro_vix,-0.023534235738569928,0.023534235738569928,1,0.0005
196,reversal_1m_x_macro_epu,0.0023259384329521616,0.0023259384329521616,1,0.0005
196,reversal_1m_x_macro_vix,-0.007312884854184701,0.007312884854184701,1,0.0005
196,reversal_1m_x_macro_credit_spread,0.0,0.0,0,0.0005
196,abnormal_log_volume_x_macro_epu,-0.0035195709346898052,0.0035195709346898052,1,0.0005
196,abnormal_log_volume_x_macro_vix,0.0035608530686426078,0.0035608530686426078,1,0.0005
196,log_volume_x_macro_credit_spread,-0.0026919473112576526,0.0026919473112576526,1,0.0005
196,vol_regime_3_12_x_macro_vix,-0.0010303548828250431,0.0010303548828250431,1,0.0005
196,vol_regime_3_12_x_macro_term_spread,-0.0,0.0,0,0.0005
196,vol_12m_x_macro_credit_spread,-0.007484370971640738,0.007484370971640738,1,0.0005
197,mom_12_1,0.0,0.0,0,0.0005
197,mom_6_1,-0.0022063414702508098,0.0022063414702508098,1,0.0005
197,mom_3_1,-0.004775673787443912,0.004775673787443912,1,0.0005
197,tsmom_12,0.001231657949992225,0.001231657949992225,1,0.0005
197,tsmom_sign_12,0.000648741722521977,0.000648741722521977,1,0.0005
197,reversal_1m,0.007085196954597647,0.007085196954597647,1,0.0005
197,ma_gap_12m,-0.014756833141900436,0.014756833141900436,1,0.0005
197,ma_crossover_6_12,0.007579869448150462,0.007579869448150462,1,0.0005
197,vol_3m,-0.0,0.0,0,0.0005
197,vol_12m,0.013538564118575815,0.013538564118575815,1,0.0005
197,vol_regime_3_12,-0.0,0.0,0,0.0005
197,log_volume,-0.0007794132325554795,0.0007794132325554795,1,0.0005
197,abnormal_log_volume,0.0004833016235351401,0.0004833016235351401,1,0.0005
197,macro_vix,-0.024994856895810727,0.024994856895810727,1,0.0005
197,macro_epu,-0.003370494483398885,0.003370494483398885,1,0.0005
197,macro_credit_spread,-0.0,0.0,0,0.0005
197,macro_term_spread,0.011243095576675695,0.011243095576675695,1,0.0005
197,mom_12_1_x_macro_epu,0.005696170425581302,0.005696170425581302,1,0.0005
197,mom_12_1_x_macro_vix,-0.00466588584912824,0.00466588584912824,1,0.0005
197,tsmom_12_x_macro_epu,0.0010240912921116738,0.0010240912921116738,1,0.0005
197,tsmom_12_x_macro_vix,0.0,0.0,0,0.0005
197,ma_gap_12m_x_macro_epu,0.018256620967248657,0.018256620967248657,1,0.0005
197,ma_crossover_6_12_x_macro_vix,-0.022976586073781807,0.022976586073781807,1,0.0005
197,reversal_1m_x_macro_epu,0.0025115172416438855,0.0025115172416438855,1,0.0005
197,reversal_1m_x_macro_vix,-0.007062075874209484,0.007062075874209484,1,0.0005
197,reversal_1m_x_macro_credit_spread,0.0,0.0,0,0.0005
197,abnormal_log_volume_x_macro_epu,-0.003494844721131899,0.003494844721131899,1,0.0005
197,abnormal_log_volume_x_macro_vix,0.003425907252437996,0.003425907252437996,1,0.0005
197,log_volume_x_macro_credit_spread,-0.0028341633127305257,0.0028341633127305257,1,0.0005
197,vol_regime_3_12_x_macro_vix,-0.001060606537660542,0.001060606537660542,1,0.0005
197,vol_regime_3_12_x_macro_term_spread,-0.0,0.0,0,0.0005
197,vol_12m_x_macro_credit_spread,-0.0075020728108498485,0.0075020728108498485,1,0.0005
198,mom_12_1,0.0005738822072778795,0.0005738822072778795,1,0.0005
198,mom_6_1,-0.0018832415341245516,0.0018832415341245516,1,0.0005
198,mom_3_1,-0.005156154759631426,0.005156154759631426,1,0.0005
198,tsmom_12,0.0015626380736424304,0.0015626380736424304,1,0.0005
198,tsmom_sign_12,0.0008145191339643956,0.0008145191339643956,1,0.0005
198,reversal_1m,0.00705163349364229,0.00705163349364229,1,0.0005
198,ma_gap_12m,-0.01540101456051096,0.01540101456051096,1,0.0005
198,ma_crossover_6_12,0.007944568283993763,0.007944568283993763,1,0.0005
198,vol_3m,-0.0,0.0,0,0.0005
198,vol_12m,0.014250455488605537,0.014250455488605537,1,0.0005
198,vol_regime_3_12,-0.0,0.0,0,0.0005
198,log_volume,-0.0007181106730631214,0.0007181106730631214,1,0.0005
198,abnormal_log_volume,0.00010553351621631864,0.00010553351621631864,1,0.0005
198,macro_vix,-0.024343529653329952,0.024343529653329952,1,0.0005
198,macro_epu,-0.0033910274260416464,0.0033910274260416464,1,0.0005
198,macro_credit_spread,-0.0,0.0,0,0.0005
198,macro_term_spread,0.010606224170180431,0.010606224170180431,1,0.0005
198,mom_12_1_x_macro_epu,0.004965867434001795,0.004965867434001795,1,0.0005
198,mom_12_1_x_macro_vix,-0.004270942700760647,0.004270942700760647,1,0.0005
198,tsmom_12_x_macro_epu,0.0006528229975642467,0.0006528229975642467,1,0.0005
198,tsmom_12_x_macro_vix,0.0,0.0,0,0.0005
198,ma_gap_12m_x_macro_epu,0.019047970338307508,0.019047970338307508,1,0.0005
198,ma_crossover_6_12_x_macro_vix,-0.023846731338502184,0.023846731338502184,1,0.0005
198,reversal_1m_x_macro_epu,0.0026157993038993365,0.0026157993038993365,1,0.0005
198,reversal_1m_x_macro_vix,-0.007037649627043629,0.007037649627043629,1,0.0005
198,reversal_1m_x_macro_credit_spread,0.0,0.0,0,0.0005
198,abnormal_log_volume_x_macro_epu,-0.0032623169794732594,0.0032623169794732594,1,0.0005
198,abnormal_log_volume_x_macro_vix,0.003410063874640651,0.003410063874640651,1,0.0005
198,log_volume_x_macro_credit_spread,-0.0031867668144191516,0.0031867668144191516,1,0.0005
198,vol_regime_3_12_x_macro_vix,-0.0010347638652266962,0.0010347638652266962,1,0.0005
198,vol_regime_3_12_x_macro_term_spread,-0.0,0.0,0,0.0005
198,vol_12m_x_macro_credit_spread,-0.008306843072955263,0.008306843072955263,1,0.0005
199,mom_12_1,0.0021985212982226377,0.0021985212982226377,1,0.0005
199,mom_6_1,-0.0015050915455884363,0.0015050915455884363,1,0.0005
199,mom_3_1,-0.005344510065396131,0.005344510065396131,1,0.0005
199,tsmom_12,0.0,0.0,0,0.0005
199,tsmom_sign_12,0.0009601390829994226,0.0009601390829994226,1,0.0005
199,reversal_1m,0.0071107240157453075,0.0071107240157453075,1,0.0005
199,ma_gap_12m,-0.01678367763335081,0.01678367763335081,1,0.0005
199,ma_crossover_6_12,0.00851887142672734,0.00851887142672734,1,0.0005
199,vol_3m,0.0,0.0,0,0.0005
199,vol_12m,0.014112786066406861,0.014112786066406861,1,0.0005
199,vol_regime_3_12,0.0,0.0,0,0.0005
199,log_volume,-0.0006000149862931598,0.0006000149862931598,1,0.0005
199,abnormal_log_volume,0.0,0.0,0,0.0005
199,macro_vix,-0.023834048768337224,0.023834048768337224,1,0.0005
199,macro_epu,-0.003983825080043975,0.003983825080043975,1,0.0005
199,macro_credit_spread,-0.0,0.0,0,0.0005
199,macro_term_spread,0.010211300702750389,0.010211300702750389,1,0.0005
199,mom_12_1_x_macro_epu,0.004274344205062967,0.004274344205062967,1,0.0005
199,mom_12_1_x_macro_vix,-0.005220486727795305,0.005220486727795305,1,0.0005
199,tsmom_12_x_macro_epu,0.002184028136738835,0.002184028136738835,1,0.0005
199,tsmom_12_x_macro_vix,0.0,0.0,0,0.0005
199,ma_gap_12m_x_macro_epu,0.02035442154106347,0.02035442154106347,1,0.0005
199,ma_crossover_6_12_x_macro_vix,-0.024311700154311906,0.024311700154311906,1,0.0005
199,reversal_1m_x_macro_epu,0.0033589673305055934,0.0033589673305055934,1,0.0005
199,reversal_1m_x_macro_vix,-0.0076777680335461665,0.0076777680335461665,1,0.0005
199,reversal_1m_x_macro_credit_spread,0.0,0.0,0,0.0005
199,abnormal_log_volume_x_macro_epu,-0.002387027070910484,0.002387027070910484,1,0.0005
199,abnormal_log_volume_x_macro_vix,0.0026607900741460275,0.0026607900741460275,1,0.0005
199,log_volume_x_macro_credit_spread,-0.003414711178866868,0.003414711178866868,1,0.0005
199,vol_regime_3_12_x_macro_vix,-0.0008924842318461006,0.0008924842318461006,1,0.0005
199,vol_regime_3_12_x_macro_term_spread,-0.0,0.0,0,0.0005
199,vol_12m_x_macro_credit_spread,-0.008242403276888242,0.008242403276888242,1,0.0005
200,mom_12_1,0.0,0.0,0,0.001
200,mom_6_1,-0.0010538430081653957,0.0010538430081653957,1,0.001
200,mom_3_1,-0.006688306036820183,0.006688306036820183,1,0.001
200,tsmom_12,0.0,0.0,0,0.001
200,tsmom_sign_12,0.0005350824397153186,0.0005350824397153186,1,0.001
200,reversal_1m,0.009797816537307137,0.009797816537307137,1,0.001
200,ma_gap_12m,-0.004175467924647771,0.004175467924647771,1,0.001
200,ma_crossover_6_12,0.0003076071075345553,0.0003076071075345553,1,0.001
200,vol_3m,-0.0,0.0,0,0.001
200,vol_12m,0.009040907349420571,0.009040907349420571,1,0.001
200,vol_regime_3_12,-0.0,0.0,0,0.001
200,log_volume,-0.0,0.0,0,0.001
200,abnormal_log_volume,0.0,0.0,0,0.001
200,macro_vix,-0.024904202639451513,0.024904202639451513,1,0.001
200,macro_epu,-0.003256457842401862,0.003256457842401862,1,0.001
200,macro_credit_spread,-0.0,0.0,0,0.001
200,macro_term_spread,0.009440563266338584,0.009440563266338584,1,0.001
200,mom_12_1_x_macro_epu,0.00627809484959254,0.00627809484959254,1,0.001
200,mom_12_1_x_macro_vix,-0.0033575033718847174,0.0033575033718847174,1,0.001
200,tsmom_12_x_macro_epu,0.0021211037341275106,0.0021211037341275106,1,0.001
200,tsmom_12_x_macro_vix,-0.0,0.0,0,0.001
200,ma_gap_12m_x_macro_epu,0.01026180760537769,0.01026180760537769,1,0.001
200,ma_crossover_6_12_x_macro_vix,-0.019041248004896656,0.019041248004896656,1,0.001
200,reversal_1m_x_macro_epu,0.0,0.0,0,0.001
200,reversal_1m_x_macro_vix,-0.005908165295255934,0.005908165295255934,1,0.001
200,reversal_1m_x_macro_credit_spread,-0.0,0.0,0,0.001
200,abnormal_log_volume_x_macro_epu,-0.0,0.0,0,0.001
200,abnormal_log_volume_x_macro_vix,4.603284028750654e-05,4.603284028750654e-05,1,0.001
200,log_volume_x_macro_credit_spread,-0.005666036048364285,0.005666036048364285,1,0.001
200,vol_regime_3_12_x_macro_vix,-0.000555365730812049,0.000555365730812049,1,0.001
200,vol_regime_3_12_x_macro_term_spread,-0.0,0.0,0,0.001
200,vol_12m_x_macro_credit_spread,-0.0013653634949556198,0.0013653634949556198,1,0.001
201,mom_12_1,0.0006258898885004514,0.0006258898885004514,1,0.001
201,mom_6_1,-0.001280620121023829,0.001280620121023829,1,0.001
201,mom_3_1,-0.006769156661096911,0.006769156661096911,1,0.001
201,tsmom_12,0.0,0.0,0,0.001
201,tsmom_sign_12,0.0005982199570227059,0.0005982199570227059,1,0.001
201,reversal_1m,0.010072891801532558,0.010072891801532558,1,0.001
201,ma_gap_12m,-0.0036348438634224395,0.0036348438634224395,1,0.001
201,ma_crossover_6_12,0.0,0.0,0,0.001
201,vol_3m,-0.0,0.0,0,0.001
201,vol_12m,0.009605289706200159,0.009605289706200159,1,0.001
201,vol_regime_3_12,-0.0,0.0,0,0.001
201,log_volume,-0.0,0.0,0,0.001
201,abnormal_log_volume,0.00017774471218821568,0.00017774471218821568,1,0.001
201,macro_vix,-0.024631071568186485,0.024631071568186485,1,0.001
201,macro_epu,-0.003179585488864846,0.003179585488864846,1,0.001
201,macro_credit_spread,-0.0,0.0,0,0.001
201,macro_term_spread,0.00931505355139871,0.00931505355139871,1,0.001
201,mom_12_1_x_macro_epu,0.005958338025564927,0.005958338025564927,1,0.001
201,mom_12_1_x_macro_vix,-0.0036580289267029147,0.0036580289267029147,1,0.001
201,tsmom_12_x_macro_epu,0.0022057954282686033,0.0022057954282686033,1,0.001
201,tsmom_12_x_macro_vix,-0.0,0.0,0,0.001
201,ma_gap_12m_x_macro_epu,0.010131511662903884,0.010131511662903884,1,0.001
201,ma_crossover_6_12_x_macro_vix,-0.01897229615980352,0.01897229615980352,1,0.001
201,reversal_1m_x_macro_epu,0.0,0.0,0,0.001
201,reversal_1m_x_macro_vix,-0.006004727433040062,0.006004727433040062,1,0.001
201,reversal_1m_x_macro_credit_spread,-0.0,0.0,0,0.001
201,abnormal_log_volume_x_macro_epu,-0.0,0.0,0,0.001
201,abnormal_log_volume_x_macro_vix,0.0,0.0,0,0.001
201,log_volume_x_macro_credit_spread,-0.005627332978308503,0.005627332978308503,1,0.001
201,vol_regime_3_12_x_macro_vix,-0.000542740182747001,0.000542740182747001,1,0.001
201,vol_regime_3_12_x_macro_term_spread,-0.0,0.0,0,0.001
201,vol_12m_x_macro_credit_spread,-0.0019289333770537017,0.0019289333770537017,1,0.001
202,mom_12_1,0.0013055385422626677,0.0013055385422626677,1,0.001
202,mom_6_1,-0.0013388611981036234,0.0013388611981036234,1,0.001
202,mom_3_1,-0.006712277308312359,0.006712277308312359,1,0.001
202,tsmom_12,0.0,0.0,0,0.001
202,tsmom_sign_12,0.0006907152444604788,0.0006907152444604788,1,0.001
202,reversal_1m,0.009936748375654156,0.009936748375654156,1,0.001
202,ma_gap_12m,-0.003925491150152015,0.003925491150152015,1,0.001
202,ma_crossover_6_12,0.0,0.0,0,0.001
202,vol_3m,-0.0,0.0,0,0.001
202,vol_12m,0.010438119375571538,0.010438119375571538,1,0.001
202,vol_regime_3_12,-0.0,0.0,0,0.001
202,log_volume,-0.0,0.0,0,0.001
202,abnormal_log_volume,0.0002647705543415623,0.0002647705543415623,1,0.001
202,macro_vix,-0.024313520016711103,0.024313520016711103,1,0.001
202,macro_epu,-0.002934749934439725,0.002934749934439725,1,0.001
202,macro_credit_spread,-0.0,0.0,0,0.001
202,macro_term_spread,0.00920143829341428,0.00920143829341428,1,0.001
202,mom_12_1_x_macro_epu,0.005340100453668837,0.005340100453668837,1,0.001
202,mom_12_1_x_macro_vix,-0.003871026368167279,0.003871026368167279,1,0.001
202,tsmom_12_x_macro_epu,0.002336504839227582,0.002336504839227582,1,0.001
202,tsmom_12_x_macro_vix,-0.0,0.0,0,0.001
202,ma_gap_12m_x_macro_epu,0.010402481645660343,0.010402481645660343,1,0.001
202,ma_crossover_6_12_x_macro_vix,-0.018987260551514715,0.018987260551514715,1,0.001
202,reversal_1m_x_macro_epu,0.0,0.0,0,0.001
202,reversal_1m_x_macro_vix,-0.005910041734217575,0.005910041734217575,1,0.001
202,reversal_1m_x_macro_credit_spread,-0.0,0.0,0,0.001
202,abnormal_log_volume_x_macro_epu,-0.0,0.0,0,0.001
202,abnormal_log_volume_x_macro_vix,0.0,0.0,0,0.001
202,log_volume_x_macro_credit_spread,-0.005501869439557465,0.005501869439557465,1,0.001
202,vol_regime_3_12_x_macro_vix,-0.0006017268237361648,0.0006017268237361648,1,0.001
202,vol_regime_3_12_x_macro_term_spread,-0.0,0.0,0,0.001
202,vol_12m_x_macro_credit_spread,-0.002835631415578844,0.002835631415578844,1,0.001
203,mom_12_1,0.0009476983743338705,0.0009476983743338705,1,0.001
203,mom_6_1,-0.001291291444496778,0.001291291444496778,1,0.001
203,mom_3_1,-0.006576135526353922,0.006576135526353922,1,0.001
203,tsmom_12,0.0,0.0,0,0.001
203,tsmom_sign_12,0.0006870459858251322,0.0006870459858251322,1,0.001
203,reversal_1m,0.009949628971294503,0.009949628971294503,1,0.001
203,ma_gap_12m,-0.00404531229276669,0.00404531229276669,1,0.001
203,ma_crossover_6_12,0.0,0.0,0,0.001
203,vol_3m,-0.0,0.0,0,0.001
203,vol_12m,0.010107426124009021,0.010107426124009021,1,0.001
203,vol_regime_3_12,-0.0,0.0,0,0.001
203,log_volume,0.0,0.0,0,0.001
203,abnormal_log_volume,0.0004453144782953289,0.0004453144782953289,1,0.001
203,macro_vix,-0.024433653093121864,0.024433653093121864,1,0.001
203,macro_epu,-0.0027814495506014937,0.0027814495506014937,1,0.001
203,macro_credit_spread,-0.0,0.0,0,0.001
203,macro_term_spread,0.009434224857167085,0.009434224857167085,1,0.001
203,mom_12_1_x_macro_epu,0.005464975750824698,0.005464975750824698,1,0.001
203,mom_12_1_x_macro_vix,-0.0035361395378242034,0.0035361395378242034,1,0.001
203,tsmom_12_x_macro_epu,0.002314038400177544,0.002314038400177544,1,0.001
203,tsmom_12_x_macro_vix,-0.0,0.0,0,0.001
203,ma_gap_12m_x_macro_epu,0.010312016552364618,0.010312016552364618,1,0.001
203,ma_crossover_6_12_x_macro_vix,-0.01896023967085348,0.01896023967085348,1,0.001
203,reversal_1m_x_macro_epu,0.0,0.0,0,0.001
203,reversal_1m_x_macro_vix,-0.006072962015527175,0.006072962015527175,1,0.001
203,reversal_1m_x_macro_credit_spread,-0.0,0.0,0,0.001
203,abnormal_log_volume_x_macro_epu,-0.0,0.0,0,0.001
203,abnormal_log_volume_x_macro_vix,0.0,0.0,0,0.001
203,log_volume_x_macro_credit_spread,-0.005145266832890177,0.005145266832890177,1,0.001
203,vol_regime_3_12_x_macro_vix,-0.0005874741447456433,0.0005874741447456433,1,0.001
203,vol_regime_3_12_x_macro_term_spread,-0.0,0.0,0,0.001
203,vol_12m_x_macro_credit_spread,-0.0026845258185554627,0.0026845258185554627,1,0.001
204,mom_12_1,0.0,0.0,0,0.0025
204,mom_6_1,-0.0,0.0,0,0.0025
204,mom_3_1,-0.003597892099743363,0.003597892099743363,1,0.0025
204,tsmom_12,0.0,0.0,0,0.0025
204,tsmom_sign_12,0.0,0.0,0,0.0025
204,reversal_1m,0.003128917346711058,0.003128917346711058,1,0.0025
204,ma_gap_12m,-0.0,0.0,0,0.0025
204,ma_crossover_6_12,-0.0,0.0,0,0.0025
204,vol_3m,-0.0,0.0,0,0.0025
204,vol_12m,0.0062454065779584044,0.0062454065779584044,1,0.0025
204,vol_regime_3_12,-0.0,0.0,0,0.0025
204,log_volume,0.0,0.0,0,0.0025
204,abnormal_log_volume,0.0,0.0,0,0.0025
204,macro_vix,-0.025672140081143015,0.025672140081143015,1,0.0025
204,macro_epu,-0.0,0.0,0,0.0025
204,macro_credit_spread,-0.0009470853382100647,0.0009470853382100647,1,0.0025
204,macro_term_spread,0.008967919365996224,0.008967919365996224,1,0.0025
204,mom_12_1_x_macro_epu,0.003296401270273247,0.003296401270273247,1,0.0025
204,mom_12_1_x_macro_vix,-0.0,0.0,0,0.0025
204,tsmom_12_x_macro_epu,0.0006938228574614704,0.0006938228574614704,1,0.0025
204,tsmom_12_x_macro_vix,-0.0,0.0,0,0.0025
204,ma_gap_12m_x_macro_epu,0.0,0.0,0,0.0025
204,ma_crossover_6_12_x_macro_vix,-0.014521338797838299,0.014521338797838299,1,0.0025
204,reversal_1m_x_macro_epu,0.0,0.0,0,0.0025
204,reversal_1m_x_macro_vix,-0.0021824699467914753,0.0021824699467914753,1,0.0025
204,reversal_1m_x_macro_credit_spread,-0.0,0.0,0,0.0025
204,abnormal_log_volume_x_macro_epu,-0.0,0.0,0,0.0025
204,abnormal_log_volume_x_macro_vix,0.0,0.0,0,0.0025
204,log_volume_x_macro_credit_spread,-0.004891335043880847,0.004891335043880847,1,0.0025
204,vol_regime_3_12_x_macro_vix,-7.55927617817495e-05,7.55927617817495e-05,1,0.0025
204,vol_regime_3_12_x_macro_term_spread,-0.0,0.0,0,0.0025
204,vol_12m_x_macro_credit_spread,-0.0,0.0,0,0.0025
205,mom_12_1,0.0032552376071868488,0.0032552376071868488,1,0.001
205,mom_6_1,-0.0011461515355933093,0.0011461515355933093,1,0.001
205,mom_3_1,-0.006433986871954655,0.006433986871954655,1,0.001
205,tsmom_12,0.0,0.0,0,0.001
205,tsmom_sign_12,0.000490504035983436,0.000490504035983436,1,0.001
205,reversal_1m,0.010156616346411029,0.010156616346411029,1,0.001
205,ma_gap_12m,-0.005932916410595024,0.005932916410595024,1,0.001
205,ma_crossover_6_12,0.0,0.0,0,0.001
205,vol_3m,-0.0,0.0,0,0.001
205,vol_12m,0.010966453780308472,0.010966453780308472,1,0.001
205,vol_regime_3_12,-0.0,0.0,0,0.001
205,log_volume,0.0,0.0,0,0.001
205,abnormal_log_volume,0.0005350994451252571,0.0005350994451252571,1,0.001
205,macro_vix,-0.024571658818133245,0.024571658818133245,1,0.001
205,macro_epu,-0.0013164553946125284,0.0013164553946125284,1,0.001
205,macro_credit_spread,-0.0,0.0,0,0.001
205,macro_term_spread,0.008908982634131975,0.008908982634131975,1,0.001
205,mom_12_1_x_macro_epu,0.0021422932631422224,0.0021422932631422224,1,0.001
205,mom_12_1_x_macro_vix,-0.002799284004251651,0.002799284004251651,1,0.001
205,tsmom_12_x_macro_epu,0.002121721620099459,0.002121721620099459,1,0.001
205,tsmom_12_x_macro_vix,-0.0,0.0,0,0.001
205,ma_gap_12m_x_macro_epu,0.012380189203105695,0.012380189203105695,1,0.001
205,ma_crossover_6_12_x_macro_vix,-0.01908475113861974,0.01908475113861974,1,0.001
205,reversal_1m_x_macro_epu,0.0,0.0,0,0.001
205,reversal_1m_x_macro_vix,-0.00601932995451468,0.00601932995451468,1,0.001
205,reversal_1m_x_macro_credit_spread,-0.0,0.0,0,0.001
205,abnormal_log_volume_x_macro_epu,-0.0005650478366179049,0.0005650478366179049,1,0.001
205,abnormal_log_volume_x_macro_vix,0.0005026705394869009,0.0005026705394869009,1,0.001
205,log_volume_x_macro_credit_spread,-0.005558610011610256,0.005558610011610256,1,0.001
205,vol_regime_3_12_x_macro_vix,-0.0005957756780043046,0.0005957756780043046,1,0.001
205,vol_regime_3_12_x_macro_term_spread,-0.0,0.0,0,0.001
205,vol_12m_x_macro_credit_spread,-0.0034198587654505797,0.0034198587654505797,1,0.001
206,mom_12_1,0.0,0.0,0,0.0025
206,mom_6_1,-0.0,0.0,0,0.0025
206,mom_3_1,-0.0036154867932435167,0.0036154867932435167,1,0.0025
206,tsmom_12,0.0,0.0,0,0.0025
206,tsmom_sign_12,0.0,0.0,0,0.0025
206,reversal_1m,0.003252679700862248,0.003252679700862248,1,0.0025
206,ma_gap_12m,-0.0,0.0,0,0.0025
206,ma_crossover_6_12,-0.0,0.0,0,0.0025
206,vol_3m,-0.0,0.0,0,0.0025
206,vol_12m,0.0062746581816636605,0.0062746581816636605,1,0.0025
206,vol_regime_3_12,-0.0,0.0,0,0.0025
206,log_volume,0.0,0.0,0,0.0025
206,abnormal_log_volume,0.0,0.0,0,0.0025
206,macro_vix,-0.025417275285675445,0.025417275285675445,1,0.0025
206,macro_epu,-0.0,0.0,0,0.0025
206,macro_credit_spread,-0.0009829746978483897,0.0009829746978483897,1,0.0025
206,macro_term_spread,0.008388685689722288,0.008388685689722288,1,0.0025
206,mom_12_1_x_macro_epu,0.0031789506006672788,0.0031789506006672788,1,0.0025
206,mom_12_1_x_macro_vix,-0.0,0.0,0,0.0025
206,tsmom_12_x_macro_epu,0.00078474544663263,0.00078474544663263,1,0.0025
206,tsmom_12_x_macro_vix,-0.0,0.0,0,0.0025
206,ma_gap_12m_x_macro_epu,0.0,0.0,0,0.0025
206,ma_crossover_6_12_x_macro_vix,-0.014488985903721769,0.014488985903721769,1,0.0025
206,reversal_1m_x_macro_epu,0.0,0.0,0,0.0025
206,reversal_1m_x_macro_vix,-0.002295328429710247,0.002295328429710247,1,0.0025
206,reversal_1m_x_macro_credit_spread,-0.0,0.0,0,0.0025
206,abnormal_log_volume_x_macro_epu,-0.0,0.0,0,0.0025
206,abnormal_log_volume_x_macro_vix,0.0,0.0,0,0.0025
206,log_volume_x_macro_credit_spread,-0.004762677449429422,0.004762677449429422,1,0.0025
206,vol_regime_3_12_x_macro_vix,-0.00012023426560959588,0.00012023426560959588,1,0.0025
206,vol_regime_3_12_x_macro_term_spread,-0.0,0.0,0,0.0025
206,vol_12m_x_macro_credit_spread,-0.0,0.0,0,0.0025
207,mom_12_1,0.0,0.0,0,0.0025
207,mom_6_1,-0.0,0.0,0,0.0025
207,mom_3_1,-0.003639866923459333,0.003639866923459333,1,0.0025
207,tsmom_12,0.0,0.0,0,0.0025
207,tsmom_sign_12,0.0,0.0,0,0.0025
207,reversal_1m,0.00325379494139193,0.00325379494139193,1,0.0025
207,ma_gap_12m,-0.0,0.0,0,0.0025
207,ma_crossover_6_12,-0.0,0.0,0,0.0025
207,vol_3m,-0.0,0.0,0,0.0025
207,vol_12m,0.006252666160167142,0.006252666160167142,1,0.0025
207,vol_regime_3_12,-0.0,0.0,0,0.0025
207,log_volume,0.0,0.0,0,0.0025
207,abnormal_log_volume,0.0,0.0,0,0.0025
207,macro_vix,-0.025450085521319,0.025450085521319,1,0.0025
207,macro_epu,-0.0,0.0,0,0.0025
207,macro_credit_spread,-0.0011606973118748183,0.0011606973118748183,1,0.0025
207,macro_term_spread,0.00805676669839644,0.00805676669839644,1,0.0025
207,mom_12_1_x_macro_epu,0.0030340547605826997,0.0030340547605826997,1,0.0025
207,mom_12_1_x_macro_vix,-0.0,0.0,0,0.0025
207,tsmom_12_x_macro_epu,0.0009515242322521535,0.0009515242322521535,1,0.0025
207,tsmom_12_x_macro_vix,-0.0,0.0,0,0.0025
207,ma_gap_12m_x_macro_epu,0.0,0.0,0,0.0025
207,ma_crossover_6_12_x_macro_vix,-0.014492066975986779,0.014492066975986779,1,0.0025
207,reversal_1m_x_macro_epu,0.0,0.0,0,0.0025
207,reversal_1m_x_macro_vix,-0.002274217830131743,0.002274217830131743,1,0.0025
207,reversal_1m_x_macro_credit_spread,-0.0,0.0,0,0.0025
207,abnormal_log_volume_x_macro_epu,-0.0,0.0,0,0.0025
207,abnormal_log_volume_x_macro_vix,0.0,0.0,0,0.0025
207,log_volume_x_macro_credit_spread,-0.004650310365347077,0.004650310365347077,1,0.0025
207,vol_regime_3_12_x_macro_vix,-9.039751869645487e-05,9.039751869645487e-05,1,0.0025
207,vol_regime_3_12_x_macro_term_spread,-0.0,0.0,0,0.0025
207,vol_12m_x_macro_credit_spread,-0.0,0.0,0,0.0025
208,mom_12_1,0.0012636257197057934,0.0012636257197057934,1,0.001
208,mom_6_1,-0.0013464633142952996,0.0013464633142952996,1,0.001
208,mom_3_1,-0.006268133362441209,0.006268133362441209,1,0.001
208,tsmom_12,0.0,0.0,0,0.001
208,tsmom_sign_12,0.00023488621962907533,0.00023488621962907533,1,0.001
208,reversal_1m,0.010616844576344448,0.010616844576344448,1,0.001
208,ma_gap_12m,-0.006673168742157634,0.006673168742157634,1,0.001
208,ma_crossover_6_12,0.0013060358153280552,0.0013060358153280552,1,0.001
208,vol_3m,-0.0,0.0,0,0.001
208,vol_12m,0.010510147582605324,0.010510147582605324,1,0.001
208,vol_regime_3_12,-0.0,0.0,0,0.001
208,log_volume,0.0,0.0,0,0.001
208,abnormal_log_volume,0.001095446314887341,0.001095446314887341,1,0.001
208,macro_vix,-0.024690644054803926,0.024690644054803926,1,0.001
208,macro_epu,-0.0016026433692445698,0.0016026433692445698,1,0.001
208,macro_credit_spread,-0.0,0.0,0,0.001
208,macro_term_spread,0.008643970209583867,0.008643970209583867,1,0.001
208,mom_12_1_x_macro_epu,0.000908170780811879,0.000908170780811879,1,0.001
208,mom_12_1_x_macro_vix,-0.00011105620377146418,0.00011105620377146418,1,0.001
208,tsmom_12_x_macro_epu,0.002671458869766316,0.002671458869766316,1,0.001
208,tsmom_12_x_macro_vix,-0.0,0.0,0,0.001
208,ma_gap_12m_x_macro_epu,0.012660152919330607,0.012660152919330607,1,0.001
208,ma_crossover_6_12_x_macro_vix,-0.019705625700808988,0.019705625700808988,1,0.001
208,reversal_1m_x_macro_epu,0.0,0.0,0,0.001
208,reversal_1m_x_macro_vix,-0.006539498422008002,0.006539498422008002,1,0.001
208,reversal_1m_x_macro_credit_spread,-0.0,0.0,0,0.001
208,abnormal_log_volume_x_macro_epu,-0.0005712120589159602,0.0005712120589159602,1,0.001
208,abnormal_log_volume_x_macro_vix,0.0,0.0,0,0.001
208,log_volume_x_macro_credit_spread,-0.005139462239748058,0.005139462239748058,1,0.001
208,vol_regime_3_12_x_macro_vix,-0.0005761031933363266,0.0005761031933363266,1,0.001
208,vol_regime_3_12_x_macro_term_spread,-0.0,0.0,0,0.001
208,vol_12m_x_macro_credit_spread,-0.0030057768657281944,0.0030057768657281944,1,0.001
209,mom_12_1,0.0,0.0,0,0.0025
209,mom_6_1,-0.00012462317698258278,0.00012462317698258278,1,0.0025
209,mom_3_1,-0.0031874677864132087,0.0031874677864132087,1,0.0025
209,tsmom_12,0.0,0.0,0,0.0025
209,tsmom_sign_12,0.0,0.0,0,0.0025
209,reversal_1m,0.0033156325106208136,0.0033156325106208136,1,0.0025
209,ma_gap_12m,-0.0009672820491751855,0.0009672820491751855,1,0.0025
209,ma_crossover_6_12,-0.0,0.0,0,0.0025
209,vol_3m,-0.0,0.0,0,0.0025
209,vol_12m,0.005957666259902198,0.005957666259902198,1,0.0025
209,vol_regime_3_12,-0.0,0.0,0,0.0025
209,log_volume,0.0,0.0,0,0.0025
209,abnormal_log_volume,0.0,0.0,0,0.0025
209,macro_vix,-0.02610451560235035,0.02610451560235035,1,0.0025
209,macro_epu,-0.0,0.0,0,0.0025
209,macro_credit_spread,-0.0,0.0,0,0.0025
209,macro_term_spread,0.009009025238319516,0.009009025238319516,1,0.0025
209,mom_12_1_x_macro_epu,0.00249612387362692,0.00249612387362692,1,0.0025
209,mom_12_1_x_macro_vix,-0.0,0.0,0,0.0025
209,tsmom_12_x_macro_epu,0.001212674809908256,0.001212674809908256,1,0.0025
209,tsmom_12_x_macro_vix,0.0,0.0,0,0.0025
209,ma_gap_12m_x_macro_epu,0.0,0.0,0,0.0025
209,ma_crossover_6_12_x_macro_vix,-0.013351997129252446,0.013351997129252446,1,0.0025
209,reversal_1m_x_macro_epu,0.0,0.0,0,0.0025
209,reversal_1m_x_macro_vix,-0.0026989588721598986,0.0026989588721598986,1,0.0025
209,reversal_1m_x_macro_credit_spread,-0.0,0.0,0,0.0025
209,abnormal_log_volume_x_macro_epu,-0.0,0.0,0,0.0025
209,abnormal_log_volume_x_macro_vix,0.0,0.0,0,0.0025
209,log_volume_x_macro_credit_spread,-0.004620185597503736,0.004620185597503736,1,0.0025
209,vol_regime_3_12_x_macro_vix,-2.8864598746904897e-05,2.8864598746904897e-05,1,0.0025
209,vol_regime_3_12_x_macro_term_spread,-0.0,0.0,0,0.0025
209,vol_12m_x_macro_credit_spread,-0.0,0.0,0,0.0025
210,mom_12_1,0.0,0.0,0,0.005
210,mom_6_1,-0.0,0.0,0,0.005
210,mom_3_1,-0.0009328131824005146,0.0009328131824005146,1,0.005
210,tsmom_12,0.0,0.0,0,0.005
210,tsmom_sign_12,0.0,0.0,0,0.005
210,reversal_1m,0.0,0.0,0,0.005
210,ma_gap_12m,-0.000956788228526265,0.000956788228526265,1,0.005
210,ma_crossover_6_12,-0.0,0.0,0,0.005
210,vol_3m,0.0,0.0,0,0.005
210,vol_12m,0.0041070061017262835,0.0041070061017262835,1,0.005
210,vol_regime_3_12,-0.0,0.0,0,0.005
210,log_volume,-0.0,0.0,0,0.005
210,abnormal_log_volume,0.0,0.0,0,0.005
210,macro_vix,-0.02529749394991548,0.02529749394991548,1,0.005
210,macro_epu,-0.0,0.0,0,0.005
210,macro_credit_spread,-0.0,0.0,0,0.005
210,macro_term_spread,0.008355364698887119,0.008355364698887119,1,0.005
210,mom_12_1_x_macro_epu,0.0,0.0,0,0.005
210,mom_12_1_x_macro_vix,0.0,0.0,0,0.005
210,tsmom_12_x_macro_epu,2.361706141362274e-06,2.361706141362274e-06,1,0.005
210,tsmom_12_x_macro_vix,0.0,0.0,0,0.005
210,ma_gap_12m_x_macro_epu,0.0,0.0,0,0.005
210,ma_crossover_6_12_x_macro_vix,-0.009439205798858841,0.009439205798858841,1,0.005
210,reversal_1m_x_macro_epu,0.0,0.0,0,0.005
210,reversal_1m_x_macro_vix,-0.0,0.0,0,0.005
210,reversal_1m_x_macro_credit_spread,-0.0,0.0,0,0.005
210,abnormal_log_volume_x_macro_epu,-0.0,0.0,0,0.005
210,abnormal_log_volume_x_macro_vix,-0.0,0.0,0,0.005
210,log_volume_x_macro_credit_spread,-0.00212040454228992,0.00212040454228992,1,0.005
210,vol_regime_3_12_x_macro_vix,-0.0,0.0,0,0.005
210,vol_regime_3_12_x_macro_term_spread,-0.0,0.0,0,0.005
210,vol_12m_x_macro_credit_spread,0.0,0.0,0,0.005
211,mom_12_1,0.0,0.0,0,0.005
211,mom_6_1,-0.0,0.0,0,0.005
211,mom_3_1,-0.0009227874038249818,0.0009227874038249818,1,0.005
211,tsmom_12,0.0,0.0,0,0.005
211,tsmom_sign_12,0.0,0.0,0,0.005
211,reversal_1m,0.0,0.0,0,0.005
211,ma_gap_12m,-0.0010034704795890926,0.0010034704795890926,1,0.005
211,ma_crossover_6_12,-0.0,0.0,0,0.005
211,vol_3m,0.0,0.0,0,0.005
211,vol_12m,0.004194265505195628,0.004194265505195628,1,0.005
211,vol_regime_3_12,-0.0,0.0,0,0.005
211,log_volume,-0.0,0.0,0,0.005
211,abnormal_log_volume,0.0,0.0,0,0.005
211,macro_vix,-0.025058638674974234,0.025058638674974234,1,0.005
211,macro_epu,-0.0,0.0,0,0.005
211,macro_credit_spread,-0.0,0.0,0,0.005
211,macro_term_spread,0.007881010769307284,0.007881010769307284,1,0.005
211,mom_12_1_x_macro_epu,0.0,0.0,0,0.005
211,mom_12_1_x_macro_vix,0.0,0.0,0,0.005
211,tsmom_12_x_macro_epu,0.0,0.0,0,0.005
211,tsmom_12_x_macro_vix,0.0,0.0,0,0.005
211,ma_gap_12m_x_macro_epu,0.0,0.0,0,0.005
211,ma_crossover_6_12_x_macro_vix,-0.009410599859321977,0.009410599859321977,1,0.005
211,reversal_1m_x_macro_epu,0.0,0.0,0,0.005
211,reversal_1m_x_macro_vix,-0.0,0.0,0,0.005
211,reversal_1m_x_macro_credit_spread,-0.0,0.0,0,0.005
211,abnormal_log_volume_x_macro_epu,-0.0,0.0,0,0.005
211,abnormal_log_volume_x_macro_vix,-0.0,0.0,0,0.005
211,log_volume_x_macro_credit_spread,-0.002437015417714626,0.002437015417714626,1,0.005
211,vol_regime_3_12_x_macro_vix,-0.0,0.0,0,0.005
211,vol_regime_3_12_x_macro_term_spread,-0.0,0.0,0,0.005
211,vol_12m_x_macro_credit_spread,0.0,0.0,0,0.005
212,mom_12_1,0.0,0.0,0,0.005
212,mom_6_1,-0.0,0.0,0,0.005
212,mom_3_1,-0.0008005195167800011,0.0008005195167800011,1,0.005
212,tsmom_12,0.0,0.0,0,0.005
212,tsmom_sign_12,0.0,0.0,0,0.005
212,reversal_1m,0.0,0.0,0,0.005
212,ma_gap_12m,-0.0010998927985945946,0.0010998927985945946,1,0.005
212,ma_crossover_6_12,-0.0,0.0,0,0.005
212,vol_3m,0.0,0.0,0,0.005
212,vol_12m,0.004174986962322738,0.004174986962322738,1,0.005
212,vol_regime_3_12,-0.0,0.0,0,0.005
212,log_volume,-0.0,0.0,0,0.005
212,abnormal_log_volume,0.0,0.0,0,0.005
212,macro_vix,-0.024396430598387735,0.024396430598387735,1,0.005
212,macro_epu,-0.0,0.0,0,0.005
212,macro_credit_spread,-0.0006116622047847267,0.0006116622047847267,1,0.005
212,macro_term_spread,0.00742586592142862,0.00742586592142862,1,0.005
212,mom_12_1_x_macro_epu,0.0,0.0,0,0.005
212,mom_12_1_x_macro_vix,0.0,0.0,0,0.005
212,tsmom_12_x_macro_epu,0.0,0.0,0,0.005
212,tsmom_12_x_macro_vix,0.0,0.0,0,0.005
212,ma_gap_12m_x_macro_epu,0.0,0.0,0,0.005
212,ma_crossover_6_12_x_macro_vix,-0.00942619294937474,0.00942619294937474,1,0.005
212,reversal_1m_x_macro_epu,0.0,0.0,0,0.005
212,reversal_1m_x_macro_vix,-0.0,0.0,0,0.005
212,reversal_1m_x_macro_credit_spread,-0.0,0.0,0,0.005
212,abnormal_log_volume_x_macro_epu,-0.0,0.0,0,0.005
212,abnormal_log_volume_x_macro_vix,-0.0,0.0,0,0.005
212,log_volume_x_macro_credit_spread,-0.0025164320011606097,0.0025164320011606097,1,0.005
212,vol_regime_3_12_x_macro_vix,-0.0,0.0,0,0.005
212,vol_regime_3_12_x_macro_term_spread,-0.0,0.0,0,0.005
212,vol_12m_x_macro_credit_spread,0.0,0.0,0,0.005
213,mom_12_1,0.0,0.0,0,0.005
213,mom_6_1,-0.0,0.0,0,0.005
213,mom_3_1,-0.0007887370873460707,0.0007887370873460707,1,0.005
213,tsmom_12,0.0,0.0,0,0.005
213,tsmom_sign_12,0.0,0.0,0,0.005
213,reversal_1m,0.0,0.0,0,0.005
213,ma_gap_12m,-0.0010622934682130746,0.0010622934682130746,1,0.005
213,ma_crossover_6_12,-0.0,0.0,0,0.005
213,vol_3m,0.0,0.0,0,0.005
213,vol_12m,0.004058542701730481,0.004058542701730481,1,0.005
213,vol_regime_3_12,-0.0,0.0,0,0.005
213,log_volume,-0.0,0.0,0,0.005
213,abnormal_log_volume,0.0,0.0,0,0.005
213,macro_vix,-0.0258074392492223,0.0258074392492223,1,0.005
213,macro_epu,-0.0,0.0,0,0.005
213,macro_credit_spread,-0.0,0.0,0,0.005
213,macro_term_spread,0.008413376771853602,0.008413376771853602,1,0.005
213,mom_12_1_x_macro_epu,0.0,0.0,0,0.005
213,mom_12_1_x_macro_vix,0.0,0.0,0,0.005
213,tsmom_12_x_macro_epu,7.27730182388843e-05,7.27730182388843e-05,1,0.005
213,tsmom_12_x_macro_vix,0.0,0.0,0,0.005
213,ma_gap_12m_x_macro_epu,0.0,0.0,0,0.005
213,ma_crossover_6_12_x_macro_vix,-0.00928438609070842,0.00928438609070842,1,0.005
213,reversal_1m_x_macro_epu,0.0,0.0,0,0.005
213,reversal_1m_x_macro_vix,-0.0,0.0,0,0.005
213,reversal_1m_x_macro_credit_spread,-0.0,0.0,0,0.005
213,abnormal_log_volume_x_macro_epu,-0.0,0.0,0,0.005
213,abnormal_log_volume_x_macro_vix,-0.0,0.0,0,0.005
213,log_volume_x_macro_credit_spread,-0.0016042210065407736,0.0016042210065407736,1,0.005
213,vol_regime_3_12_x_macro_vix,-0.0,0.0,0,0.005
213,vol_regime_3_12_x_macro_term_spread,-0.0,0.0,0,0.005
213,vol_12m_x_macro_credit_spread,0.0,0.0,0,0.005
214,mom_12_1,0.0,0.0,0,0.005
214,mom_6_1,-0.00036601541795100776,0.00036601541795100776,1,0.005
214,mom_3_1,-0.0004180402133200943,0.0004180402133200943,1,0.005
214,tsmom_12,0.0,0.0,0,0.005
214,tsmom_sign_12,0.0,0.0,0,0.005
214,reversal_1m,0.0,0.0,0,0.005
214,ma_gap_12m,-0.001530222285194344,0.001530222285194344,1,0.005
214,ma_crossover_6_12,-0.0,0.0,0,0.005
214,vol_3m,0.0,0.0,0,0.005
214,vol_12m,0.003993785498309359,0.003993785498309359,1,0.005
214,vol_regime_3_12,-0.0,0.0,0,0.005
214,log_volume,-0.0,0.0,0,0.005
214,abnormal_log_volume,0.0,0.0,0,0.005
214,macro_vix,-0.027080896484242653,0.027080896484242653,1,0.005
214,macro_epu,-0.0,0.0,0,0.005
214,macro_credit_spread,-0.0,0.0,0,0.005
214,macro_term_spread,0.009252838609999715,0.009252838609999715,1,0.005
214,mom_12_1_x_macro_epu,0.0,0.0,0,0.005
214,mom_12_1_x_macro_vix,-0.0,0.0,0,0.005
214,tsmom_12_x_macro_epu,0.00010765830594355554,0.00010765830594355554,1,0.005
214,tsmom_12_x_macro_vix,0.0,0.0,0,0.005
214,ma_gap_12m_x_macro_epu,0.0,0.0,0,0.005
214,ma_crossover_6_12_x_macro_vix,-0.008846896059377723,0.008846896059377723,1,0.005
214,reversal_1m_x_macro_epu,0.0,0.0,0,0.005
214,reversal_1m_x_macro_vix,-0.0,0.0,0,0.005
214,reversal_1m_x_macro_credit_spread,-0.0,0.0,0,0.005
214,abnormal_log_volume_x_macro_epu,-0.0,0.0,0,0.005
214,abnormal_log_volume_x_macro_vix,-0.0,0.0,0,0.005
214,log_volume_x_macro_credit_spread,-0.0006472566060363333,0.0006472566060363333,1,0.005
214,vol_regime_3_12_x_macro_vix,-0.0,0.0,0,0.005
214,vol_regime_3_12_x_macro_term_spread,-0.0,0.0,0,0.005
214,vol_12m_x_macro_credit_spread,0.0,0.0,0,0.005
215,mom_12_1,0.0,0.0,0,0.005
215,mom_6_1,-0.0003642701214434122,0.0003642701214434122,1,0.005
215,mom_3_1,-0.00013119825810177627,0.00013119825810177627,1,0.005
215,tsmom_12,0.0,0.0,0,0.005
215,tsmom_sign_12,0.0,0.0,0,0.005
215,reversal_1m,0.0,0.0,0,0.005
215,ma_gap_12m,-0.0019853288256428095,0.0019853288256428095,1,0.005
215,ma_crossover_6_12,-0.0,0.0,0,0.005
215,vol_3m,0.0,0.0,0,0.005
215,vol_12m,0.0038263049293893814,0.0038263049293893814,1,0.005
215,vol_regime_3_12,-0.0,0.0,0,0.005
215,log_volume,-0.0,0.0,0,0.005
215,abnormal_log_volume,0.0,0.0,0,0.005
215,macro_vix,-0.02795910526493321,0.02795910526493321,1,0.005
215,macro_epu,-0.0,0.0,0,0.005
215,macro_credit_spread,-0.0,0.0,0,0.005
215,macro_term_spread,0.009973689672478823,0.009973689672478823,1,0.005
215,mom_12_1_x_macro_epu,0.0,0.0,0,0.005
215,mom_12_1_x_macro_vix,-0.0,0.0,0,0.005
215,tsmom_12_x_macro_epu,0.00036422394821918486,0.00036422394821918486,1,0.005
215,tsmom_12_x_macro_vix,0.0,0.0,0,0.005
215,ma_gap_12m_x_macro_epu,0.0,0.0,0,0.005
215,ma_crossover_6_12_x_macro_vix,-0.00878742795393041,0.00878742795393041,1,0.005
215,reversal_1m_x_macro_epu,0.0,0.0,0,0.005
215,reversal_1m_x_macro_vix,-0.0,0.0,0,0.005
215,reversal_1m_x_macro_credit_spread,-0.0,0.0,0,0.005
215,abnormal_log_volume_x_macro_epu,-0.0,0.0,0,0.005
215,abnormal_log_volume_x_macro_vix,-0.0,0.0,0,0.005
215,log_volume_x_macro_credit_spread,-1.073928368496297e-05,1.073928368496297e-05,1,0.005
215,vol_regime_3_12_x_macro_vix,-0.0,0.0,0,0.005
215,vol_regime_3_12_x_macro_term_spread,-0.0,0.0,0,0.005
215,vol_12m_x_macro_credit_spread,0.0,0.0,0,0.005
216,mom_12_1,0.0,0.0,0,0.005
216,mom_6_1,-0.0002958887321960516,0.0002958887321960516,1,0.005
216,mom_3_1,-0.0001404814360074234,0.0001404814360074234,1,0.005
216,tsmom_12,0.0,0.0,0,0.005
216,tsmom_sign_12,0.0,0.0,0,0.005
216,reversal_1m,0.0,0.0,0,0.005
216,ma_gap_12m,-0.002069770075018191,0.002069770075018191,1,0.005
216,ma_crossover_6_12,-0.0,0.0,0,0.005
216,vol_3m,0.0,0.0,0,0.005
216,vol_12m,0.004015847689033671,0.004015847689033671,1,0.005
216,vol_regime_3_12,-0.0,0.0,0,0.005
216,log_volume,-0.0,0.0,0,0.005
216,abnormal_log_volume,0.0,0.0,0,0.005
216,macro_vix,-0.02696006002338684,0.02696006002338684,1,0.005
216,macro_epu,-0.0,0.0,0,0.005
216,macro_credit_spread,-0.0,0.0,0,0.005
216,macro_term_spread,0.008980804040978915,0.008980804040978915,1,0.005
216,mom_12_1_x_macro_epu,5.479487132475006e-05,5.479487132475006e-05,1,0.005
216,mom_12_1_x_macro_vix,-0.0,0.0,0,0.005
216,tsmom_12_x_macro_epu,0.00018349655639804255,0.00018349655639804255,1,0.005
216,tsmom_12_x_macro_vix,0.0,0.0,0,0.005
216,ma_gap_12m_x_macro_epu,0.0,0.0,0,0.005
216,ma_crossover_6_12_x_macro_vix,-0.0089147640193205,0.0089147640193205,1,0.005
216,reversal_1m_x_macro_epu,0.0,0.0,0,0.005
216,reversal_1m_x_macro_vix,-0.0,0.0,0,0.005
216,reversal_1m_x_macro_credit_spread,-0.0,0.0,0,0.005
216,abnormal_log_volume_x_macro_epu,-0.0,0.0,0,0.005
216,abnormal_log_volume_x_macro_vix,-0.0,0.0,0,0.005
216,log_volume_x_macro_credit_spread,-0.0012427795742422703,0.0012427795742422703,1,0.005
216,vol_regime_3_12_x_macro_vix,-0.0,0.0,0,0.005
216,vol_regime_3_12_x_macro_term_spread,-0.0,0.0,0,0.005
216,vol_12m_x_macro_credit_spread,-0.0,0.0,0,0.005
217,mom_12_1,0.0,0.0,0,0.005
217,mom_6_1,-0.0001686447294301597,0.0001686447294301597,1,0.005
217,mom_3_1,-0.0002478486949319442,0.0002478486949319442,1,0.005
217,tsmom_12,0.0,0.0,0,0.005
217,tsmom_sign_12,0.0,0.0,0,0.005
217,reversal_1m,0.0,0.0,0,0.005
217,ma_gap_12m,-0.00251638569820519,0.00251638569820519,1,0.005
217,ma_crossover_6_12,-0.0,0.0,0,0.005
217,vol_3m,0.0,0.0,0,0.005
217,vol_12m,0.004042734708448103,0.004042734708448103,1,0.005
217,vol_regime_3_12,-0.0,0.0,0,0.005
217,log_volume,-0.0,0.0,0,0.005
217,abnormal_log_volume,0.0,0.0,0,0.005
217,macro_vix,-0.02749300375833836,0.02749300375833836,1,0.005
217,macro_epu,-0.0,0.0,0,0.005
217,macro_credit_spread,-0.0,0.0,0,0.005
217,macro_term_spread,0.009270282492471285,0.009270282492471285,1,0.005
217,mom_12_1_x_macro_epu,3.83504583013485e-05,3.83504583013485e-05,1,0.005
217,mom_12_1_x_macro_vix,-0.0,0.0,0,0.005
217,tsmom_12_x_macro_epu,0.0,0.0,0,0.005
217,tsmom_12_x_macro_vix,0.0,0.0,0,0.005
217,ma_gap_12m_x_macro_epu,0.0,0.0,0,0.005
217,ma_crossover_6_12_x_macro_vix,-0.008743312021163104,0.008743312021163104,1,0.005
217,reversal_1m_x_macro_epu,-0.0,0.0,0,0.005
217,reversal_1m_x_macro_vix,-0.0,0.0,0,0.005
217,reversal_1m_x_macro_credit_spread,-0.0,0.0,0,0.005
217,abnormal_log_volume_x_macro_epu,-0.0,0.0,0,0.005
217,abnormal_log_volume_x_macro_vix,-0.0,0.0,0,0.005
217,log_volume_x_macro_credit_spread,-0.0010363303766744555,0.0010363303766744555,1,0.005
217,vol_regime_3_12_x_macro_vix,-0.0,0.0,0,0.005
217,vol_regime_3_12_x_macro_term_spread,-0.0,0.0,0,0.005
217,vol_12m_x_macro_credit_spread,-0.0,0.0,0,0.005
218,mom_12_1,0.0,0.0,0,0.005
218,mom_6_1,-0.00010304868446398047,0.00010304868446398047,1,0.005
218,mom_3_1,-0.0004877835202647594,0.0004877835202647594,1,0.005
218,tsmom_12,0.0,0.0,0,0.005
218,tsmom_sign_12,0.0,0.0,0,0.005
218,reversal_1m,0.0,0.0,0,0.005
218,ma_gap_12m,-0.0020345061938040992,0.0020345061938040992,1,0.005
218,ma_crossover_6_12,-0.0,0.0,0,0.005
218,vol_3m,0.0,0.0,0,0.005
218,vol_12m,0.0041363547554963374,0.0041363547554963374,1,0.005
218,vol_regime_3_12,-0.0,0.0,0,0.005
218,log_volume,-0.0,0.0,0,0.005
218,abnormal_log_volume,0.0,0.0,0,0.005
218,macro_vix,-0.026028817217554914,0.026028817217554914,1,0.005
218,macro_epu,-0.0,0.0,0,0.005
218,macro_credit_spread,-0.0,0.0,0,0.005
218,macro_term_spread,0.008210445574541095,0.008210445574541095,1,0.005
218,mom_12_1_x_macro_epu,0.0004862725336457955,0.0004862725336457955,1,0.005
218,mom_12_1_x_macro_vix,-0.0,0.0,0,0.005
218,tsmom_12_x_macro_epu,0.00017764098899264547,0.00017764098899264547,1,0.005
218,tsmom_12_x_macro_vix,0.0,0.0,0,0.005
218,ma_gap_12m_x_macro_epu,0.0,0.0,0,0.005
218,ma_crossover_6_12_x_macro_vix,-0.009254009033470094,0.009254009033470094,1,0.005
218,reversal_1m_x_macro_epu,-0.0,0.0,0,0.005
218,reversal_1m_x_macro_vix,-0.0,0.0,0,0.005
218,reversal_1m_x_macro_credit_spread,-0.0,0.0,0,0.005
218,abnormal_log_volume_x_macro_epu,-0.0,0.0,0,0.005
218,abnormal_log_volume_x_macro_vix,-0.0,0.0,0,0.005
218,log_volume_x_macro_credit_spread,-0.002172168146024839,0.002172168146024839,1,0.005
218,vol_regime_3_12_x_macro_vix,-0.0,0.0,0,0.005
218,vol_regime_3_12_x_macro_term_spread,-0.0,0.0,0,0.005
218,vol_12m_x_macro_credit_spread,-0.0,0.0,0,0.005
219,mom_12_1,0.0,0.0,0,0.0025
219,mom_6_1,-0.0006230111006237391,0.0006230111006237391,1,0.0025
219,mom_3_1,-0.002646602146570554,0.002646602146570554,1,0.0025
219,tsmom_12,0.0,0.0,0,0.0025
219,tsmom_sign_12,0.0,0.0,0,0.0025
219,reversal_1m,0.0034268097152924497,0.0034268097152924497,1,0.0025
219,ma_gap_12m,-0.006701994339879391,0.006701994339879391,1,0.0025
219,ma_crossover_6_12,-0.0,0.0,0,0.0025
219,vol_3m,0.0,0.0,0,0.0025
219,vol_12m,0.005714516076032427,0.005714516076032427,1,0.0025
219,vol_regime_3_12,-0.0,0.0,0,0.0025
219,log_volume,-0.0,0.0,0,0.0025
219,abnormal_log_volume,0.0,0.0,0,0.0025
219,macro_vix,-0.0290264067648651,0.0290264067648651,1,0.0025
219,macro_epu,-0.0,0.0,0,0.0025
219,macro_credit_spread,-0.0,0.0,0,0.0025
219,macro_term_spread,0.01092337055991113,0.01092337055991113,1,0.0025
219,mom_12_1_x_macro_epu,0.0028577262130149517,0.0028577262130149517,1,0.0025
219,mom_12_1_x_macro_vix,-0.0,0.0,0,0.0025
219,tsmom_12_x_macro_epu,0.0016742736193893562,0.0016742736193893562,1,0.0025
219,tsmom_12_x_macro_vix,-0.0,0.0,0,0.0025
219,ma_gap_12m_x_macro_epu,0.004410101167055237,0.004410101167055237,1,0.0025
219,ma_crossover_6_12_x_macro_vix,-0.012680120657673516,0.012680120657673516,1,0.0025
219,reversal_1m_x_macro_epu,0.0,0.0,0,0.0025
219,reversal_1m_x_macro_vix,-0.0031322693562106534,0.0031322693562106534,1,0.0025
219,reversal_1m_x_macro_credit_spread,-0.0,0.0,0,0.0025
219,abnormal_log_volume_x_macro_epu,-0.0,0.0,0,0.0025
219,abnormal_log_volume_x_macro_vix,0.0,0.0,0,0.0025
219,log_volume_x_macro_credit_spread,-0.002088325264097613,0.002088325264097613,1,0.0025
219,vol_regime_3_12_x_macro_vix,-0.0,0.0,0,0.0025
219,vol_regime_3_12_x_macro_term_spread,-0.0,0.0,0,0.0025
219,vol_12m_x_macro_credit_spread,-0.0,0.0,0,0.0025
220,mom_12_1,0.0,0.0,0,0.0025
220,mom_6_1,-0.000271668816651226,0.000271668816651226,1,0.0025
220,mom_3_1,-0.002665941470507508,0.002665941470507508,1,0.0025
220,tsmom_12,0.0,0.0,0,0.0025
220,tsmom_sign_12,0.0,0.0,0,0.0025
220,reversal_1m,0.0031777403476696713,0.0031777403476696713,1,0.0025
220,ma_gap_12m,-0.008485687355117552,0.008485687355117552,1,0.0025
220,ma_crossover_6_12,-0.0,0.0,0,0.0025
220,vol_3m,0.0,0.0,0,0.0025
220,vol_12m,0.005676817182260781,0.005676817182260781,1,0.0025
220,vol_regime_3_12,-0.0,0.0,0,0.0025
220,log_volume,-0.0,0.0,0,0.0025
220,abnormal_log_volume,0.0,0.0,0,0.0025
220,macro_vix,-0.028850344452072265,0.028850344452072265,1,0.0025
220,macro_epu,-0.0,0.0,0,0.0025
220,macro_credit_spread,-0.0,0.0,0,0.0025
220,macro_term_spread,0.011092003975239382,0.011092003975239382,1,0.0025
220,mom_12_1_x_macro_epu,0.0031137892036814147,0.0031137892036814147,1,0.0025
220,mom_12_1_x_macro_vix,-0.0,0.0,0,0.0025
220,tsmom_12_x_macro_epu,0.0014848307469593038,0.0014848307469593038,1,0.0025
220,tsmom_12_x_macro_vix,-0.0,0.0,0,0.0025
220,ma_gap_12m_x_macro_epu,0.005372886124656521,0.005372886124656521,1,0.0025
220,ma_crossover_6_12_x_macro_vix,-0.012526723162871086,0.012526723162871086,1,0.0025
220,reversal_1m_x_macro_epu,0.0,0.0,0,0.0025
220,reversal_1m_x_macro_vix,-0.0030648337736514262,0.0030648337736514262,1,0.0025
220,reversal_1m_x_macro_credit_spread,-0.0,0.0,0,0.0025
220,abnormal_log_volume_x_macro_epu,-0.0,0.0,0,0.0025
220,abnormal_log_volume_x_macro_vix,0.0,0.0,0,0.0025
220,log_volume_x_macro_credit_spread,-0.0023731723134772964,0.0023731723134772964,1,0.0025
220,vol_regime_3_12_x_macro_vix,-0.0,0.0,0,0.0025
220,vol_regime_3_12_x_macro_term_spread,-0.0,0.0,0,0.0025
220,vol_12m_x_macro_credit_spread,-0.0,0.0,0,0.0025
221,mom_12_1,0.0,0.0,0,0.0025
221,mom_6_1,-0.00026969223729131933,0.00026969223729131933,1,0.0025
221,mom_3_1,-0.002536436467957543,0.002536436467957543,1,0.0025
221,tsmom_12,0.0,0.0,0,0.0025
221,tsmom_sign_12,0.0,0.0,0,0.0025
221,reversal_1m,0.002901991372737486,0.002901991372737486,1,0.0025
221,ma_gap_12m,-0.007833675733924305,0.007833675733924305,1,0.0025
221,ma_crossover_6_12,-0.0,0.0,0,0.0025
221,vol_3m,-0.0,0.0,0,0.0025
221,vol_12m,0.005664323229784311,0.005664323229784311,1,0.0025
221,vol_regime_3_12,-0.0,0.0,0,0.0025
221,log_volume,-0.0,0.0,0,0.0025
221,abnormal_log_volume,0.0,0.0,0,0.0025
221,macro_vix,-0.028896861969896565,0.028896861969896565,1,0.0025
221,macro_epu,-0.0,0.0,0,0.0025
221,macro_credit_spread,-0.0,0.0,0,0.0025
221,macro_term_spread,0.011283205991719098,0.011283205991719098,1,0.0025
221,mom_12_1_x_macro_epu,0.00275138100131571,0.00275138100131571,1,0.0025
221,mom_12_1_x_macro_vix,-0.0,0.0,0,0.0025
221,tsmom_12_x_macro_epu,0.0017963911625310462,0.0017963911625310462,1,0.0025
221,tsmom_12_x_macro_vix,-0.0,0.0,0,0.0025
221,ma_gap_12m_x_macro_epu,0.005105452888799183,0.005105452888799183,1,0.0025
221,ma_crossover_6_12_x_macro_vix,-0.012756269868853504,0.012756269868853504,1,0.0025
221,reversal_1m_x_macro_epu,0.0,0.0,0,0.0025
221,reversal_1m_x_macro_vix,-0.0027555033217667346,0.0027555033217667346,1,0.0025
221,reversal_1m_x_macro_credit_spread,-0.0,0.0,0,0.0025
221,abnormal_log_volume_x_macro_epu,-0.0,0.0,0,0.0025
221,abnormal_log_volume_x_macro_vix,0.0,0.0,0,0.0025
221,log_volume_x_macro_credit_spread,-0.0023696569211054358,0.0023696569211054358,1,0.0025
221,vol_regime_3_12_x_macro_vix,-0.0,0.0,0,0.0025
221,vol_regime_3_12_x_macro_term_spread,-0.0,0.0,0,0.0025
221,vol_12m_x_macro_credit_spread,-0.0,0.0,0,0.0025
222,mom_12_1,0.006220816320826456,0.006220816320826456,1,0.0005
222,mom_6_1,-0.001720800031383261,0.001720800031383261,1,0.0005
222,mom_3_1,-0.005093423160235498,0.005093423160235498,1,0.0005
222,tsmom_12,0.00034566178280834607,0.00034566178280834607,1,0.0005
222,tsmom_sign_12,0.0003493603212924148,0.0003493603212924148,1,0.0005
222,reversal_1m,0.00920088096289043,0.00920088096289043,1,0.0005
222,ma_gap_12m,-0.030509647651372446,0.030509647651372446,1,0.0005
222,ma_crossover_6_12,0.00478367100442536,0.00478367100442536,1,0.0005
222,vol_3m,-0.0,0.0,0,0.0005
222,vol_12m,0.01848949882169478,0.01848949882169478,1,0.0005
222,vol_regime_3_12,0.0,0.0,0,0.0005
222,log_volume,-0.001302089623983243,0.001302089623983243,1,0.0005
222,abnormal_log_volume,0.001999571575524145,0.001999571575524145,1,0.0005
222,macro_vix,-0.02688817968355617,0.02688817968355617,1,0.0005
222,macro_epu,-0.0008369475852867425,0.0008369475852867425,1,0.0005
222,macro_credit_spread,0.0004078290318527301,0.0004078290318527301,1,0.0005
222,macro_term_spread,0.012698701342328022,0.012698701342328022,1,0.0005
222,mom_12_1_x_macro_epu,0.0,0.0,0,0.0005
222,mom_12_1_x_macro_vix,-0.006655060381164814,0.006655060381164814,1,0.0005
222,tsmom_12_x_macro_epu,0.003170769356649952,0.003170769356649952,1,0.0005
222,tsmom_12_x_macro_vix,-0.0,0.0,0,0.0005
222,ma_gap_12m_x_macro_epu,0.03267954233030122,0.03267954233030122,1,0.0005
222,ma_crossover_6_12_x_macro_vix,-0.019207608868975774,0.019207608868975774,1,0.0005
222,reversal_1m_x_macro_epu,0.0009748262124359517,0.0009748262124359517,1,0.0005
222,reversal_1m_x_macro_vix,-0.00684000246735453,0.00684000246735453,1,0.0005
222,reversal_1m_x_macro_credit_spread,-0.0,0.0,0,0.0005
222,abnormal_log_volume_x_macro_epu,-0.003954688728853707,0.003954688728853707,1,0.0005
222,abnormal_log_volume_x_macro_vix,0.002750182688146291,0.002750182688146291,1,0.0005
222,log_volume_x_macro_credit_spread,-0.0,0.0,0,0.0005
222,vol_regime_3_12_x_macro_vix,-0.0007777392023625198,0.0007777392023625198,1,0.0005
222,vol_regime_3_12_x_macro_term_spread,-0.0,0.0,0,0.0005
222,vol_12m_x_macro_credit_spread,-0.013529799871943811,0.013529799871943811,1,0.0005
223,mom_12_1,0.007119669491248029,0.007119669491248029,1,0.0005
223,mom_6_1,-0.0022702982122864064,0.0022702982122864064,1,0.0005
223,mom_3_1,-0.00456253575724244,0.00456253575724244,1,0.0005
223,tsmom_12,0.0,0.0,0,0.0005
223,tsmom_sign_12,0.0,0.0,0,0.0005
223,reversal_1m,0.008202321987953638,0.008202321987953638,1,0.0005
223,ma_gap_12m,-0.03688674097822891,0.03688674097822891,1,0.0005
223,ma_crossover_6_12,0.004709972291166902,0.004709972291166902,1,0.0005
223,vol_3m,-0.0,0.0,0,0.0005
223,vol_12m,0.019212376113711876,0.019212376113711876,1,0.0005
223,vol_regime_3_12,0.0,0.0,0,0.0005
223,log_volume,-0.0010913832043100006,0.0010913832043100006,1,0.0005
223,abnormal_log_volume,0.0018606820871086664,0.0018606820871086664,1,0.0005
223,macro_vix,-0.025203446970538196,0.025203446970538196,1,0.0005
223,macro_epu,-0.0025229613498198326,0.0025229613498198326,1,0.0005
223,macro_credit_spread,0.00040346866716193646,0.00040346866716193646,1,0.0005
223,macro_term_spread,0.01248022630810908,0.01248022630810908,1,0.0005
223,mom_12_1_x_macro_epu,0.000210663465538667,0.000210663465538667,1,0.0005
223,mom_12_1_x_macro_vix,-0.007873367841489096,0.007873367841489096,1,0.0005
223,tsmom_12_x_macro_epu,0.0032183991057094124,0.0032183991057094124,1,0.0005
223,tsmom_12_x_macro_vix,-0.0,0.0,0,0.0005
223,ma_gap_12m_x_macro_epu,0.03902005783651683,0.03902005783651683,1,0.0005
223,ma_crossover_6_12_x_macro_vix,-0.01907205738524818,0.01907205738524818,1,0.0005
223,reversal_1m_x_macro_epu,0.0018951522806517807,0.0018951522806517807,1,0.0005
223,reversal_1m_x_macro_vix,-0.00644028377604151,0.00644028377604151,1,0.0005
223,reversal_1m_x_macro_credit_spread,-0.0,0.0,0,0.0005
223,abnormal_log_volume_x_macro_epu,-0.0033280020509969433,0.0033280020509969433,1,0.0005
223,abnormal_log_volume_x_macro_vix,0.0017994399961330488,0.0017994399961330488,1,0.0005
223,log_volume_x_macro_credit_spread,-0.0,0.0,0,0.0005
223,vol_regime_3_12_x_macro_vix,-0.000764829199461088,0.000764829199461088,1,0.0005
223,vol_regime_3_12_x_macro_term_spread,-0.0,0.0,0,0.0005
223,vol_12m_x_macro_credit_spread,-0.01491892729667905,0.01491892729667905,1,0.0005
224,mom_12_1,0.0,0.0,0,0.0025
224,mom_6_1,-0.00037509831161463663,0.00037509831161463663,1,0.0025
224,mom_3_1,-0.0019938512984271624,0.0019938512984271624,1,0.0025
224,tsmom_12,0.0,0.0,0,0.0025
224,tsmom_sign_12,-0.0,0.0,0,0.0025
224,reversal_1m,0.003466786716653873,0.003466786716653873,1,0.0025
224,ma_gap_12m,-0.01270076764773339,0.01270076764773339,1,0.0025
224,ma_crossover_6_12,-0.0,0.0,0,0.0025
224,vol_3m,-0.0,0.0,0,0.0025
224,vol_12m,0.00570921589719416,0.00570921589719416,1,0.0025
224,vol_regime_3_12,-0.0,0.0,0,0.0025
224,log_volume,-0.0,0.0,0,0.0025
224,abnormal_log_volume,0.0,0.0,0,0.0025
224,macro_vix,-0.02804403562168227,0.02804403562168227,1,0.0025
224,macro_epu,-3.6095796203633144e-06,3.6095796203633144e-06,1,0.0025
224,macro_credit_spread,-0.0,0.0,0,0.0025
224,macro_term_spread,0.011209739449089557,0.011209739449089557,1,0.0025
224,mom_12_1_x_macro_epu,0.0031174313062960696,0.0031174313062960696,1,0.0025
224,mom_12_1_x_macro_vix,-0.0,0.0,0,0.0025
224,tsmom_12_x_macro_epu,0.0009662775196889408,0.0009662775196889408,1,0.0025
224,tsmom_12_x_macro_vix,-0.0,0.0,0,0.0025
224,ma_gap_12m_x_macro_epu,0.010063866567829885,0.010063866567829885,1,0.0025
224,ma_crossover_6_12_x_macro_vix,-0.013299867114974367,0.013299867114974367,1,0.0025
224,reversal_1m_x_macro_epu,0.0,0.0,0,0.0025
224,reversal_1m_x_macro_vix,-0.0031022149769520395,0.0031022149769520395,1,0.0025
224,reversal_1m_x_macro_credit_spread,-0.0,0.0,0,0.0025
224,abnormal_log_volume_x_macro_epu,-0.0,0.0,0,0.0025
224,abnormal_log_volume_x_macro_vix,0.0,0.0,0,0.0025
224,log_volume_x_macro_credit_spread,-0.0031752536132930494,0.0031752536132930494,1,0.0025
224,vol_regime_3_12_x_macro_vix,-2.982342419834221e-05,2.982342419834221e-05,1,0.0025
224,vol_regime_3_12_x_macro_term_spread,-0.0,0.0,0,0.0025
224,vol_12m_x_macro_credit_spread,-0.0,0.0,0,0.0025
225,mom_12_1,0.0,0.0,0,0.005
225,mom_6_1,-0.0,0.0,0,0.005
225,mom_3_1,-0.0,0.0,0,0.005
225,tsmom_12,0.0,0.0,0,0.005
225,tsmom_sign_12,0.0,0.0,0,0.005
225,reversal_1m,0.0,0.0,0,0.005
225,ma_gap_12m,-0.0030303421277224998,0.0030303421277224998,1,0.005
225,ma_crossover_6_12,-0.0,0.0,0,0.005
225,vol_3m,0.0,0.0,0,0.005
225,vol_12m,0.004271698641705922,0.004271698641705922,1,0.005
225,vol_regime_3_12,-0.0,0.0,0,0.005
225,log_volume,-0.0,0.0,0,0.005
225,abnormal_log_volume,0.0,0.0,0,0.005
225,macro_vix,-0.0263860265127153,0.0263860265127153,1,0.005
225,macro_epu,-0.0,0.0,0,0.005
225,macro_credit_spread,-0.00013134338286977123,0.00013134338286977123,1,0.005
225,macro_term_spread,0.008753549627521924,0.008753549627521924,1,0.005
225,mom_12_1_x_macro_epu,0.0011792538514891616,0.0011792538514891616,1,0.005
225,mom_12_1_x_macro_vix,-0.0,0.0,0,0.005
225,tsmom_12_x_macro_epu,0.0,0.0,0,0.005
225,tsmom_12_x_macro_vix,-0.0,0.0,0,0.005
225,ma_gap_12m_x_macro_epu,0.0,0.0,0,0.005
225,ma_crossover_6_12_x_macro_vix,-0.010001441258969932,0.010001441258969932,1,0.005
225,reversal_1m_x_macro_epu,-0.0,0.0,0,0.005
225,reversal_1m_x_macro_vix,-0.0002021924555708852,0.0002021924555708852,1,0.005
225,reversal_1m_x_macro_credit_spread,-0.0,0.0,0,0.005
225,abnormal_log_volume_x_macro_epu,-0.0,0.0,0,0.005
225,abnormal_log_volume_x_macro_vix,-0.0,0.0,0,0.005
225,log_volume_x_macro_credit_spread,-0.0018354692702981087,0.0018354692702981087,1,0.005
225,vol_regime_3_12_x_macro_vix,-0.0,0.0,0,0.005
225,vol_regime_3_12_x_macro_term_spread,-0.0,0.0,0,0.005
225,vol_12m_x_macro_credit_spread,-0.0,0.0,0,0.005
226,mom_12_1,0.0,0.0,0,0.005
226,mom_6_1,-0.0,0.0,0,0.005
226,mom_3_1,-0.0006104638769867326,0.0006104638769867326,1,0.005
226,tsmom_12,0.0,0.0,0,0.005
226,tsmom_sign_12,0.0,0.0,0,0.005
226,reversal_1m,0.0,0.0,0,0.005
226,ma_gap_12m,-0.002474485694403636,0.002474485694403636,1,0.005
226,ma_crossover_6_12,-0.0,0.0,0,0.005
226,vol_3m,0.0,0.0,0,0.005
226,vol_12m,0.004244437797556503,0.004244437797556503,1,0.005
226,vol_regime_3_12,-0.0,0.0,0,0.005
226,log_volume,-0.0,0.0,0,0.005
226,abnormal_log_volume,0.0,0.0,0,0.005
226,macro_vix,-0.026045111319550646,0.026045111319550646,1,0.005
226,macro_epu,0.0,0.0,0,0.005
226,macro_credit_spread,-0.0,0.0,0,0.005
226,macro_term_spread,0.009274518576935613,0.009274518576935613,1,0.005
226,mom_12_1_x_macro_epu,0.001364010626293444,0.001364010626293444,1,0.005
226,mom_12_1_x_macro_vix,-0.0,0.0,0,0.005
226,tsmom_12_x_macro_epu,0.0,0.0,0,0.005
226,tsmom_12_x_macro_vix,-0.0,0.0,0,0.005
226,ma_gap_12m_x_macro_epu,0.0,0.0,0,0.005
226,ma_crossover_6_12_x_macro_vix,-0.010076160959109076,0.010076160959109076,1,0.005
226,reversal_1m_x_macro_epu,-0.0,0.0,0,0.005
226,reversal_1m_x_macro_vix,-0.0004251533910270262,0.0004251533910270262,1,0.005
226,reversal_1m_x_macro_credit_spread,-0.0,0.0,0,0.005
226,abnormal_log_volume_x_macro_epu,-0.0,0.0,0,0.005
226,abnormal_log_volume_x_macro_vix,-0.0,0.0,0,0.005
226,log_volume_x_macro_credit_spread,-0.0,0.0,0,0.005
226,vol_regime_3_12_x_macro_vix,-0.0,0.0,0,0.005
226,vol_regime_3_12_x_macro_term_spread,-0.0,0.0,0,0.005
226,vol_12m_x_macro_credit_spread,0.0,0.0,0,0.005
227,mom_12_1,0.0,0.0,0,0.0025
227,mom_6_1,-0.0,0.0,0,0.0025
227,mom_3_1,-0.00379297349179462,0.00379297349179462,1,0.0025
227,tsmom_12,0.0,0.0,0,0.0025
227,tsmom_sign_12,0.0,0.0,0,0.0025
227,reversal_1m,0.003247494835728641,0.003247494835728641,1,0.0025
227,ma_gap_12m,-0.0,0.0,0,0.0025
227,ma_crossover_6_12,-0.0,0.0,0,0.0025
227,vol_3m,0.0,0.0,0,0.0025
227,vol_12m,0.004965789555747675,0.004965789555747675,1,0.0025
227,vol_regime_3_12,-0.0,0.0,0,0.0025
227,log_volume,-0.0,0.0,0,0.0025
227,abnormal_log_volume,3.1906849574719415e-05,3.1906849574719415e-05,1,0.0025
227,macro_vix,-0.023673986725386297,0.023673986725386297,1,0.0025
227,macro_epu,0.0015460581714295128,0.0015460581714295128,1,0.0025
227,macro_credit_spread,0.0,0.0,0,0.0025
227,macro_term_spread,0.013128509037741534,0.013128509037741534,1,0.0025
227,mom_12_1_x_macro_epu,0.00305403467847804,0.00305403467847804,1,0.0025
227,mom_12_1_x_macro_vix,-0.0,0.0,0,0.0025
227,tsmom_12_x_macro_epu,0.0003439723091138217,0.0003439723091138217,1,0.0025
227,tsmom_12_x_macro_vix,-0.0,0.0,0,0.0025
227,ma_gap_12m_x_macro_epu,0.0014316005411412062,0.0014316005411412062,1,0.0025
227,ma_crossover_6_12_x_macro_vix,-0.015420918427163841,0.015420918427163841,1,0.0025
227,reversal_1m_x_macro_epu,0.0,0.0,0,0.0025
227,reversal_1m_x_macro_vix,-0.0,0.0,0,0.0025
227,reversal_1m_x_macro_credit_spread,-0.0,0.0,0,0.0025
227,abnormal_log_volume_x_macro_epu,0.0,0.0,0,0.0025
227,abnormal_log_volume_x_macro_vix,0.0,0.0,0,0.0025
227,log_volume_x_macro_credit_spread,-0.0,0.0,0,0.0025
227,vol_regime_3_12_x_macro_vix,-0.0,0.0,0,0.0025
227,vol_regime_3_12_x_macro_term_spread,-0.0,0.0,0,0.0025
227,vol_12m_x_macro_credit_spread,0.0,0.0,0,0.0025
228,mom_12_1,0.0,0.0,0,0.0025
228,mom_6_1,-0.0,0.0,0,0.0025
228,mom_3_1,-0.004056212230045257,0.004056212230045257,1,0.0025
228,tsmom_12,0.0,0.0,0,0.0025
228,tsmom_sign_12,0.0,0.0,0,0.0025
228,reversal_1m,0.004578590200497033,0.004578590200497033,1,0.0025
228,ma_gap_12m,-0.0,0.0,0,0.0025
228,ma_crossover_6_12,-0.0,0.0,0,0.0025
228,vol_3m,0.0,0.0,0,0.0025
228,vol_12m,0.005558006849719812,0.005558006849719812,1,0.0025
228,vol_regime_3_12,-0.0,0.0,0,0.0025
228,log_volume,-0.0,0.0,0,0.0025
228,abnormal_log_volume,0.0,0.0,0,0.0025
228,macro_vix,-0.021292576649943534,0.021292576649943534,1,0.0025
228,macro_epu,0.0011873845723799627,0.0011873845723799627,1,0.0025
228,macro_credit_spread,0.0,0.0,0,0.0025
228,macro_term_spread,0.012491548089285587,0.012491548089285587,1,0.0025
228,mom_12_1_x_macro_epu,0.0027608993658226255,0.0027608993658226255,1,0.0025
228,mom_12_1_x_macro_vix,-0.0,0.0,0,0.0025
228,tsmom_12_x_macro_epu,0.0008492313061853078,0.0008492313061853078,1,0.0025
228,tsmom_12_x_macro_vix,-0.0,0.0,0,0.0025
228,ma_gap_12m_x_macro_epu,0.0022277042331657567,0.0022277042331657567,1,0.0025
228,ma_crossover_6_12_x_macro_vix,-0.016347061238899827,0.016347061238899827,1,0.0025
228,reversal_1m_x_macro_epu,0.0,0.0,0,0.0025
228,reversal_1m_x_macro_vix,0.0,0.0,0,0.0025
228,reversal_1m_x_macro_credit_spread,0.0,0.0,0,0.0025
228,abnormal_log_volume_x_macro_epu,-0.0,0.0,0,0.0025
228,abnormal_log_volume_x_macro_vix,0.0007804456612472619,0.0007804456612472619,1,0.0025
228,log_volume_x_macro_credit_spread,-0.0,0.0,0,0.0025
228,vol_regime_3_12_x_macro_vix,-0.0,0.0,0,0.0025
228,vol_regime_3_12_x_macro_term_spread,-0.0,0.0,0,0.0025
228,vol_12m_x_macro_credit_spread,0.0,0.0,0,0.0025
229,mom_12_1,0.009507164822398202,0.009507164822398202,1,0.0005
229,mom_6_1,-0.0014378435789114854,0.0014378435789114854,1,0.0005
229,mom_3_1,-0.005355179839868355,0.005355179839868355,1,0.0005
229,tsmom_12,0.0006784228417498467,0.0006784228417498467,1,0.0005
229,tsmom_sign_12,0.0003089586237675102,0.0003089586237675102,1,0.0005
229,reversal_1m,0.00204366903201639,0.00204366903201639,1,0.0005
229,ma_gap_12m,-0.027349077419464834,0.027349077419464834,1,0.0005
229,ma_crossover_6_12,0.001983771061752599,0.001983771061752599,1,0.0005
229,vol_3m,-0.0,0.0,0,0.0005
229,vol_12m,0.007482527131983269,0.007482527131983269,1,0.0005
229,vol_regime_3_12,-0.0,0.0,0,0.0005
229,log_volume,-0.0004169884761591568,0.0004169884761591568,1,0.0005
229,abnormal_log_volume,0.0,0.0,0,0.0005
229,macro_vix,-0.023307688130666068,0.023307688130666068,1,0.0005
229,macro_epu,0.0002587931785463375,0.0002587931785463375,1,0.0005
229,macro_credit_spread,0.0,0.0,0,0.0005
229,macro_term_spread,0.01648771827347978,0.01648771827347978,1,0.0005
229,mom_12_1_x_macro_epu,0.0,0.0,0,0.0005
229,mom_12_1_x_macro_vix,-0.008366265452178624,0.008366265452178624,1,0.0005
229,tsmom_12_x_macro_epu,0.0,0.0,0,0.0005
229,tsmom_12_x_macro_vix,-0.0,0.0,0,0.0005
229,ma_gap_12m_x_macro_epu,0.03597882502361485,0.03597882502361485,1,0.0005
229,ma_crossover_6_12_x_macro_vix,-0.019763696585868806,0.019763696585868806,1,0.0005
229,reversal_1m_x_macro_epu,0.008369856275420853,0.008369856275420853,1,0.0005
229,reversal_1m_x_macro_vix,-0.0,0.0,0,0.0005
229,reversal_1m_x_macro_credit_spread,-0.0018937108799066738,0.0018937108799066738,1,0.0005
229,abnormal_log_volume_x_macro_epu,-0.0016381778801306873,0.0016381778801306873,1,0.0005
229,abnormal_log_volume_x_macro_vix,0.0038172305526107822,0.0038172305526107822,1,0.0005
229,log_volume_x_macro_credit_spread,0.0,0.0,0,0.0005
229,vol_regime_3_12_x_macro_vix,-0.0003769044390122979,0.0003769044390122979,1,0.0005
229,vol_regime_3_12_x_macro_term_spread,-0.0,0.0,0,0.0005
229,vol_12m_x_macro_credit_spread,-0.0,0.0,0,0.0005
230,mom_12_1,0.0,0.0,0,0.0025
230,mom_6_1,0.0,0.0,0,0.0025
230,mom_3_1,-0.003837118642767123,0.003837118642767123,1,0.0025
230,tsmom_12,0.0,0.0,0,0.0025
230,tsmom_sign_12,0.0,0.0,0,0.0025
230,reversal_1m,0.0,0.0,0,0.0025
230,ma_gap_12m,-0.0,0.0,0,0.0025
230,ma_crossover_6_12,0.0,0.0,0,0.0025
230,vol_3m,0.0,0.0,0,0.0025
230,vol_12m,0.006374064592562106,0.006374064592562106,1,0.0025
230,vol_regime_3_12,0.0,0.0,0,0.0025
230,log_volume,-0.0,0.0,0,0.0025
230,abnormal_log_volume,0.0,0.0,0,0.0025
230,macro_vix,-0.021540716684700142,0.021540716684700142,1,0.0025
230,macro_epu,0.0034438128599483114,0.0034438128599483114,1,0.0025
230,macro_credit_spread,-0.0,0.0,0,0.0025
230,macro_term_spread,0.013840483042865892,0.013840483042865892,1,0.0025
230,mom_12_1_x_macro_epu,0.0024698931935862242,0.0024698931935862242,1,0.0025
230,mom_12_1_x_macro_vix,-0.0,0.0,0,0.0025
230,tsmom_12_x_macro_epu,0.0020501253501398163,0.0020501253501398163,1,0.0025
230,tsmom_12_x_macro_vix,-0.0,0.0,0,0.0025
230,ma_gap_12m_x_macro_epu,0.0,0.0,0,0.0025
230,ma_crossover_6_12_x_macro_vix,-0.01618691318379877,0.01618691318379877,1,0.0025
230,reversal_1m_x_macro_epu,0.004694627661740401,0.004694627661740401,1,0.0025
230,reversal_1m_x_macro_vix,-0.0,0.0,0,0.0025
230,reversal_1m_x_macro_credit_spread,-0.0,0.0,0,0.0025
230,abnormal_log_volume_x_macro_epu,0.0,0.0,0,0.0025
230,abnormal_log_volume_x_macro_vix,0.00023264190470737402,0.00023264190470737402,1,0.0025
230,log_volume_x_macro_credit_spread,-0.0,0.0,0,0.0025
230,vol_regime_3_12_x_macro_vix,0.0,0.0,0,0.0025
230,vol_regime_3_12_x_macro_term_spread,0.0,0.0,0,0.0025
230,vol_12m_x_macro_credit_spread,0.0,0.0,0,0.0025
231,mom_12_1,0.004275468455287487,0.004275468455287487,1,0.0025
231,mom_6_1,-0.0,0.0,0,0.0025
231,mom_3_1,-0.004043632056704598,0.004043632056704598,1,0.0025
231,tsmom_12,0.0,0.0,0,0.0025
231,tsmom_sign_12,0.0,0.0,0,0.0025
231,reversal_1m,0.0,0.0,0,0.0025
231,ma_gap_12m,-0.0,0.0,0,0.0025
231,ma_crossover_6_12,0.003143441634845964,0.003143441634845964,1,0.0025
231,vol_3m,0.0,0.0,0,0.0025
231,vol_12m,0.0,0.0,0,0.0025
231,vol_regime_3_12,0.0,0.0,0,0.0025
231,log_volume,-0.0,0.0,0,0.0025
231,abnormal_log_volume,0.0,0.0,0,0.0025
231,macro_vix,-0.017843760270357945,0.017843760270357945,1,0.0025
231,macro_epu,0.003808381016416818,0.003808381016416818,1,0.0025
231,macro_credit_spread,0.0,0.0,0,0.0025
231,macro_term_spread,0.011803681075029557,0.011803681075029557,1,0.0025
231,mom_12_1_x_macro_epu,0.0,0.0,0,0.0025
231,mom_12_1_x_macro_vix,-0.0023030278773942354,0.0023030278773942354,1,0.0025
231,tsmom_12_x_macro_epu,0.0018373124137672637,0.0018373124137672637,1,0.0025
231,tsmom_12_x_macro_vix,-0.0,0.0,0,0.0025
231,ma_gap_12m_x_macro_epu,-0.0,0.0,0,0.0025
231,ma_crossover_6_12_x_macro_vix,-0.019357515612181984,0.019357515612181984,1,0.0025
231,reversal_1m_x_macro_epu,0.005576617709700157,0.005576617709700157,1,0.0025
231,reversal_1m_x_macro_vix,0.0,0.0,0,0.0025
231,reversal_1m_x_macro_credit_spread,0.0,0.0,0,0.0025
231,abnormal_log_volume_x_macro_epu,0.0,0.0,0,0.0025
231,abnormal_log_volume_x_macro_vix,0.0,0.0,0,0.0025
231,log_volume_x_macro_credit_spread,0.0,0.0,0,0.0025
231,vol_regime_3_12_x_macro_vix,0.0,0.0,0,0.0025
231,vol_regime_3_12_x_macro_term_spread,-0.0,0.0,0,0.0025
231,vol_12m_x_macro_credit_spread,0.00824600255839724,0.00824600255839724,1,0.0025
232,mom_12_1,0.0015184608362275875,0.0015184608362275875,1,0.0025
232,mom_6_1,0.0,0.0,0,0.0025
232,mom_3_1,-0.0038353971652347173,0.0038353971652347173,1,0.0025
232,tsmom_12,0.0,0.0,0,0.0025
232,tsmom_sign_12,0.0,0.0,0,0.0025
232,reversal_1m,0.0,0.0,0,0.0025
232,ma_gap_12m,-0.0,0.0,0,0.0025
232,ma_crossover_6_12,0.0025656749236974466,0.0025656749236974466,1,0.0025
232,vol_3m,0.0003627571570468636,0.0003627571570468636,1,0.0025
232,vol_12m,0.0011994716767334108,0.0011994716767334108,1,0.0025
232,vol_regime_3_12,0.0,0.0,0,0.0025
232,log_volume,-0.0,0.0,0,0.0025
232,abnormal_log_volume,0.0,0.0,0,0.0025
232,macro_vix,-0.018396863830325287,0.018396863830325287,1,0.0025
232,macro_epu,0.003793923549282904,0.003793923549282904,1,0.0025
232,macro_credit_spread,0.0,0.0,0,0.0025
232,macro_term_spread,0.012478605867886551,0.012478605867886551,1,0.0025
232,mom_12_1_x_macro_epu,0.0004532624739379789,0.0004532624739379789,1,0.0025
232,mom_12_1_x_macro_vix,-0.0,0.0,0,0.0025
232,tsmom_12_x_macro_epu,0.0023986722360439723,0.0023986722360439723,1,0.0025
232,tsmom_12_x_macro_vix,-0.0,0.0,0,0.0025
232,ma_gap_12m_x_macro_epu,-0.0,0.0,0,0.0025
232,ma_crossover_6_12_x_macro_vix,-0.01718504182592866,0.01718504182592866,1,0.0025
232,reversal_1m_x_macro_epu,0.005013300909354292,0.005013300909354292,1,0.0025
232,reversal_1m_x_macro_vix,-0.0,0.0,0,0.0025
232,reversal_1m_x_macro_credit_spread,0.0,0.0,0,0.0025
232,abnormal_log_volume_x_macro_epu,0.0,0.0,0,0.0025
232,abnormal_log_volume_x_macro_vix,0.0,0.0,0,0.0025
232,log_volume_x_macro_credit_spread,-0.0,0.0,0,0.0025
232,vol_regime_3_12_x_macro_vix,0.0,0.0,0,0.0025
232,vol_regime_3_12_x_macro_term_spread,-0.0,0.0,0,0.0025
232,vol_12m_x_macro_credit_spread,0.006116634538433161,0.006116634538433161,1,0.0025
233,mom_12_1,0.0,0.0,0,0.0025
233,mom_6_1,-0.0,0.0,0,0.0025
233,mom_3_1,-0.00013144312352209733,0.00013144312352209733,1,0.0025
233,tsmom_12,0.0,0.0,0,0.0025
233,tsmom_sign_12,0.0,0.0,0,0.0025
233,reversal_1m,0.0,0.0,0,0.0025
233,ma_gap_12m,-0.001873604814984909,0.001873604814984909,1,0.0025
233,ma_crossover_6_12,-0.0,0.0,0,0.0025
233,vol_3m,0.00045081179319931126,0.00045081179319931126,1,0.0025
233,vol_12m,0.005432282504818984,0.005432282504818984,1,0.0025
233,vol_regime_3_12,0.0,0.0,0,0.0025
233,log_volume,-0.0,0.0,0,0.0025
233,abnormal_log_volume,0.0,0.0,0,0.0025
233,macro_vix,-0.019955368006557766,0.019955368006557766,1,0.0025
233,macro_epu,0.004741407618513597,0.004741407618513597,1,0.0025
233,macro_credit_spread,0.0,0.0,0,0.0025
233,macro_term_spread,0.012164167799001436,0.012164167799001436,1,0.0025
233,mom_12_1_x_macro_epu,0.0,0.0,0,0.0025
233,mom_12_1_x_macro_vix,-0.0,0.0,0,0.0025
233,tsmom_12_x_macro_epu,0.0,0.0,0,0.0025
233,tsmom_12_x_macro_vix,-0.0,0.0,0,0.0025
233,ma_gap_12m_x_macro_epu,-0.0,0.0,0,0.0025
233,ma_crossover_6_12_x_macro_vix,-0.00548741113960568,0.00548741113960568,1,0.0025
233,reversal_1m_x_macro_epu,0.00448590909769191,0.00448590909769191,1,0.0025
233,reversal_1m_x_macro_vix,0.0,0.0,0,0.0025
233,reversal_1m_x_macro_credit_spread,0.0,0.0,0,0.0025
233,abnormal_log_volume_x_macro_epu,0.0,0.0,0,0.0025
233,abnormal_log_volume_x_macro_vix,0.0,0.0,0,0.0025
233,log_volume_x_macro_credit_spread,0.0,0.0,0,0.0025
233,vol_regime_3_12_x_macro_vix,0.0,0.0,0,0.0025
233,vol_regime_3_12_x_macro_term_spread,-0.0,0.0,0,0.0025
233,vol_12m_x_macro_credit_spread,0.0,0.0,0,0.0025
234,mom_12_1,0.0,0.0,0,0.0025
234,mom_6_1,-0.0,0.0,0,0.0025
234,mom_3_1,-0.0,0.0,0,0.0025
234,tsmom_12,-0.0,0.0,0,0.0025
234,tsmom_sign_12,-0.0,0.0,0,0.0025
234,reversal_1m,0.0,0.0,0,0.0025
234,ma_gap_12m,-0.0021362143085608353,0.0021362143085608353,1,0.0025
234,ma_crossover_6_12,-0.0,0.0,0,0.0025
234,vol_3m,0.0008337168013249543,0.0008337168013249543,1,0.0025
234,vol_12m,0.004370331955018011,0.004370331955018011,1,0.0025
234,vol_regime_3_12,0.0,0.0,0,0.0025
234,log_volume,-0.0,0.0,0,0.0025
234,abnormal_log_volume,0.0,0.0,0,0.0025
234,macro_vix,-0.02064744761395975,0.02064744761395975,1,0.0025
234,macro_epu,0.004877194575551613,0.004877194575551613,1,0.0025
234,macro_credit_spread,0.0,0.0,0,0.0025
234,macro_term_spread,0.013354279703990706,0.013354279703990706,1,0.0025
234,mom_12_1_x_macro_epu,0.0,0.0,0,0.0025
234,mom_12_1_x_macro_vix,-0.00010740834378667006,0.00010740834378667006,1,0.0025
234,tsmom_12_x_macro_epu,0.0,0.0,0,0.0025
234,tsmom_12_x_macro_vix,-0.0,0.0,0,0.0025
234,ma_gap_12m_x_macro_epu,-0.0,0.0,0,0.0025
234,ma_crossover_6_12_x_macro_vix,-0.0030188035065242995,0.0030188035065242995,1,0.0025
234,reversal_1m_x_macro_epu,0.0049104545320322246,0.0049104545320322246,1,0.0025
234,reversal_1m_x_macro_vix,0.0,0.0,0,0.0025
234,reversal_1m_x_macro_credit_spread,0.0,0.0,0,0.0025
234,abnormal_log_volume_x_macro_epu,0.0,0.0,0,0.0025
234,abnormal_log_volume_x_macro_vix,0.0,0.0,0,0.0025
234,log_volume_x_macro_credit_spread,0.0,0.0,0,0.0025
234,vol_regime_3_12_x_macro_vix,0.0,0.0,0,0.0025
234,vol_regime_3_12_x_macro_term_spread,-0.0,0.0,0,0.0025
234,vol_12m_x_macro_credit_spread,0.0,0.0,0,0.0025
235,mom_12_1,0.0,0.0,0,0.0025
235,mom_6_1,-0.0,0.0,0,0.0025
235,mom_3_1,-0.0,0.0,0,0.0025
235,tsmom_12,0.0,0.0,0,0.0025
235,tsmom_sign_12,0.0,0.0,0,0.0025
235,reversal_1m,0.0,0.0,0,0.0025
235,ma_gap_12m,-0.0,0.0,0,0.0025
235,ma_crossover_6_12,-0.0,0.0,0,0.0025
235,vol_3m,0.0007553969359804498,0.0007553969359804498,1,0.0025
235,vol_12m,0.00559264853427918,0.00559264853427918,1,0.0025
235,vol_regime_3_12,0.0,0.0,0,0.0025
235,log_volume,-0.0,0.0,0,0.0025
235,abnormal_log_volume,0.0,0.0,0,0.0025
235,macro_vix,-0.020111933921938538,0.020111933921938538,1,0.0025
235,macro_epu,0.005469346663729996,0.005469346663729996,1,0.0025
235,macro_credit_spread,0.0,0.0,0,0.0025
235,macro_term_spread,0.012279359767421137,0.012279359767421137,1,0.0025
235,mom_12_1_x_macro_epu,0.0,0.0,0,0.0025
235,mom_12_1_x_macro_vix,-0.0,0.0,0,0.0025
235,tsmom_12_x_macro_epu,0.0,0.0,0,0.0025
235,tsmom_12_x_macro_vix,-0.0,0.0,0,0.0025
235,ma_gap_12m_x_macro_epu,-0.0,0.0,0,0.0025
235,ma_crossover_6_12_x_macro_vix,-0.0054337347979876586,0.0054337347979876586,1,0.0025
235,reversal_1m_x_macro_epu,0.006318236171024312,0.006318236171024312,1,0.0025
235,reversal_1m_x_macro_vix,0.0,0.0,0,0.0025
235,reversal_1m_x_macro_credit_spread,0.0,0.0,0,0.0025
235,abnormal_log_volume_x_macro_epu,0.0,0.0,0,0.0025
235,abnormal_log_volume_x_macro_vix,0.0,0.0,0,0.0025
235,log_volume_x_macro_credit_spread,-0.0,0.0,0,0.0025
235,vol_regime_3_12_x_macro_vix,0.0,0.0,0,0.0025
235,vol_regime_3_12_x_macro_term_spread,-0.0,0.0,0,0.0025
235,vol_12m_x_macro_credit_spread,0.0,0.0,0,0.0025
236,mom_12_1,0.0,0.0,0,0.0025
236,mom_6_1,-0.0,0.0,0,0.0025
236,mom_3_1,-0.0003119251523832819,0.0003119251523832819,1,0.0025
236,tsmom_12,-0.0,0.0,0,0.0025
236,tsmom_sign_12,-0.0,0.0,0,0.0025
236,reversal_1m,0.0,0.0,0,0.0025
236,ma_gap_12m,-0.001528937160653395,0.001528937160653395,1,0.0025
236,ma_crossover_6_12,-0.0,0.0,0,0.0025
236,vol_3m,0.00034517021493349304,0.00034517021493349304,1,0.0025
236,vol_12m,0.004694987646172384,0.004694987646172384,1,0.0025
236,vol_regime_3_12,0.0,0.0,0,0.0025
236,log_volume,-0.0,0.0,0,0.0025
236,abnormal_log_volume,0.0,0.0,0,0.0025
236,macro_vix,-0.02104309600805601,0.02104309600805601,1,0.0025
236,macro_epu,0.006019688151195773,0.006019688151195773,1,0.0025
236,macro_credit_spread,0.0,0.0,0,0.0025
236,macro_term_spread,0.011309020772944952,0.011309020772944952,1,0.0025
236,mom_12_1_x_macro_epu,0.0,0.0,0,0.0025
236,mom_12_1_x_macro_vix,-0.0,0.0,0,0.0025
236,tsmom_12_x_macro_epu,0.0,0.0,0,0.0025
236,tsmom_12_x_macro_vix,-0.0,0.0,0,0.0025
236,ma_gap_12m_x_macro_epu,-0.0006424243842300268,0.0006424243842300268,1,0.0025
236,ma_crossover_6_12_x_macro_vix,-0.0017994239136601398,0.0017994239136601398,1,0.0025
236,reversal_1m_x_macro_epu,0.004986125128153525,0.004986125128153525,1,0.0025
236,reversal_1m_x_macro_vix,0.0,0.0,0,0.0025
236,reversal_1m_x_macro_credit_spread,0.0,0.0,0,0.0025
236,abnormal_log_volume_x_macro_epu,0.0,0.0,0,0.0025
236,abnormal_log_volume_x_macro_vix,0.0,0.0,0,0.0025
236,log_volume_x_macro_credit_spread,0.0,0.0,0,0.0025
236,vol_regime_3_12_x_macro_vix,0.0,0.0,0,0.0025
236,vol_regime_3_12_x_macro_term_spread,-0.0,0.0,0,0.0025
236,vol_12m_x_macro_credit_spread,0.0,0.0,0,0.0025
237,mom_12_1,0.0,0.0,0,0.0025
237,mom_6_1,-0.0,0.0,0,0.0025
237,mom_3_1,-0.0,0.0,0,0.0025
237,tsmom_12,-0.0,0.0,0,0.0025
237,tsmom_sign_12,0.0,0.0,0,0.0025
237,reversal_1m,0.0,0.0,0,0.0025
237,ma_gap_12m,-0.0033497038856352343,0.0033497038856352343,1,0.0025
237,ma_crossover_6_12,-0.0,0.0,0,0.0025
237,vol_3m,0.000312901499061521,0.000312901499061521,1,0.0025
237,vol_12m,0.003382150239180256,0.003382150239180256,1,0.0025
237,vol_regime_3_12,0.0,0.0,0,0.0025
237,log_volume,-0.0,0.0,0,0.0025
237,abnormal_log_volume,0.0,0.0,0,0.0025
237,macro_vix,-0.021476802568971387,0.021476802568971387,1,0.0025
237,macro_epu,0.005643844303697129,0.005643844303697129,1,0.0025
237,macro_credit_spread,4.659643631328889e-05,4.659643631328889e-05,1,0.0025
237,macro_term_spread,0.011440274130499316,0.011440274130499316,1,0.0025
237,mom_12_1_x_macro_epu,0.0,0.0,0,0.0025
237,mom_12_1_x_macro_vix,-0.0,0.0,0,0.0025
237,tsmom_12_x_macro_epu,0.0,0.0,0,0.0025
237,tsmom_12_x_macro_vix,-0.0,0.0,0,0.0025
237,ma_gap_12m_x_macro_epu,-0.0,0.0,0,0.0025
237,ma_crossover_6_12_x_macro_vix,-0.0,0.0,0,0.0025
237,reversal_1m_x_macro_epu,0.004769412233988137,0.004769412233988137,1,0.0025
237,reversal_1m_x_macro_vix,0.0,0.0,0,0.0025
237,reversal_1m_x_macro_credit_spread,0.0,0.0,0,0.0025
237,abnormal_log_volume_x_macro_epu,0.0,0.0,0,0.0025
237,abnormal_log_volume_x_macro_vix,0.0,0.0,0,0.0025
237,log_volume_x_macro_credit_spread,0.0,0.0,0,0.0025
237,vol_regime_3_12_x_macro_vix,0.0,0.0,0,0.0025
237,vol_regime_3_12_x_macro_term_spread,-0.0,0.0,0,0.0025
237,vol_12m_x_macro_credit_spread,0.0,0.0,0,0.0025
238,mom_12_1,0.0020843555642603546,0.0020843555642603546,1,0.001
238,mom_6_1,-0.003113782607572007,0.003113782607572007,1,0.001
238,mom_3_1,-0.0,0.0,0,0.001
238,tsmom_12,-0.0,0.0,0,0.001
238,tsmom_sign_12,6.577866729588117e-05,6.577866729588117e-05,1,0.001
238,reversal_1m,0.0,0.0,0,0.001
238,ma_gap_12m,-0.0021213306844007447,0.0021213306844007447,1,0.001
238,ma_crossover_6_12,0.0,0.0,0,0.001
238,vol_3m,0.0005793658875447698,0.0005793658875447698,1,0.001
238,vol_12m,0.0032963558832316965,0.0032963558832316965,1,0.001
238,vol_regime_3_12,0.0,0.0,0,0.001
238,log_volume,-0.0001489820167640663,0.0001489820167640663,1,0.001
238,abnormal_log_volume,0.0,0.0,0,0.001
238,macro_vix,-0.024158609226752302,0.024158609226752302,1,0.001
238,macro_epu,0.007414424987171696,0.007414424987171696,1,0.001
238,macro_credit_spread,0.0014697568854909646,0.0014697568854909646,1,0.001
238,macro_term_spread,0.012218069656790813,0.012218069656790813,1,0.001
238,mom_12_1_x_macro_epu,0.0,0.0,0,0.001
238,mom_12_1_x_macro_vix,-0.0,0.0,0,0.001
238,tsmom_12_x_macro_epu,0.0,0.0,0,0.001
238,tsmom_12_x_macro_vix,-0.000581856310128083,0.000581856310128083,1,0.001
238,ma_gap_12m_x_macro_epu,-0.0,0.0,0,0.001
238,ma_crossover_6_12_x_macro_vix,-0.0,0.0,0,0.001
238,reversal_1m_x_macro_epu,0.006185914821318736,0.006185914821318736,1,0.001
238,reversal_1m_x_macro_vix,0.0,0.0,0,0.001
238,reversal_1m_x_macro_credit_spread,-0.0,0.0,0,0.001
238,abnormal_log_volume_x_macro_epu,0.0,0.0,0,0.001
238,abnormal_log_volume_x_macro_vix,0.000901424997983348,0.000901424997983348,1,0.001
238,log_volume_x_macro_credit_spread,0.0,0.0,0,0.001
238,vol_regime_3_12_x_macro_vix,0.000332204729779891,0.000332204729779891,1,0.001
238,vol_regime_3_12_x_macro_term_spread,-7.902650712121789e-05,7.902650712121789e-05,1,0.001
238,vol_12m_x_macro_credit_spread,0.0,0.0,0,0.001
239,mom_12_1,0.0,0.0,0,0.0025
239,mom_6_1,-0.0016751022003142855,0.0016751022003142855,1,0.0025
239,mom_3_1,-0.0,0.0,0,0.0025
239,tsmom_12,0.0,0.0,0,0.0025
239,tsmom_sign_12,0.0,0.0,0,0.0025
239,reversal_1m,0.0,0.0,0,0.0025
239,ma_gap_12m,-0.001720492369555162,0.001720492369555162,1,0.0025
239,ma_crossover_6_12,-0.0,0.0,0,0.0025
239,vol_3m,0.00044576505052104507,0.00044576505052104507,1,0.0025
239,vol_12m,0.0031001036545867007,0.0031001036545867007,1,0.0025
239,vol_regime_3_12,0.0,0.0,0,0.0025
239,log_volume,-0.0,0.0,0,0.0025
239,abnormal_log_volume,0.0,0.0,0,0.0025
239,macro_vix,-0.02154490400796504,0.02154490400796504,1,0.0025
239,macro_epu,0.005997503601999424,0.005997503601999424,1,0.0025
239,macro_credit_spread,0.00025580428552332167,0.00025580428552332167,1,0.0025
239,macro_term_spread,0.010837977399037397,0.010837977399037397,1,0.0025
239,mom_12_1_x_macro_epu,0.0,0.0,0,0.0025
239,mom_12_1_x_macro_vix,0.0,0.0,0,0.0025
239,tsmom_12_x_macro_epu,0.0,0.0,0,0.0025
239,tsmom_12_x_macro_vix,-0.0,0.0,0,0.0025
239,ma_gap_12m_x_macro_epu,-0.0,0.0,0,0.0025
239,ma_crossover_6_12_x_macro_vix,-0.0,0.0,0,0.0025
239,reversal_1m_x_macro_epu,0.0057681827444216694,0.0057681827444216694,1,0.0025
239,reversal_1m_x_macro_vix,0.0,0.0,0,0.0025
239,reversal_1m_x_macro_credit_spread,0.0,0.0,0,0.0025
239,abnormal_log_volume_x_macro_epu,0.0,0.0,0,0.0025
239,abnormal_log_volume_x_macro_vix,0.00022202143680099789,0.00022202143680099789,1,0.0025
239,log_volume_x_macro_credit_spread,0.0,0.0,0,0.0025
239,vol_regime_3_12_x_macro_vix,0.0,0.0,0,0.0025
239,vol_regime_3_12_x_macro_term_spread,-0.0,0.0,0,0.0025
239,vol_12m_x_macro_credit_spread,0.0,0.0,0,0.0025
240,mom_12_1,0.0008955527204558572,0.0008955527204558572,1,0.0025
240,mom_6_1,-0.0023848078136162977,0.0023848078136162977,1,0.0025
240,mom_3_1,-0.0,0.0,0,0.0025
240,tsmom_12,0.0,0.0,0,0.0025
240,tsmom_sign_12,0.0,0.0,0,0.0025
240,reversal_1m,0.0,0.0,0,0.0025
240,ma_gap_12m,-0.00208732868641669,0.00208732868641669,1,0.0025
240,ma_crossover_6_12,-0.0,0.0,0,0.0025
240,vol_3m,0.0006989672765142541,0.0006989672765142541,1,0.0025
240,vol_12m,0.002323630321450577,0.002323630321450577,1,0.0025
240,vol_regime_3_12,0.0,0.0,0,0.0025
240,log_volume,-0.0,0.0,0,0.0025
240,abnormal_log_volume,0.0,0.0,0,0.0025
240,macro_vix,-0.022508811000122877,0.022508811000122877,1,0.0025
240,macro_epu,0.006521323606718534,0.006521323606718534,1,0.0025
240,macro_credit_spread,0.0009427732429327866,0.0009427732429327866,1,0.0025
240,macro_term_spread,0.009855327795535595,0.009855327795535595,1,0.0025
240,mom_12_1_x_macro_epu,0.0,0.0,0,0.0025
240,mom_12_1_x_macro_vix,0.0,0.0,0,0.0025
240,tsmom_12_x_macro_epu,0.0,0.0,0,0.0025
240,tsmom_12_x_macro_vix,-0.0,0.0,0,0.0025
240,ma_gap_12m_x_macro_epu,-0.0,0.0,0,0.0025
240,ma_crossover_6_12_x_macro_vix,-0.0,0.0,0,0.0025
240,reversal_1m_x_macro_epu,0.00528582246581251,0.00528582246581251,1,0.0025
240,reversal_1m_x_macro_vix,0.0,0.0,0,0.0025
240,reversal_1m_x_macro_credit_spread,0.0,0.0,0,0.0025
240,abnormal_log_volume_x_macro_epu,0.0,0.0,0,0.0025
240,abnormal_log_volume_x_macro_vix,0.00019818801479244547,0.00019818801479244547,1,0.0025
240,log_volume_x_macro_credit_spread,0.0,0.0,0,0.0025
240,vol_regime_3_12_x_macro_vix,0.0,0.0,0,0.0025
240,vol_regime_3_12_x_macro_term_spread,0.0,0.0,0,0.0025
240,vol_12m_x_macro_credit_spread,0.0,0.0,0,0.0025
241,mom_12_1,0.0,0.0,0,0.005
241,mom_6_1,-0.0,0.0,0,0.005
241,mom_3_1,-0.0,0.0,0,0.005
241,tsmom_12,-0.0,0.0,0,0.005
241,tsmom_sign_12,0.0,0.0,0,0.005
241,reversal_1m,0.0,0.0,0,0.005
241,ma_gap_12m,-0.0029968812642599952,0.0029968812642599952,1,0.005
241,ma_crossover_6_12,-0.0,0.0,0,0.005
241,vol_3m,0.0,0.0,0,0.005
241,vol_12m,0.0013029805247271808,0.0013029805247271808,1,0.005
241,vol_regime_3_12,0.0,0.0,0,0.005
241,log_volume,0.0,0.0,0,0.005
241,abnormal_log_volume,0.0,0.0,0,0.005
241,macro_vix,-0.019324405710810254,0.019324405710810254,1,0.005
241,macro_epu,0.004288805236002962,0.004288805236002962,1,0.005
241,macro_credit_spread,0.0,0.0,0,0.005
241,macro_term_spread,0.006706973973191628,0.006706973973191628,1,0.005
241,mom_12_1_x_macro_epu,0.0,0.0,0,0.005
241,mom_12_1_x_macro_vix,0.0,0.0,0,0.005
241,tsmom_12_x_macro_epu,0.0,0.0,0,0.005
241,tsmom_12_x_macro_vix,-0.0,0.0,0,0.005
241,ma_gap_12m_x_macro_epu,-0.0,0.0,0,0.005
241,ma_crossover_6_12_x_macro_vix,-0.0,0.0,0,0.005
241,reversal_1m_x_macro_epu,0.0037316954800300528,0.0037316954800300528,1,0.005
241,reversal_1m_x_macro_vix,0.0,0.0,0,0.005
241,reversal_1m_x_macro_credit_spread,0.0,0.0,0,0.005
241,abnormal_log_volume_x_macro_epu,0.0,0.0,0,0.005
241,abnormal_log_volume_x_macro_vix,0.0,0.0,0,0.005
241,log_volume_x_macro_credit_spread,0.0,0.0,0,0.005
241,vol_regime_3_12_x_macro_vix,0.0,0.0,0,0.005
241,vol_regime_3_12_x_macro_term_spread,0.0,0.0,0,0.005
241,vol_12m_x_macro_credit_spread,0.0,0.0,0,0.005
242,mom_12_1,0.0,0.0,0,0.005
242,mom_6_1,-0.0,0.0,0,0.005
242,mom_3_1,-0.0,0.0,0,0.005
242,tsmom_12,0.0,0.0,0,0.005
242,tsmom_sign_12,0.0,0.0,0,0.005
242,reversal_1m,0.0,0.0,0,0.005
242,ma_gap_12m,-0.0026289178714073323,0.0026289178714073323,1,0.005
242,ma_crossover_6_12,-0.0,0.0,0,0.005
242,vol_3m,0.0,0.0,0,0.005
242,vol_12m,0.001378280151575366,0.001378280151575366,1,0.005
242,vol_regime_3_12,0.0,0.0,0,0.005
242,log_volume,0.0,0.0,0,0.005
242,abnormal_log_volume,0.0,0.0,0,0.005
242,macro_vix,-0.0190084729967357,0.0190084729967357,1,0.005
242,macro_epu,0.00440337945845773,0.00440337945845773,1,0.005
242,macro_credit_spread,0.0,0.0,0,0.005
242,macro_term_spread,0.0072567447348309165,0.0072567447348309165,1,0.005
242,mom_12_1_x_macro_epu,0.0,0.0,0,0.005
242,mom_12_1_x_macro_vix,0.0,0.0,0,0.005
242,tsmom_12_x_macro_epu,0.0,0.0,0,0.005
242,tsmom_12_x_macro_vix,-0.0,0.0,0,0.005
242,ma_gap_12m_x_macro_epu,-0.0,0.0,0,0.005
242,ma_crossover_6_12_x_macro_vix,-0.0,0.0,0,0.005
242,reversal_1m_x_macro_epu,0.0037577057481633872,0.0037577057481633872,1,0.005
242,reversal_1m_x_macro_vix,0.0,0.0,0,0.005
242,reversal_1m_x_macro_credit_spread,0.0,0.0,0,0.005
242,abnormal_log_volume_x_macro_epu,0.0,0.0,0,0.005
242,abnormal_log_volume_x_macro_vix,0.0,0.0,0,0.005
242,log_volume_x_macro_credit_spread,0.0,0.0,0,0.005
242,vol_regime_3_12_x_macro_vix,0.0,0.0,0,0.005
242,vol_regime_3_12_x_macro_term_spread,0.0,0.0,0,0.005
242,vol_12m_x_macro_credit_spread,0.0,0.0,0,0.005
243,mom_12_1,0.0,0.0,0,0.005
243,mom_6_1,-0.0,0.0,0,0.005
243,mom_3_1,-0.0,0.0,0,0.005
243,tsmom_12,0.0,0.0,0,0.005
243,tsmom_sign_12,0.0,0.0,0,0.005
243,reversal_1m,0.0,0.0,0,0.005
243,ma_gap_12m,-0.0029788969182368654,0.0029788969182368654,1,0.005
243,ma_crossover_6_12,-0.0,0.0,0,0.005
243,vol_3m,0.0,0.0,0,0.005
243,vol_12m,0.0009196641384665673,0.0009196641384665673,1,0.005
243,vol_regime_3_12,0.0,0.0,0,0.005
243,log_volume,0.0,0.0,0,0.005
243,abnormal_log_volume,0.0,0.0,0,0.005
243,macro_vix,-0.02083339202885763,0.02083339202885763,1,0.005
243,macro_epu,0.004514343302807271,0.004514343302807271,1,0.005
243,macro_credit_spread,0.0,0.0,0,0.005
243,macro_term_spread,0.007035602458911713,0.007035602458911713,1,0.005
243,mom_12_1_x_macro_epu,0.0,0.0,0,0.005
243,mom_12_1_x_macro_vix,0.0,0.0,0,0.005
243,tsmom_12_x_macro_epu,0.0,0.0,0,0.005
243,tsmom_12_x_macro_vix,-0.0,0.0,0,0.005
243,ma_gap_12m_x_macro_epu,-0.0,0.0,0,0.005
243,ma_crossover_6_12_x_macro_vix,-0.0,0.0,0,0.005
243,reversal_1m_x_macro_epu,0.0032468325006093134,0.0032468325006093134,1,0.005
243,reversal_1m_x_macro_vix,0.0,0.0,0,0.005
243,reversal_1m_x_macro_credit_spread,0.0,0.0,0,0.005
243,abnormal_log_volume_x_macro_epu,0.0,0.0,0,0.005
243,abnormal_log_volume_x_macro_vix,0.0,0.0,0,0.005
243,log_volume_x_macro_credit_spread,0.0,0.0,0,0.005
243,vol_regime_3_12_x_macro_vix,0.0,0.0,0,0.005
243,vol_regime_3_12_x_macro_term_spread,0.0,0.0,0,0.005
243,vol_12m_x_macro_credit_spread,0.0,0.0,0,0.005
244,mom_12_1,0.0,0.0,0,0.0025
244,mom_6_1,-0.0008977447515562234,0.0008977447515562234,1,0.0025
244,mom_3_1,-0.0,0.0,0,0.0025
244,tsmom_12,0.0,0.0,0,0.0025
244,tsmom_sign_12,0.0,0.0,0,0.0025
244,reversal_1m,0.002510957423008762,0.002510957423008762,1,0.0025
244,ma_gap_12m,-0.004787767224015579,0.004787767224015579,1,0.0025
244,ma_crossover_6_12,-0.0,0.0,0,0.0025
244,vol_3m,0.00039073059183132033,0.00039073059183132033,1,0.0025
244,vol_12m,0.0008365706044628846,0.0008365706044628846,1,0.0025
244,vol_regime_3_12,0.0,0.0,0,0.0025
244,log_volume,0.0,0.0,0,0.0025
244,abnormal_log_volume,0.0004590540186620978,0.0004590540186620978,1,0.0025
244,macro_vix,-0.030312219933213598,0.030312219933213598,1,0.0025
244,macro_epu,0.005394758954403103,0.005394758954403103,1,0.0025
244,macro_credit_spread,0.0026480067882618465,0.0026480067882618465,1,0.0025
244,macro_term_spread,0.007866088564005442,0.007866088564005442,1,0.0025
244,mom_12_1_x_macro_epu,0.002298690462261681,0.002298690462261681,1,0.0025
244,mom_12_1_x_macro_vix,0.0,0.0,0,0.0025
244,tsmom_12_x_macro_epu,0.0,0.0,0,0.0025
244,tsmom_12_x_macro_vix,0.0,0.0,0,0.0025
244,ma_gap_12m_x_macro_epu,0.0,0.0,0,0.0025
244,ma_crossover_6_12_x_macro_vix,0.0,0.0,0,0.0025
244,reversal_1m_x_macro_epu,0.0,0.0,0,0.0025
244,reversal_1m_x_macro_vix,-0.0,0.0,0,0.0025
244,reversal_1m_x_macro_credit_spread,0.0,0.0,0,0.0025
244,abnormal_log_volume_x_macro_epu,0.0,0.0,0,0.0025
244,abnormal_log_volume_x_macro_vix,5.991952880732808e-05,5.991952880732808e-05,1,0.0025
244,log_volume_x_macro_credit_spread,0.0,0.0,0,0.0025
244,vol_regime_3_12_x_macro_vix,0.0,0.0,0,0.0025
244,vol_regime_3_12_x_macro_term_spread,0.0,0.0,0,0.0025
244,vol_12m_x_macro_credit_spread,0.0,0.0,0,0.0025
245,mom_12_1,0.0,0.0,0,0.001
245,mom_6_1,-0.0008684408467731626,0.0008684408467731626,1,0.001
245,mom_3_1,-0.0,0.0,0,0.001
245,tsmom_12,0.0,0.0,0,0.001
245,tsmom_sign_12,0.0010365685172843656,0.0010365685172843656,1,0.001
245,reversal_1m,0.0,0.0,0,0.001
245,ma_gap_12m,-0.0054293732650519295,0.0054293732650519295,1,0.001
245,ma_crossover_6_12,0.0,0.0,0,0.001
245,vol_3m,0.00021666351762065597,0.00021666351762065597,1,0.001
245,vol_12m,0.001843788761038415,0.001843788761038415,1,0.001
245,vol_regime_3_12,0.0,0.0,0,0.001
245,log_volume,-0.00015178287037302869,0.00015178287037302869,1,0.001
245,abnormal_log_volume,-0.004904618210470944,0.004904618210470944,1,0.001
245,macro_vix,-0.036149001491048806,0.036149001491048806,1,0.001
245,macro_epu,0.01218462387538371,0.01218462387538371,1,0.001
245,macro_credit_spread,0.0048833018317757295,0.0048833018317757295,1,0.001
245,macro_term_spread,0.009004737304361656,0.009004737304361656,1,0.001
245,mom_12_1_x_macro_epu,0.0020353510007824352,0.0020353510007824352,1,0.001
245,mom_12_1_x_macro_vix,0.0,0.0,0,0.001
245,tsmom_12_x_macro_epu,0.0,0.0,0,0.001
245,tsmom_12_x_macro_vix,0.0003140691112417477,0.0003140691112417477,1,0.001
245,ma_gap_12m_x_macro_epu,-0.0009794450211137466,0.0009794450211137466,1,0.001
245,ma_crossover_6_12_x_macro_vix,0.00013862432126162346,0.00013862432126162346,1,0.001
245,reversal_1m_x_macro_epu,0.00904165426473783,0.00904165426473783,1,0.001
245,reversal_1m_x_macro_vix,-0.0047525895226672955,0.0047525895226672955,1,0.001
245,reversal_1m_x_macro_credit_spread,0.0,0.0,0,0.001
245,abnormal_log_volume_x_macro_epu,0.009271825326769016,0.009271825326769016,1,0.001
245,abnormal_log_volume_x_macro_vix,0.001295421815578272,0.001295421815578272,1,0.001
245,log_volume_x_macro_credit_spread,0.0,0.0,0,0.001
245,vol_regime_3_12_x_macro_vix,0.0,0.0,0,0.001
245,vol_regime_3_12_x_macro_term_spread,3.718708860714017e-05,3.718708860714017e-05,1,0.001
245,vol_12m_x_macro_credit_spread,0.0,0.0,0,0.001
246,mom_12_1,0.0003762747774922727,0.0003762747774922727,1,0.001
246,mom_6_1,-0.00040184559094595505,0.00040184559094595505,1,0.001
246,mom_3_1,0.0,0.0,0,0.001
246,tsmom_12,0.0,0.0,0,0.001
246,tsmom_sign_12,0.0010083183445271206,0.0010083183445271206,1,0.001
246,reversal_1m,0.0016042600062476052,0.0016042600062476052,1,0.001
246,ma_gap_12m,-0.0071226030081762625,0.0071226030081762625,1,0.001
246,ma_crossover_6_12,0.0,0.0,0,0.001
246,vol_3m,0.0005148462594838549,0.0005148462594838549,1,0.001
246,vol_12m,0.0019243468562119836,0.0019243468562119836,1,0.001
246,vol_regime_3_12,0.0,0.0,0,0.001
246,log_volume,-0.0003700398334732737,0.0003700398334732737,1,0.001
246,abnormal_log_volume,-0.004287651610758147,0.004287651610758147,1,0.001
246,macro_vix,-0.03538622422446146,0.03538622422446146,1,0.001
246,macro_epu,0.015901231767017302,0.015901231767017302,1,0.001
246,macro_credit_spread,0.00473446845467722,0.00473446845467722,1,0.001
246,macro_term_spread,0.009655153793545571,0.009655153793545571,1,0.001
246,mom_12_1_x_macro_epu,0.0016926005544024,0.0016926005544024,1,0.001
246,mom_12_1_x_macro_vix,0.0,0.0,0,0.001
246,tsmom_12_x_macro_epu,0.0,0.0,0,0.001
246,tsmom_12_x_macro_vix,0.0,0.0,0,0.001
246,ma_gap_12m_x_macro_epu,-0.0,0.0,0,0.001
246,ma_crossover_6_12_x_macro_vix,0.000850337180156688,0.000850337180156688,1,0.001
246,reversal_1m_x_macro_epu,0.004305086457935644,0.004305086457935644,1,0.001
246,reversal_1m_x_macro_vix,-0.0025738447743045173,0.0025738447743045173,1,0.001
246,reversal_1m_x_macro_credit_spread,0.0,0.0,0,0.001
246,abnormal_log_volume_x_macro_epu,0.009174465149254445,0.009174465149254445,1,0.001
246,abnormal_log_volume_x_macro_vix,0.0012459419979792173,0.0012459419979792173,1,0.001
246,log_volume_x_macro_credit_spread,0.0,0.0,0,0.001
246,vol_regime_3_12_x_macro_vix,0.0,0.0,0,0.001
246,vol_regime_3_12_x_macro_term_spread,0.0,0.0,0,0.001
246,vol_12m_x_macro_credit_spread,0.0,0.0,0,0.001
247,mom_12_1,0.00017767429718442893,0.00017767429718442893,1,0.001
247,mom_6_1,-0.0007620336451349949,0.0007620336451349949,1,0.001
247,mom_3_1,-0.0,0.0,0,0.001
247,tsmom_12,0.0,0.0,0,0.001
247,tsmom_sign_12,0.001081530182687602,0.001081530182687602,1,0.001
247,reversal_1m,0.0031024810186195146,0.0031024810186195146,1,0.001
247,ma_gap_12m,-0.00653350450629816,0.00653350450629816,1,0.001
247,ma_crossover_6_12,0.0,0.0,0,0.001
247,vol_3m,0.0011590108057854228,0.0011590108057854228,1,0.001
247,vol_12m,0.0021725425499070548,0.0021725425499070548,1,0.001
247,vol_regime_3_12,0.0,0.0,0,0.001
247,log_volume,-0.00029388459716327364,0.00029388459716327364,1,0.001
247,abnormal_log_volume,-0.004238866088994728,0.004238866088994728,1,0.001
247,macro_vix,-0.03425082730781229,0.03425082730781229,1,0.001
247,macro_epu,0.016391756757125245,0.016391756757125245,1,0.001
247,macro_credit_spread,0.004341623436560328,0.004341623436560328,1,0.001
247,macro_term_spread,0.009497905224567027,0.009497905224567027,1,0.001
247,mom_12_1_x_macro_epu,0.002459072115701954,0.002459072115701954,1,0.001
247,mom_12_1_x_macro_vix,0.0,0.0,0,0.001
247,tsmom_12_x_macro_epu,0.0,0.0,0,0.001
247,tsmom_12_x_macro_vix,0.0,0.0,0,0.001
247,ma_gap_12m_x_macro_epu,-0.0,0.0,0,0.001
247,ma_crossover_6_12_x_macro_vix,0.00018003686467957087,0.00018003686467957087,1,0.001
247,reversal_1m_x_macro_epu,0.0037980765677809473,0.0037980765677809473,1,0.001
247,reversal_1m_x_macro_vix,-0.0036920428985174713,0.0036920428985174713,1,0.001
247,reversal_1m_x_macro_credit_spread,0.0,0.0,0,0.001
247,abnormal_log_volume_x_macro_epu,0.009395799544265572,0.009395799544265572,1,0.001
247,abnormal_log_volume_x_macro_vix,0.000988068979611544,0.000988068979611544,1,0.001
247,log_volume_x_macro_credit_spread,0.0,0.0,0,0.001
247,vol_regime_3_12_x_macro_vix,0.0,0.0,0,0.001
247,vol_regime_3_12_x_macro_term_spread,-0.0,0.0,0,0.001
247,vol_12m_x_macro_credit_spread,0.0,0.0,0,0.001
248,mom_12_1,0.0,0.0,0,0.001
248,mom_6_1,-0.0003630188292980412,0.0003630188292980412,1,0.001
248,mom_3_1,0.0,0.0,0,0.001
248,tsmom_12,0.0,0.0,0,0.001
248,tsmom_sign_12,0.0008357154369689205,0.0008357154369689205,1,0.001
248,reversal_1m,0.0030178101436052255,0.0030178101436052255,1,0.001
248,ma_gap_12m,-0.006073042121976749,0.006073042121976749,1,0.001
248,ma_crossover_6_12,0.0,0.0,0,0.001
248,vol_3m,0.0013765573325273564,0.0013765573325273564,1,0.001
248,vol_12m,0.001645027904265681,0.001645027904265681,1,0.001
248,vol_regime_3_12,0.0,0.0,0,0.001
248,log_volume,-0.000516573840019517,0.000516573840019517,1,0.001
248,abnormal_log_volume,-0.003811209089466794,0.003811209089466794,1,0.001
248,macro_vix,-0.034481743896608595,0.034481743896608595,1,0.001
248,macro_epu,0.01774818177696103,0.01774818177696103,1,0.001
248,macro_credit_spread,0.004398972477008684,0.004398972477008684,1,0.001
248,macro_term_spread,0.008919007908759099,0.008919007908759099,1,0.001
248,mom_12_1_x_macro_epu,0.002522912578762016,0.002522912578762016,1,0.001
248,mom_12_1_x_macro_vix,0.0,0.0,0,0.001
248,tsmom_12_x_macro_epu,-0.0,0.0,0,0.001
248,tsmom_12_x_macro_vix,-0.0,0.0,0,0.001
248,ma_gap_12m_x_macro_epu,-0.0,0.0,0,0.001
248,ma_crossover_6_12_x_macro_vix,0.0,0.0,0,0.001
248,reversal_1m_x_macro_epu,0.003490090525645158,0.003490090525645158,1,0.001
248,reversal_1m_x_macro_vix,-0.003565642742821617,0.003565642742821617,1,0.001
248,reversal_1m_x_macro_credit_spread,0.0,0.0,0,0.001
248,abnormal_log_volume_x_macro_epu,0.007048294628589796,0.007048294628589796,1,0.001
248,abnormal_log_volume_x_macro_vix,0.0026462989160323793,0.0026462989160323793,1,0.001
248,log_volume_x_macro_credit_spread,0.0,0.0,0,0.001
248,vol_regime_3_12_x_macro_vix,0.0,0.0,0,0.001
248,vol_regime_3_12_x_macro_term_spread,-0.0,0.0,0,0.001
248,vol_12m_x_macro_credit_spread,0.0,0.0,0,0.001
249,mom_12_1,0.0,0.0,0,0.001
249,mom_6_1,-0.0011506785988982852,0.0011506785988982852,1,0.001
249,mom_3_1,0.0,0.0,0,0.001
249,tsmom_12,0.0,0.0,0,0.001
249,tsmom_sign_12,0.0008750931889005676,0.0008750931889005676,1,0.001
249,reversal_1m,0.0046692724934629505,0.0046692724934629505,1,0.001
249,ma_gap_12m,-0.0054562339757301985,0.0054562339757301985,1,0.001
249,ma_crossover_6_12,-0.0,0.0,0,0.001
249,vol_3m,0.0006261496897508332,0.0006261496897508332,1,0.001
249,vol_12m,0.002813832300629689,0.002813832300629689,1,0.001
249,vol_regime_3_12,0.0,0.0,0,0.001
249,log_volume,-0.0004971196911913541,0.0004971196911913541,1,0.001
249,abnormal_log_volume,-0.0027024253789529047,0.0027024253789529047,1,0.001
249,macro_vix,-0.03299573033750801,0.03299573033750801,1,0.001
249,macro_epu,0.018038272817622297,0.018038272817622297,1,0.001
249,macro_credit_spread,0.00404003059443737,0.00404003059443737,1,0.001
249,macro_term_spread,0.008745113174863867,0.008745113174863867,1,0.001
249,mom_12_1_x_macro_epu,0.0022840402586906407,0.0022840402586906407,1,0.001
249,mom_12_1_x_macro_vix,0.0,0.0,0,0.001
249,tsmom_12_x_macro_epu,-0.0,0.0,0,0.001
249,tsmom_12_x_macro_vix,-0.0,0.0,0,0.001
249,ma_gap_12m_x_macro_epu,-0.0,0.0,0,0.001
249,ma_crossover_6_12_x_macro_vix,0.0,0.0,0,0.001
249,reversal_1m_x_macro_epu,0.004362656775165714,0.004362656775165714,1,0.001
249,reversal_1m_x_macro_vix,-0.006427562856587206,0.006427562856587206,1,0.001
249,reversal_1m_x_macro_credit_spread,0.0,0.0,0,0.001
249,abnormal_log_volume_x_macro_epu,0.006536085686780975,0.006536085686780975,1,0.001
249,abnormal_log_volume_x_macro_vix,0.0017100615209325186,0.0017100615209325186,1,0.001
249,log_volume_x_macro_credit_spread,0.0,0.0,0,0.001
249,vol_regime_3_12_x_macro_vix,0.0,0.0,0,0.001
249,vol_regime_3_12_x_macro_term_spread,0.0,0.0,0,0.001
249,vol_12m_x_macro_credit_spread,0.0,0.0,0,0.001
250,mom_12_1,0.0,0.0,0,0.001
250,mom_6_1,-0.0008035862457317802,0.0008035862457317802,1,0.001
250,mom_3_1,0.0,0.0,0,0.001
250,tsmom_12,0.0,0.0,0,0.001
250,tsmom_sign_12,0.0006573442840639758,0.0006573442840639758,1,0.001
250,reversal_1m,0.004353462858082004,0.004353462858082004,1,0.001
250,ma_gap_12m,-0.005183794214883415,0.005183794214883415,1,0.001
250,ma_crossover_6_12,-0.0,0.0,0,0.001
250,vol_3m,0.00016789671264849393,0.00016789671264849393,1,0.001
250,vol_12m,0.0025573486941465914,0.0025573486941465914,1,0.001
250,vol_regime_3_12,0.0,0.0,0,0.001
250,log_volume,-0.0006255839612437025,0.0006255839612437025,1,0.001
250,abnormal_log_volume,-0.0035303516304357675,0.0035303516304357675,1,0.001
250,macro_vix,-0.033448008989194436,0.033448008989194436,1,0.001
250,macro_epu,0.01782791548260165,0.01782791548260165,1,0.001
250,macro_credit_spread,0.0036464452045219292,0.0036464452045219292,1,0.001
250,macro_term_spread,0.007810080863029845,0.007810080863029845,1,0.001
250,mom_12_1_x_macro_epu,0.0021857616871833645,0.0021857616871833645,1,0.001
250,mom_12_1_x_macro_vix,0.0,0.0,0,0.001
250,tsmom_12_x_macro_epu,-0.0,0.0,0,0.001
250,tsmom_12_x_macro_vix,-0.0,0.0,0,0.001
250,ma_gap_12m_x_macro_epu,-0.0,0.0,0,0.001
250,ma_crossover_6_12_x_macro_vix,-0.0,0.0,0,0.001
250,reversal_1m_x_macro_epu,0.004717542143474927,0.004717542143474927,1,0.001
250,reversal_1m_x_macro_vix,-0.007226071108557461,0.007226071108557461,1,0.001
250,reversal_1m_x_macro_credit_spread,0.0,0.0,0,0.001
250,abnormal_log_volume_x_macro_epu,0.006661106968520813,0.006661106968520813,1,0.001
250,abnormal_log_volume_x_macro_vix,0.0030642578309754277,0.0030642578309754277,1,0.001
250,log_volume_x_macro_credit_spread,0.0,0.0,0,0.001
250,vol_regime_3_12_x_macro_vix,0.0,0.0,0,0.001
250,vol_regime_3_12_x_macro_term_spread,-0.0,0.0,0,0.001
250,vol_12m_x_macro_credit_spread,0.0,0.0,0,0.001
251,mom_12_1,0.0,0.0,0,0.001
251,mom_6_1,0.0,0.0,0,0.001
251,mom_3_1,0.0,0.0,0,0.001
251,tsmom_12,0.0,0.0,0,0.001
251,tsmom_sign_12,0.00046979439744313043,0.00046979439744313043,1,0.001
251,reversal_1m,0.0051245067927244555,0.0051245067927244555,1,0.001
251,ma_gap_12m,-0.005090749251944608,0.005090749251944608,1,0.001
251,ma_crossover_6_12,-0.0,0.0,0,0.001
251,vol_3m,0.0,0.0,0,0.001
251,vol_12m,0.002839261861182677,0.002839261861182677,1,0.001
251,vol_regime_3_12,0.0,0.0,0,0.001
251,log_volume,-0.0008621144371839702,0.0008621144371839702,1,0.001
251,abnormal_log_volume,-0.0013121383936436255,0.0013121383936436255,1,0.001
251,macro_vix,-0.031911951832547046,0.031911951832547046,1,0.001
251,macro_epu,0.01809089790609896,0.01809089790609896,1,0.001
251,macro_credit_spread,0.0018323114398187,0.0018323114398187,1,0.001
251,macro_term_spread,0.0077979975402218986,0.0077979975402218986,1,0.001
251,mom_12_1_x_macro_epu,0.0015965490486917946,0.0015965490486917946,1,0.001
251,mom_12_1_x_macro_vix,-0.0,0.0,0,0.001
251,tsmom_12_x_macro_epu,-0.0,0.0,0,0.001
251,tsmom_12_x_macro_vix,-0.0,0.0,0,0.001
251,ma_gap_12m_x_macro_epu,0.0,0.0,0,0.001
251,ma_crossover_6_12_x_macro_vix,-0.00016633906610002245,0.00016633906610002245,1,0.001
251,reversal_1m_x_macro_epu,0.00447135605298108,0.00447135605298108,1,0.001
251,reversal_1m_x_macro_vix,-0.007301434192534789,0.007301434192534789,1,0.001
251,reversal_1m_x_macro_credit_spread,0.0,0.0,0,0.001
251,abnormal_log_volume_x_macro_epu,0.006343823664858194,0.006343823664858194,1,0.001
251,abnormal_log_volume_x_macro_vix,0.0006872438601499073,0.0006872438601499073,1,0.001
251,log_volume_x_macro_credit_spread,0.0,0.0,0,0.001
251,vol_regime_3_12_x_macro_vix,-0.0,0.0,0,0.001
251,vol_regime_3_12_x_macro_term_spread,-0.0,0.0,0,0.001
251,vol_12m_x_macro_credit_spread,0.0,0.0,0,0.001
252,mom_12_1,0.0,0.0,0,0.001
252,mom_6_1,0.0019075299485093993,0.0019075299485093993,1,0.001
252,mom_3_1,0.0,0.0,0,0.001
252,tsmom_12,0.0,0.0,0,0.001
252,tsmom_sign_12,0.0006621471523518462,0.0006621471523518462,1,0.001
252,reversal_1m,0.004386748284455239,0.004386748284455239,1,0.001
252,ma_gap_12m,-0.006794607829521816,0.006794607829521816,1,0.001
252,ma_crossover_6_12,-0.0,0.0,0,0.001
252,vol_3m,-0.0,0.0,0,0.001
252,vol_12m,0.0035626500235025477,0.0035626500235025477,1,0.001
252,vol_regime_3_12,-0.0,0.0,0,0.001
252,log_volume,-0.0008962046586306502,0.0008962046586306502,1,0.001
252,abnormal_log_volume,-4.958819812773786e-05,4.958819812773786e-05,1,0.001
252,macro_vix,-0.03298826452839568,0.03298826452839568,1,0.001
252,macro_epu,0.02185491394348015,0.02185491394348015,1,0.001
252,macro_credit_spread,0.0011215704613534872,0.0011215704613534872,1,0.001
252,macro_term_spread,0.008356644846433666,0.008356644846433666,1,0.001
252,mom_12_1_x_macro_epu,0.0003987335049402517,0.0003987335049402517,1,0.001
252,mom_12_1_x_macro_vix,0.0,0.0,0,0.001
252,tsmom_12_x_macro_epu,-0.0,0.0,0,0.001
252,tsmom_12_x_macro_vix,0.0,0.0,0,0.001
252,ma_gap_12m_x_macro_epu,0.0,0.0,0,0.001
252,ma_crossover_6_12_x_macro_vix,-0.0,0.0,0,0.001
252,reversal_1m_x_macro_epu,0.006107319043480238,0.006107319043480238,1,0.001
252,reversal_1m_x_macro_vix,-0.008546509671596496,0.008546509671596496,1,0.001
252,reversal_1m_x_macro_credit_spread,0.0,0.0,0,0.001
252,abnormal_log_volume_x_macro_epu,0.0020265107221479777,0.0020265107221479777,1,0.001
252,abnormal_log_volume_x_macro_vix,0.002943221074044003,0.002943221074044003,1,0.001
252,log_volume_x_macro_credit_spread,0.0,0.0,0,0.001
252,vol_regime_3_12_x_macro_vix,-0.0002870366966180388,0.0002870366966180388,1,0.001
252,vol_regime_3_12_x_macro_term_spread,-0.0,0.0,0,0.001
252,vol_12m_x_macro_credit_spread,-0.0,0.0,0,0.001
253,mom_12_1,0.0,0.0,0,0.001
253,mom_6_1,0.0024424400739967494,0.0024424400739967494,1,0.001
253,mom_3_1,-0.0,0.0,0,0.001
253,tsmom_12,0.0,0.0,0,0.001
253,tsmom_sign_12,0.0006205511033225419,0.0006205511033225419,1,0.001
253,reversal_1m,0.004341650897118912,0.004341650897118912,1,0.001
253,ma_gap_12m,-0.00711113885565124,0.00711113885565124,1,0.001
253,ma_crossover_6_12,-0.0,0.0,0,0.001
253,vol_3m,-0.0,0.0,0,0.001
253,vol_12m,0.0034678442365385473,0.0034678442365385473,1,0.001
253,vol_regime_3_12,-0.0,0.0,0,0.001
253,log_volume,-0.0010367512072843184,0.0010367512072843184,1,0.001
253,abnormal_log_volume,-0.0,0.0,0,0.001
253,macro_vix,-0.03306058760210201,0.03306058760210201,1,0.001
253,macro_epu,0.02221856575288075,0.02221856575288075,1,0.001
253,macro_credit_spread,0.0011852307180007884,0.0011852307180007884,1,0.001
253,macro_term_spread,0.007327572859617194,0.007327572859617194,1,0.001
253,mom_12_1_x_macro_epu,0.00043793704394175557,0.00043793704394175557,1,0.001
253,mom_12_1_x_macro_vix,0.0,0.0,0,0.001
253,tsmom_12_x_macro_epu,-0.0,0.0,0,0.001
253,tsmom_12_x_macro_vix,0.0,0.0,0,0.001
253,ma_gap_12m_x_macro_epu,0.0,0.0,0,0.001
253,ma_crossover_6_12_x_macro_vix,-0.0,0.0,0,0.001
253,reversal_1m_x_macro_epu,0.004473910342724849,0.004473910342724849,1,0.001
253,reversal_1m_x_macro_vix,-0.007621024769882495,0.007621024769882495,1,0.001
253,reversal_1m_x_macro_credit_spread,0.0,0.0,0,0.001
253,abnormal_log_volume_x_macro_epu,0.001374426914796113,0.001374426914796113,1,0.001
253,abnormal_log_volume_x_macro_vix,0.003732937420835235,0.003732937420835235,1,0.001
253,log_volume_x_macro_credit_spread,0.0,0.0,0,0.001
253,vol_regime_3_12_x_macro_vix,-0.00023232929695758854,0.00023232929695758854,1,0.001
253,vol_regime_3_12_x_macro_term_spread,-0.0,0.0,0,0.001
253,vol_12m_x_macro_credit_spread,-0.0,0.0,0,0.001
254,mom_12_1,0.0,0.0,0,0.0025
254,mom_6_1,0.0,0.0,0,0.0025
254,mom_3_1,-0.0,0.0,0,0.0025
254,tsmom_12,0.0,0.0,0,0.0025
254,tsmom_sign_12,0.0,0.0,0,0.0025
254,reversal_1m,0.002750107281315146,0.002750107281315146,1,0.0025
254,ma_gap_12m,-0.0027904535621313064,0.0027904535621313064,1,0.0025
254,ma_crossover_6_12,-0.0,0.0,0,0.0025
254,vol_3m,0.0,0.0,0,0.0025
254,vol_12m,0.0035065190989958697,0.0035065190989958697,1,0.0025
254,vol_regime_3_12,-0.0,0.0,0,0.0025
254,log_volume,-0.0,0.0,0,0.0025
254,abnormal_log_volume,0.0,0.0,0,0.0025
254,macro_vix,-0.030234181096634238,0.030234181096634238,1,0.0025
254,macro_epu,0.019254274888788808,0.019254274888788808,1,0.0025
254,macro_credit_spread,0.0,0.0,0,0.0025
254,macro_term_spread,0.0054273704460149185,0.0054273704460149185,1,0.0025
254,mom_12_1_x_macro_epu,0.0,0.0,0,0.0025
254,mom_12_1_x_macro_vix,0.0,0.0,0,0.0025
254,tsmom_12_x_macro_epu,-0.0,0.0,0,0.0025
254,tsmom_12_x_macro_vix,-0.0,0.0,0,0.0025
254,ma_gap_12m_x_macro_epu,-0.0,0.0,0,0.0025
254,ma_crossover_6_12_x_macro_vix,0.0,0.0,0,0.0025
254,reversal_1m_x_macro_epu,0.0,0.0,0,0.0025
254,reversal_1m_x_macro_vix,-0.0,0.0,0,0.0025
254,reversal_1m_x_macro_credit_spread,0.0,0.0,0,0.0025
254,abnormal_log_volume_x_macro_epu,0.0024883587647329575,0.0024883587647329575,1,0.0025
254,abnormal_log_volume_x_macro_vix,0.0016785674656336473,0.0016785674656336473,1,0.0025
254,log_volume_x_macro_credit_spread,0.0,0.0,0,0.0025
254,vol_regime_3_12_x_macro_vix,-0.0,0.0,0,0.0025
254,vol_regime_3_12_x_macro_term_spread,0.0,0.0,0,0.0025
254,vol_12m_x_macro_credit_spread,0.0,0.0,0,0.0025
255,mom_12_1,-0.0,0.0,0,0.0025
255,mom_6_1,0.0,0.0,0,0.0025
255,mom_3_1,0.0,0.0,0,0.0025
255,tsmom_12,-0.0,0.0,0,0.0025
255,tsmom_sign_12,-0.0,0.0,0,0.0025
255,reversal_1m,0.0035600863780237456,0.0035600863780237456,1,0.0025
255,ma_gap_12m,-0.001878302742120492,0.001878302742120492,1,0.0025
255,ma_crossover_6_12,-0.0,0.0,0,0.0025
255,vol_3m,0.0,0.0,0,0.0025
255,vol_12m,0.004618044846221407,0.004618044846221407,1,0.0025
255,vol_regime_3_12,0.0,0.0,0,0.0025
255,log_volume,-1.5591855261130536e-05,1.5591855261130536e-05,1,0.0025
255,abnormal_log_volume,0.0,0.0,0,0.0025
255,macro_vix,-0.029306904946751502,0.029306904946751502,1,0.0025
255,macro_epu,0.01844788764155301,0.01844788764155301,1,0.0025
255,macro_credit_spread,-0.0,0.0,0,0.0025
255,macro_term_spread,0.004690707641101685,0.004690707641101685,1,0.0025
255,mom_12_1_x_macro_epu,-0.0,0.0,0,0.0025
255,mom_12_1_x_macro_vix,-0.0,0.0,0,0.0025
255,tsmom_12_x_macro_epu,-0.0,0.0,0,0.0025
255,tsmom_12_x_macro_vix,-0.0,0.0,0,0.0025
255,ma_gap_12m_x_macro_epu,-0.0,0.0,0,0.0025
255,ma_crossover_6_12_x_macro_vix,0.0,0.0,0,0.0025
255,reversal_1m_x_macro_epu,0.0,0.0,0,0.0025
255,reversal_1m_x_macro_vix,-0.0,0.0,0,0.0025
255,reversal_1m_x_macro_credit_spread,0.0,0.0,0,0.0025
255,abnormal_log_volume_x_macro_epu,0.0036474584848902743,0.0036474584848902743,1,0.0025
255,abnormal_log_volume_x_macro_vix,1.0299643228235365e-05,1.0299643228235365e-05,1,0.0025
255,log_volume_x_macro_credit_spread,-0.0,0.0,0,0.0025
255,vol_regime_3_12_x_macro_vix,-0.0,0.0,0,0.0025
255,vol_regime_3_12_x_macro_term_spread,0.0,0.0,0,0.0025
255,vol_12m_x_macro_credit_spread,-0.0,0.0,0,0.0025
256,mom_12_1,-0.0,0.0,0,0.0025
256,mom_6_1,0.0,0.0,0,0.0025
256,mom_3_1,-0.0,0.0,0,0.0025
256,tsmom_12,-0.0,0.0,0,0.0025
256,tsmom_sign_12,-0.0,0.0,0,0.0025
256,reversal_1m,0.003658821764695025,0.003658821764695025,1,0.0025
256,ma_gap_12m,-0.0016429219430610128,0.0016429219430610128,1,0.0025
256,ma_crossover_6_12,0.0,0.0,0,0.0025
256,vol_3m,0.0,0.0,0,0.0025
256,vol_12m,0.0048746479948978075,0.0048746479948978075,1,0.0025
256,vol_regime_3_12,-0.0,0.0,0,0.0025
256,log_volume,-0.0,0.0,0,0.0025
256,abnormal_log_volume,0.0,0.0,0,0.0025
256,macro_vix,-0.029042026903937243,0.029042026903937243,1,0.0025
256,macro_epu,0.018450389640366188,0.018450389640366188,1,0.0025
256,macro_credit_spread,-0.0,0.0,0,0.0025
256,macro_term_spread,0.0048289856000746315,0.0048289856000746315,1,0.0025
256,mom_12_1_x_macro_epu,-0.0,0.0,0,0.0025
256,mom_12_1_x_macro_vix,-0.0,0.0,0,0.0025
256,tsmom_12_x_macro_epu,-0.0,0.0,0,0.0025
256,tsmom_12_x_macro_vix,-0.00033396128099464197,0.00033396128099464197,1,0.0025
256,ma_gap_12m_x_macro_epu,-0.0,0.0,0,0.0025
256,ma_crossover_6_12_x_macro_vix,0.0,0.0,0,0.0025
256,reversal_1m_x_macro_epu,0.0,0.0,0,0.0025
256,reversal_1m_x_macro_vix,-0.0,0.0,0,0.0025
256,reversal_1m_x_macro_credit_spread,0.0,0.0,0,0.0025
256,abnormal_log_volume_x_macro_epu,0.0034161707866972495,0.0034161707866972495,1,0.0025
256,abnormal_log_volume_x_macro_vix,0.0,0.0,0,0.0025
256,log_volume_x_macro_credit_spread,-0.00012435148822274075,0.00012435148822274075,1,0.0025
256,vol_regime_3_12_x_macro_vix,-0.0,0.0,0,0.0025
256,vol_regime_3_12_x_macro_term_spread,0.0,0.0,0,0.0025
256,vol_12m_x_macro_credit_spread,-0.0,0.0,0,0.0025
257,mom_12_1,-0.0,0.0,0,0.005
257,mom_6_1,-0.0,0.0,0,0.005
257,mom_3_1,-0.0,0.0,0,0.005
257,tsmom_12,-0.0,0.0,0,0.005
257,tsmom_sign_12,-0.0,0.0,0,0.005
257,reversal_1m,0.0025779609036066906,0.0025779609036066906,1,0.005
257,ma_gap_12m,-0.0009511372916498545,0.0009511372916498545,1,0.005
257,ma_crossover_6_12,-0.0,0.0,0,0.005
257,vol_3m,0.0,0.0,0,0.005
257,vol_12m,0.0038576157640580365,0.0038576157640580365,1,0.005
257,vol_regime_3_12,0.0,0.0,0,0.005
257,log_volume,-0.0,0.0,0,0.005
257,abnormal_log_volume,0.0,0.0,0,0.005
257,macro_vix,-0.025577219245551692,0.025577219245551692,1,0.005
257,macro_epu,0.014507142748185141,0.014507142748185141,1,0.005
257,macro_credit_spread,-0.0,0.0,0,0.005
257,macro_term_spread,0.0020034113525847492,0.0020034113525847492,1,0.005
257,mom_12_1_x_macro_epu,-0.0,0.0,0,0.005
257,mom_12_1_x_macro_vix,-0.0,0.0,0,0.005
257,tsmom_12_x_macro_epu,-0.0,0.0,0,0.005
257,tsmom_12_x_macro_vix,-0.0,0.0,0,0.005
257,ma_gap_12m_x_macro_epu,-0.0,0.0,0,0.005
257,ma_crossover_6_12_x_macro_vix,-0.0,0.0,0,0.005
257,reversal_1m_x_macro_epu,0.0,0.0,0,0.005
257,reversal_1m_x_macro_vix,0.0,0.0,0,0.005
257,reversal_1m_x_macro_credit_spread,0.0,0.0,0,0.005
257,abnormal_log_volume_x_macro_epu,0.0028418181856463623,0.0028418181856463623,1,0.005
257,abnormal_log_volume_x_macro_vix,0.0,0.0,0,0.005
257,log_volume_x_macro_credit_spread,-0.0,0.0,0,0.005
257,vol_regime_3_12_x_macro_vix,-0.0,0.0,0,0.005
257,vol_regime_3_12_x_macro_term_spread,0.0,0.0,0,0.005
257,vol_12m_x_macro_credit_spread,0.0,0.0,0,0.005
258,mom_12_1,-0.0,0.0,0,0.005
258,mom_6_1,-0.0,0.0,0,0.005
258,mom_3_1,-0.0,0.0,0,0.005
258,tsmom_12,-0.0,0.0,0,0.005
258,tsmom_sign_12,-0.0,0.0,0,0.005
258,reversal_1m,0.0027627588983708032,0.0027627588983708032,1,0.005
258,ma_gap_12m,-0.0006940842684450687,0.0006940842684450687,1,0.005
258,ma_crossover_6_12,-0.0,0.0,0,0.005
258,vol_3m,0.0,0.0,0,0.005
258,vol_12m,0.0040105823194918795,0.0040105823194918795,1,0.005
258,vol_regime_3_12,0.0,0.0,0,0.005
258,log_volume,-0.0,0.0,0,0.005
258,abnormal_log_volume,0.0,0.0,0,0.005
258,macro_vix,-0.025581761070510828,0.025581761070510828,1,0.005
258,macro_epu,0.014425997755672866,0.014425997755672866,1,0.005
258,macro_credit_spread,-0.0,0.0,0,0.005
258,macro_term_spread,0.0022061140313694824,0.0022061140313694824,1,0.005
258,mom_12_1_x_macro_epu,-0.0,0.0,0,0.005
258,mom_12_1_x_macro_vix,-0.0,0.0,0,0.005
258,tsmom_12_x_macro_epu,-0.0,0.0,0,0.005
258,tsmom_12_x_macro_vix,-0.0,0.0,0,0.005
258,ma_gap_12m_x_macro_epu,-0.0,0.0,0,0.005
258,ma_crossover_6_12_x_macro_vix,-0.0,0.0,0,0.005
258,reversal_1m_x_macro_epu,0.0,0.0,0,0.005
258,reversal_1m_x_macro_vix,0.0,0.0,0,0.005
258,reversal_1m_x_macro_credit_spread,0.0,0.0,0,0.005
258,abnormal_log_volume_x_macro_epu,0.0028943943061117937,0.0028943943061117937,1,0.005
258,abnormal_log_volume_x_macro_vix,0.0,0.0,0,0.005
258,log_volume_x_macro_credit_spread,-0.0,0.0,0,0.005
258,vol_regime_3_12_x_macro_vix,-0.0,0.0,0,0.005
258,vol_regime_3_12_x_macro_term_spread,0.0,0.0,0,0.005
258,vol_12m_x_macro_credit_spread,0.0,0.0,0,0.005
259,mom_12_1,-0.0,0.0,0,0.005
259,mom_6_1,0.0,0.0,0,0.005
259,mom_3_1,-0.0,0.0,0,0.005
259,tsmom_12,-0.0,0.0,0,0.005
259,tsmom_sign_12,-0.0,0.0,0,0.005
259,reversal_1m,0.0028704396374545603,0.0028704396374545603,1,0.005
259,ma_gap_12m,-0.0008947323767835211,0.0008947323767835211,1,0.005
259,ma_crossover_6_12,-0.0,0.0,0,0.005
259,vol_3m,0.0,0.0,0,0.005
259,vol_12m,0.0042666607412367545,0.0042666607412367545,1,0.005
259,vol_regime_3_12,-0.0,0.0,0,0.005
259,log_volume,-0.0,0.0,0,0.005
259,abnormal_log_volume,0.0,0.0,0,0.005
259,macro_vix,-0.025747242374316928,0.025747242374316928,1,0.005
259,macro_epu,0.014747307960805698,0.014747307960805698,1,0.005
259,macro_credit_spread,-0.0,0.0,0,0.005
259,macro_term_spread,0.002991791222783207,0.002991791222783207,1,0.005
259,mom_12_1_x_macro_epu,-0.0,0.0,0,0.005
259,mom_12_1_x_macro_vix,-0.0,0.0,0,0.005
259,tsmom_12_x_macro_epu,-0.0,0.0,0,0.005
259,tsmom_12_x_macro_vix,-0.0,0.0,0,0.005
259,ma_gap_12m_x_macro_epu,-0.0,0.0,0,0.005
259,ma_crossover_6_12_x_macro_vix,0.0,0.0,0,0.005
259,reversal_1m_x_macro_epu,0.0,0.0,0,0.005
259,reversal_1m_x_macro_vix,0.0,0.0,0,0.005
259,reversal_1m_x_macro_credit_spread,0.0,0.0,0,0.005
259,abnormal_log_volume_x_macro_epu,0.0028246559010084446,0.0028246559010084446,1,0.005
259,abnormal_log_volume_x_macro_vix,0.0,0.0,0,0.005
259,log_volume_x_macro_credit_spread,-0.0,0.0,0,0.005
259,vol_regime_3_12_x_macro_vix,-0.0,0.0,0,0.005
259,vol_regime_3_12_x_macro_term_spread,-0.0,0.0,0,0.005
259,vol_12m_x_macro_credit_spread,0.0,0.0,0,0.005
260,mom_12_1,-0.0,0.0,0,0.005
260,mom_6_1,-0.0,0.0,0,0.005
260,mom_3_1,-0.0,0.0,0,0.005
260,tsmom_12,-0.0,0.0,0,0.005
260,tsmom_sign_12,-0.0,0.0,0,0.005
260,reversal_1m,0.002810769045580924,0.002810769045580924,1,0.005
260,ma_gap_12m,-0.0009740316019996699,0.0009740316019996699,1,0.005
260,ma_crossover_6_12,-0.0,0.0,0,0.005
260,vol_3m,0.0,0.0,0,0.005
260,vol_12m,0.003953667553767475,0.003953667553767475,1,0.005
260,vol_regime_3_12,-0.0,0.0,0,0.005
260,log_volume,-0.0,0.0,0,0.005
260,abnormal_log_volume,0.0,0.0,0,0.005
260,macro_vix,-0.025414367517522095,0.025414367517522095,1,0.005
260,macro_epu,0.015014973166080345,0.015014973166080345,1,0.005
260,macro_credit_spread,-0.0,0.0,0,0.005
260,macro_term_spread,0.0034005284406841444,0.0034005284406841444,1,0.005
260,mom_12_1_x_macro_epu,-0.0,0.0,0,0.005
260,mom_12_1_x_macro_vix,-0.0,0.0,0,0.005
260,tsmom_12_x_macro_epu,-0.0,0.0,0,0.005
260,tsmom_12_x_macro_vix,-0.0,0.0,0,0.005
260,ma_gap_12m_x_macro_epu,-0.0,0.0,0,0.005
260,ma_crossover_6_12_x_macro_vix,0.0,0.0,0,0.005
260,reversal_1m_x_macro_epu,0.0,0.0,0,0.005
260,reversal_1m_x_macro_vix,0.0,0.0,0,0.005
260,reversal_1m_x_macro_credit_spread,0.0,0.0,0,0.005
260,abnormal_log_volume_x_macro_epu,0.0028587226830965903,0.0028587226830965903,1,0.005
260,abnormal_log_volume_x_macro_vix,0.0,0.0,0,0.005
260,log_volume_x_macro_credit_spread,-0.0,0.0,0,0.005
260,vol_regime_3_12_x_macro_vix,-0.0,0.0,0,0.005
260,vol_regime_3_12_x_macro_term_spread,-0.0,0.0,0,0.005
260,vol_12m_x_macro_credit_spread,0.0,0.0,0,0.005
261,mom_12_1,-0.0,0.0,0,0.005
261,mom_6_1,-0.0,0.0,0,0.005
261,mom_3_1,-0.0,0.0,0,0.005
261,tsmom_12,-0.0,0.0,0,0.005
261,tsmom_sign_12,-0.0,0.0,0,0.005
261,reversal_1m,0.0031512829704010074,0.0031512829704010074,1,0.005
261,ma_gap_12m,-0.0008401589567065285,0.0008401589567065285,1,0.005
261,ma_crossover_6_12,0.0,0.0,0,0.005
261,vol_3m,0.0,0.0,0,0.005
261,vol_12m,0.004112117930153208,0.004112117930153208,1,0.005
261,vol_regime_3_12,-0.0,0.0,0,0.005
261,log_volume,-0.0,0.0,0,0.005
261,abnormal_log_volume,0.0,0.0,0,0.005
261,macro_vix,-0.024504925318749246,0.024504925318749246,1,0.005
261,macro_epu,0.01576108213817471,0.01576108213817471,1,0.005
261,macro_credit_spread,-0.0,0.0,0,0.005
261,macro_term_spread,0.004242498545400236,0.004242498545400236,1,0.005
261,mom_12_1_x_macro_epu,-0.0,0.0,0,0.005
261,mom_12_1_x_macro_vix,-0.0,0.0,0,0.005
261,tsmom_12_x_macro_epu,-0.0,0.0,0,0.005
261,tsmom_12_x_macro_vix,-0.0,0.0,0,0.005
261,ma_gap_12m_x_macro_epu,-0.0,0.0,0,0.005
261,ma_crossover_6_12_x_macro_vix,0.0,0.0,0,0.005
261,reversal_1m_x_macro_epu,0.0,0.0,0,0.005
261,reversal_1m_x_macro_vix,0.0,0.0,0,0.005
261,reversal_1m_x_macro_credit_spread,0.0,0.0,0,0.005
261,abnormal_log_volume_x_macro_epu,0.0025439408476794797,0.0025439408476794797,1,0.005
261,abnormal_log_volume_x_macro_vix,0.0,0.0,0,0.005
261,log_volume_x_macro_credit_spread,-0.0,0.0,0,0.005
261,vol_regime_3_12_x_macro_vix,-0.0,0.0,0,0.005
261,vol_regime_3_12_x_macro_term_spread,-0.0,0.0,0,0.005
261,vol_12m_x_macro_credit_spread,0.0,0.0,0,0.005
262,mom_12_1,-0.0,0.0,0,0.005
262,mom_6_1,-0.0,0.0,0,0.005
262,mom_3_1,-0.0,0.0,0,0.005
262,tsmom_12,-0.0,0.0,0,0.005
262,tsmom_sign_12,-0.0,0.0,0,0.005
262,reversal_1m,0.003563127838014758,0.003563127838014758,1,0.005
262,ma_gap_12m,-0.0009777895089380056,0.0009777895089380056,1,0.005
262,ma_crossover_6_12,0.0,0.0,0,0.005
262,vol_3m,0.0,0.0,0,0.005
262,vol_12m,0.004486168474860573,0.004486168474860573,1,0.005
262,vol_regime_3_12,-0.0,0.0,0,0.005
262,log_volume,-0.0,0.0,0,0.005
262,abnormal_log_volume,0.0,0.0,0,0.005
262,macro_vix,-0.02252478431678453,0.02252478431678453,1,0.005
262,macro_epu,0.015517581637692391,0.015517581637692391,1,0.005
262,macro_credit_spread,-0.0,0.0,0,0.005
262,macro_term_spread,0.004562499625413611,0.004562499625413611,1,0.005
262,mom_12_1_x_macro_epu,0.0,0.0,0,0.005
262,mom_12_1_x_macro_vix,-0.0,0.0,0,0.005
262,tsmom_12_x_macro_epu,-0.0,0.0,0,0.005
262,tsmom_12_x_macro_vix,-0.0,0.0,0,0.005
262,ma_gap_12m_x_macro_epu,-0.0,0.0,0,0.005
262,ma_crossover_6_12_x_macro_vix,0.0,0.0,0,0.005
262,reversal_1m_x_macro_epu,0.0,0.0,0,0.005
262,reversal_1m_x_macro_vix,0.0,0.0,0,0.005
262,reversal_1m_x_macro_credit_spread,0.0,0.0,0,0.005
262,abnormal_log_volume_x_macro_epu,0.0,0.0,0,0.005
262,abnormal_log_volume_x_macro_vix,0.003309781564216279,0.003309781564216279,1,0.005
262,log_volume_x_macro_credit_spread,-0.0,0.0,0,0.005
262,vol_regime_3_12_x_macro_vix,-0.0,0.0,0,0.005
262,vol_regime_3_12_x_macro_term_spread,-0.0,0.0,0,0.005
262,vol_12m_x_macro_credit_spread,0.0,0.0,0,0.005
263,mom_12_1,-0.013001371761240567,0.013001371761240567,1,5e-05
263,mom_6_1,0.0024307199585833477,0.0024307199585833477,1,5e-05
263,mom_3_1,0.0011648762208163305,0.0011648762208163305,1,5e-05
263,tsmom_12,0.020226007138958967,0.020226007138958967,1,5e-05
263,tsmom_sign_12,0.0002070852822880481,0.0002070852822880481,1,5e-05
263,reversal_1m,0.014584421892425595,0.014584421892425595,1,5e-05
263,ma_gap_12m,-0.00506587686229064,0.00506587686229064,1,5e-05
263,ma_crossover_6_12,-0.011562880954226168,0.011562880954226168,1,5e-05
263,vol_3m,0.0006487034250983658,0.0006487034250983658,1,5e-05
263,vol_12m,0.035623916336467436,0.035623916336467436,1,5e-05
263,vol_regime_3_12,0.000773663770130875,0.000773663770130875,1,5e-05
263,log_volume,-0.0015201042920369486,0.0015201042920369486,1,5e-05
263,abnormal_log_volume,-0.004525376660119052,0.004525376660119052,1,5e-05
263,macro_vix,-0.033340785397994434,0.033340785397994434,1,5e-05
263,macro_epu,0.027908893746882647,0.027908893746882647,1,5e-05
263,macro_credit_spread,0.01023624651450226,0.01023624651450226,1,5e-05
263,macro_term_spread,0.009350553296479111,0.009350553296479111,1,5e-05
263,mom_12_1_x_macro_epu,0.008910711201121996,0.008910711201121996,1,5e-05
263,mom_12_1_x_macro_vix,0.0,0.0,0,5e-05
263,tsmom_12_x_macro_epu,-0.007941115129091705,0.007941115129091705,1,5e-05
263,tsmom_12_x_macro_vix,-0.008990577366365684,0.008990577366365684,1,5e-05
263,ma_gap_12m_x_macro_epu,-0.0009002425813032229,0.0009002425813032229,1,5e-05
263,ma_crossover_6_12_x_macro_vix,0.014471038488179037,0.014471038488179037,1,5e-05
263,reversal_1m_x_macro_epu,0.01888503283403446,0.01888503283403446,1,5e-05
263,reversal_1m_x_macro_vix,-0.02696119629231559,0.02696119629231559,1,5e-05
263,reversal_1m_x_macro_credit_spread,-0.0037516737705580623,0.0037516737705580623,1,5e-05
263,abnormal_log_volume_x_macro_epu,0.0068680253317837375,0.0068680253317837375,1,5e-05
263,abnormal_log_volume_x_macro_vix,0.0025746696877775224,0.0025746696877775224,1,5e-05
263,log_volume_x_macro_credit_spread,0.0008037208229893998,0.0008037208229893998,1,5e-05
263,vol_regime_3_12_x_macro_vix,-0.0015034140684197664,0.0015034140684197664,1,5e-05
263,vol_regime_3_12_x_macro_term_spread,-0.0,0.0,0,5e-05
263,vol_12m_x_macro_credit_spread,-0.03121956700663434,0.03121956700663434,1,5e-05
264,mom_12_1,-0.0,0.0,0,0.005
264,mom_6_1,0.0,0.0,0,0.005
264,mom_3_1,0.0,0.0,0,0.005
264,tsmom_12,-0.0,0.0,0,0.005
264,tsmom_sign_12,-0.0,0.0,0,0.005
264,reversal_1m,0.0027477404766601894,0.0027477404766601894,1,0.005
264,ma_gap_12m,-0.0,0.0,0,0.005
264,ma_crossover_6_12,0.0,0.0,0,0.005
264,vol_3m,0.0,0.0,0,0.005
264,vol_12m,0.004352203265630572,0.004352203265630572,1,0.005
264,vol_regime_3_12,-0.0,0.0,0,0.005
264,log_volume,-0.0,0.0,0,0.005
264,abnormal_log_volume,0.0,0.0,0,0.005
264,macro_vix,-0.02690505117220226,0.02690505117220226,1,0.005
264,macro_epu,0.01858844074041433,0.01858844074041433,1,0.005
264,macro_credit_spread,-0.0,0.0,0,0.005
264,macro_term_spread,0.003787893525078878,0.003787893525078878,1,0.005
264,mom_12_1_x_macro_epu,0.0,0.0,0,0.005
264,mom_12_1_x_macro_vix,0.0,0.0,0,0.005
264,tsmom_12_x_macro_epu,-0.0,0.0,0,0.005
264,tsmom_12_x_macro_vix,-0.0,0.0,0,0.005
264,ma_gap_12m_x_macro_epu,-0.0,0.0,0,0.005
264,ma_crossover_6_12_x_macro_vix,0.0,0.0,0,0.005
264,reversal_1m_x_macro_epu,6.484575741847904e-05,6.484575741847904e-05,1,0.005
264,reversal_1m_x_macro_vix,0.0,0.0,0,0.005
264,reversal_1m_x_macro_credit_spread,0.0,0.0,0,0.005
264,abnormal_log_volume_x_macro_epu,0.002741321255699536,0.002741321255699536,1,0.005
264,abnormal_log_volume_x_macro_vix,0.0,0.0,0,0.005
264,log_volume_x_macro_credit_spread,-0.0,0.0,0,0.005
264,vol_regime_3_12_x_macro_vix,-0.0,0.0,0,0.005
264,vol_regime_3_12_x_macro_term_spread,-0.0,0.0,0,0.005
264,vol_12m_x_macro_credit_spread,0.0,0.0,0,0.005
265,mom_12_1,-0.0,0.0,0,0.005
265,mom_6_1,0.0,0.0,0,0.005
265,mom_3_1,-0.0,0.0,0,0.005
265,tsmom_12,-0.0,0.0,0,0.005
265,tsmom_sign_12,-0.0,0.0,0,0.005
265,reversal_1m,0.002983502051314513,0.002983502051314513,1,0.005
265,ma_gap_12m,-0.0,0.0,0,0.005
265,ma_crossover_6_12,0.0,0.0,0,0.005
265,vol_3m,0.0,0.0,0,0.005
265,vol_12m,0.004461116656000219,0.004461116656000219,1,0.005
265,vol_regime_3_12,-0.0,0.0,0,0.005
265,log_volume,-0.0,0.0,0,0.005
265,abnormal_log_volume,0.0,0.0,0,0.005
265,macro_vix,-0.027037021626382017,0.027037021626382017,1,0.005
265,macro_epu,0.018941489279506576,0.018941489279506576,1,0.005
265,macro_credit_spread,-0.0,0.0,0,0.005
265,macro_term_spread,0.003976925860403027,0.003976925860403027,1,0.005
265,mom_12_1_x_macro_epu,0.0,0.0,0,0.005
265,mom_12_1_x_macro_vix,0.0,0.0,0,0.005
265,tsmom_12_x_macro_epu,-0.0,0.0,0,0.005
265,tsmom_12_x_macro_vix,-0.0,0.0,0,0.005
265,ma_gap_12m_x_macro_epu,-0.0,0.0,0,0.005
265,ma_crossover_6_12_x_macro_vix,0.0,0.0,0,0.005
265,reversal_1m_x_macro_epu,0.00011925316097827917,0.00011925316097827917,1,0.005
265,reversal_1m_x_macro_vix,0.0,0.0,0,0.005
265,reversal_1m_x_macro_credit_spread,0.0,0.0,0,0.005
265,abnormal_log_volume_x_macro_epu,0.002692305321764421,0.002692305321764421,1,0.005
265,abnormal_log_volume_x_macro_vix,0.0,0.0,0,0.005
265,log_volume_x_macro_credit_spread,-0.0,0.0,0,0.005
265,vol_regime_3_12_x_macro_vix,-0.0,0.0,0,0.005
265,vol_regime_3_12_x_macro_term_spread,-0.0,0.0,0,0.005
265,vol_12m_x_macro_credit_spread,0.0,0.0,0,0.005
266,mom_12_1,0.0,0.0,0,0.005
266,mom_6_1,0.0,0.0,0,0.005
266,mom_3_1,-0.0,0.0,0,0.005
266,tsmom_12,-0.0,0.0,0,0.005
266,tsmom_sign_12,-0.0,0.0,0,0.005
266,reversal_1m,0.0025360997991183236,0.0025360997991183236,1,0.005
266,ma_gap_12m,-0.0,0.0,0,0.005
266,ma_crossover_6_12,0.0,0.0,0,0.005
266,vol_3m,0.0,0.0,0,0.005
266,vol_12m,0.003981721366901331,0.003981721366901331,1,0.005
266,vol_regime_3_12,-0.0,0.0,0,0.005
266,log_volume,-0.0,0.0,0,0.005
266,abnormal_log_volume,0.0,0.0,0,0.005
266,macro_vix,-0.0278423998493689,0.0278423998493689,1,0.005
266,macro_epu,0.019404861230892828,0.019404861230892828,1,0.005
266,macro_credit_spread,-0.0,0.0,0,0.005
266,macro_term_spread,0.003625838547239218,0.003625838547239218,1,0.005
266,mom_12_1_x_macro_epu,0.0,0.0,0,0.005
266,mom_12_1_x_macro_vix,0.0,0.0,0,0.005
266,tsmom_12_x_macro_epu,-0.0,0.0,0,0.005
266,tsmom_12_x_macro_vix,-0.0,0.0,0,0.005
266,ma_gap_12m_x_macro_epu,-0.0,0.0,0,0.005
266,ma_crossover_6_12_x_macro_vix,0.0,0.0,0,0.005
266,reversal_1m_x_macro_epu,0.00041817640108854706,0.00041817640108854706,1,0.005
266,reversal_1m_x_macro_vix,0.0,0.0,0,0.005
266,reversal_1m_x_macro_credit_spread,0.0,0.0,0,0.005
266,abnormal_log_volume_x_macro_epu,0.002782626819456481,0.002782626819456481,1,0.005
266,abnormal_log_volume_x_macro_vix,0.0,0.0,0,0.005
266,log_volume_x_macro_credit_spread,-0.0,0.0,0,0.005
266,vol_regime_3_12_x_macro_vix,-0.0,0.0,0,0.005
266,vol_regime_3_12_x_macro_term_spread,-0.0,0.0,0,0.005
266,vol_12m_x_macro_credit_spread,0.0,0.0,0,0.005
267,mom_12_1,0.0,0.0,0,0.005
267,mom_6_1,0.0,0.0,0,0.005
267,mom_3_1,-0.0,0.0,0,0.005
267,tsmom_12,-0.0,0.0,0,0.005
267,tsmom_sign_12,-0.0,0.0,0,0.005
267,reversal_1m,0.0031983625988175083,0.0031983625988175083,1,0.005
267,ma_gap_12m,-0.0,0.0,0,0.005
267,ma_crossover_6_12,0.0,0.0,0,0.005
267,vol_3m,0.0,0.0,0,0.005
267,vol_12m,0.0038762471212107573,0.0038762471212107573,1,0.005
267,vol_regime_3_12,-0.0,0.0,0,0.005
267,log_volume,-0.0,0.0,0,0.005
267,abnormal_log_volume,0.0,0.0,0,0.005
267,macro_vix,-0.027033498325273266,0.027033498325273266,1,0.005
267,macro_epu,0.018749783855954216,0.018749783855954216,1,0.005
267,macro_credit_spread,-0.0009584838046802693,0.0009584838046802693,1,0.005
267,macro_term_spread,0.0036398078829953245,0.0036398078829953245,1,0.005
267,mom_12_1_x_macro_epu,0.0,0.0,0,0.005
267,mom_12_1_x_macro_vix,0.0,0.0,0,0.005
267,tsmom_12_x_macro_epu,-0.0,0.0,0,0.005
267,tsmom_12_x_macro_vix,-0.0,0.0,0,0.005
267,ma_gap_12m_x_macro_epu,-0.0,0.0,0,0.005
267,ma_crossover_6_12_x_macro_vix,0.0,0.0,0,0.005
267,reversal_1m_x_macro_epu,0.0,0.0,0,0.005
267,reversal_1m_x_macro_vix,0.0,0.0,0,0.005
267,reversal_1m_x_macro_credit_spread,0.0,0.0,0,0.005
267,abnormal_log_volume_x_macro_epu,0.0029745205314900378,0.0029745205314900378,1,0.005
267,abnormal_log_volume_x_macro_vix,0.0,0.0,0,0.005
267,log_volume_x_macro_credit_spread,-0.0,0.0,0,0.005
267,vol_regime_3_12_x_macro_vix,-0.0,0.0,0,0.005
267,vol_regime_3_12_x_macro_term_spread,-0.0,0.0,0,0.005
267,vol_12m_x_macro_credit_spread,0.0,0.0,0,0.005
268,mom_12_1,0.0,0.0,0,0.005
268,mom_6_1,0.0,0.0,0,0.005
268,mom_3_1,-0.0,0.0,0,0.005
268,tsmom_12,-0.0,0.0,0,0.005
268,tsmom_sign_12,0.0,0.0,0,0.005
268,reversal_1m,0.003198562576462772,0.003198562576462772,1,0.005
268,ma_gap_12m,-0.0,0.0,0,0.005
268,ma_crossover_6_12,0.0,0.0,0,0.005
268,vol_3m,0.0,0.0,0,0.005
268,vol_12m,0.0039948176854450014,0.0039948176854450014,1,0.005
268,vol_regime_3_12,-0.0,0.0,0,0.005
268,log_volume,-0.0,0.0,0,0.005
268,abnormal_log_volume,0.0,0.0,0,0.005
268,macro_vix,-0.026981379832723272,0.026981379832723272,1,0.005
268,macro_epu,0.01891668246887713,0.01891668246887713,1,0.005
268,macro_credit_spread,-0.001287891209181022,0.001287891209181022,1,0.005
268,macro_term_spread,0.003759305174723454,0.003759305174723454,1,0.005
268,mom_12_1_x_macro_epu,0.0,0.0,0,0.005
268,mom_12_1_x_macro_vix,0.0,0.0,0,0.005
268,tsmom_12_x_macro_epu,-0.0,0.0,0,0.005
268,tsmom_12_x_macro_vix,-0.0,0.0,0,0.005
268,ma_gap_12m_x_macro_epu,-0.0,0.0,0,0.005
268,ma_crossover_6_12_x_macro_vix,0.0,0.0,0,0.005
268,reversal_1m_x_macro_epu,0.0,0.0,0,0.005
268,reversal_1m_x_macro_vix,0.0,0.0,0,0.005
268,reversal_1m_x_macro_credit_spread,0.0,0.0,0,0.005
268,abnormal_log_volume_x_macro_epu,0.0029991130060318793,0.0029991130060318793,1,0.005
268,abnormal_log_volume_x_macro_vix,0.0,0.0,0,0.005
268,log_volume_x_macro_credit_spread,-0.0,0.0,0,0.005
268,vol_regime_3_12_x_macro_vix,-0.0,0.0,0,0.005
268,vol_regime_3_12_x_macro_term_spread,-0.0,0.0,0,0.005
268,vol_12m_x_macro_credit_spread,0.0,0.0,0,0.005
269,mom_12_1,0.0,0.0,0,0.005
269,mom_6_1,0.0,0.0,0,0.005
269,mom_3_1,-0.0,0.0,0,0.005
269,tsmom_12,0.0,0.0,0,0.005
269,tsmom_sign_12,0.0,0.0,0,0.005
269,reversal_1m,0.0032169474383259896,0.0032169474383259896,1,0.005
269,ma_gap_12m,-0.0,0.0,0,0.005
269,ma_crossover_6_12,0.0,0.0,0,0.005
269,vol_3m,0.0,0.0,0,0.005
269,vol_12m,0.0039835789411477775,0.0039835789411477775,1,0.005
269,vol_regime_3_12,-0.0,0.0,0,0.005
269,log_volume,-0.0,0.0,0,0.005
269,abnormal_log_volume,0.0,0.0,0,0.005
269,macro_vix,-0.028231264077687595,0.028231264077687595,1,0.005
269,macro_epu,0.019136359749374096,0.019136359749374096,1,0.005
269,macro_credit_spread,-0.0009541510594796171,0.0009541510594796171,1,0.005
269,macro_term_spread,0.0035815684306084905,0.0035815684306084905,1,0.005
269,mom_12_1_x_macro_epu,0.0,0.0,0,0.005
269,mom_12_1_x_macro_vix,0.0,0.0,0,0.005
269,tsmom_12_x_macro_epu,0.0,0.0,0,0.005
269,tsmom_12_x_macro_vix,-0.0,0.0,0,0.005
269,ma_gap_12m_x_macro_epu,-0.0,0.0,0,0.005
269,ma_crossover_6_12_x_macro_vix,0.0,0.0,0,0.005
269,reversal_1m_x_macro_epu,0.0,0.0,0,0.005
269,reversal_1m_x_macro_vix,0.0,0.0,0,0.005
269,reversal_1m_x_macro_credit_spread,0.0,0.0,0,0.005
269,abnormal_log_volume_x_macro_epu,0.0028216243544480464,0.0028216243544480464,1,0.005
269,abnormal_log_volume_x_macro_vix,0.0,0.0,0,0.005
269,log_volume_x_macro_credit_spread,-0.0,0.0,0,0.005
269,vol_regime_3_12_x_macro_vix,-0.0,0.0,0,0.005
269,vol_regime_3_12_x_macro_term_spread,-0.0,0.0,0,0.005
269,vol_12m_x_macro_credit_spread,0.0,0.0,0,0.005
270,mom_12_1,0.0,0.0,0,0.005
270,mom_6_1,0.0,0.0,0,0.005
270,mom_3_1,-0.0,0.0,0,0.005
270,tsmom_12,-0.0,0.0,0,0.005
270,tsmom_sign_12,-0.0,0.0,0,0.005
270,reversal_1m,0.003565995447086952,0.003565995447086952,1,0.005
270,ma_gap_12m,-0.0,0.0,0,0.005
270,ma_crossover_6_12,0.0,0.0,0,0.005
270,vol_3m,0.0,0.0,0,0.005
270,vol_12m,0.004630853952721505,0.004630853952721505,1,0.005
270,vol_regime_3_12,-0.0,0.0,0,0.005
270,log_volume,0.0,0.0,0,0.005
270,abnormal_log_volume,0.0,0.0,0,0.005
270,macro_vix,-0.027509779082789416,0.027509779082789416,1,0.005
270,macro_epu,0.018297989577819414,0.018297989577819414,1,0.005
270,macro_credit_spread,-0.000321448102210117,0.000321448102210117,1,0.005
270,macro_term_spread,0.0034578190621446315,0.0034578190621446315,1,0.005
270,mom_12_1_x_macro_epu,0.0,0.0,0,0.005
270,mom_12_1_x_macro_vix,0.0,0.0,0,0.005
270,tsmom_12_x_macro_epu,-0.0,0.0,0,0.005
270,tsmom_12_x_macro_vix,-0.0,0.0,0,0.005
270,ma_gap_12m_x_macro_epu,-0.0,0.0,0,0.005
270,ma_crossover_6_12_x_macro_vix,0.0,0.0,0,0.005
270,reversal_1m_x_macro_epu,0.0,0.0,0,0.005
270,reversal_1m_x_macro_vix,0.0,0.0,0,0.005
270,reversal_1m_x_macro_credit_spread,0.0,0.0,0,0.005
270,abnormal_log_volume_x_macro_epu,0.0025978621475910577,0.0025978621475910577,1,0.005
270,abnormal_log_volume_x_macro_vix,0.0,0.0,0,0.005
270,log_volume_x_macro_credit_spread,-0.0,0.0,0,0.005
270,vol_regime_3_12_x_macro_vix,-0.0,0.0,0,0.005
270,vol_regime_3_12_x_macro_term_spread,-0.0,0.0,0,0.005
270,vol_12m_x_macro_credit_spread,0.0,0.0,0,0.005
271,mom_12_1,-0.0,0.0,0,0.0025
271,mom_6_1,0.0,0.0,0,0.0025
271,mom_3_1,-0.0,0.0,0,0.0025
271,tsmom_12,-0.0,0.0,0,0.0025
271,tsmom_sign_12,-0.0,0.0,0,0.0025
271,reversal_1m,0.0038541273038175013,0.0038541273038175013,1,0.0025
271,ma_gap_12m,-0.0,0.0,0,0.0025
271,ma_crossover_6_12,0.0,0.0,0,0.0025
271,vol_3m,-0.0,0.0,0,0.0025
271,vol_12m,0.005838064588084816,0.005838064588084816,1,0.0025
271,vol_regime_3_12,-0.0,0.0,0,0.0025
271,log_volume,-0.0,0.0,0,0.0025
271,abnormal_log_volume,0.0,0.0,0,0.0025
271,macro_vix,-0.03202467632819709,0.03202467632819709,1,0.0025
271,macro_epu,0.023155829962865724,0.023155829962865724,1,0.0025
271,macro_credit_spread,-0.0007833697609719011,0.0007833697609719011,1,0.0025
271,macro_term_spread,0.006726365032141886,0.006726365032141886,1,0.0025
271,mom_12_1_x_macro_epu,-0.0,0.0,0,0.0025
271,mom_12_1_x_macro_vix,-0.0,0.0,0,0.0025
271,tsmom_12_x_macro_epu,-0.0,0.0,0,0.0025
271,tsmom_12_x_macro_vix,-0.0,0.0,0,0.0025
271,ma_gap_12m_x_macro_epu,0.0,0.0,0,0.0025
271,ma_crossover_6_12_x_macro_vix,0.000819770025702546,0.000819770025702546,1,0.0025
271,reversal_1m_x_macro_epu,0.001378866223497396,0.001378866223497396,1,0.0025
271,reversal_1m_x_macro_vix,-0.0,0.0,0,0.0025
271,reversal_1m_x_macro_credit_spread,0.0,0.0,0,0.0025
271,abnormal_log_volume_x_macro_epu,0.003452477721193553,0.003452477721193553,1,0.0025
271,abnormal_log_volume_x_macro_vix,0.0,0.0,0,0.0025
271,log_volume_x_macro_credit_spread,-0.0005808064290068214,0.0005808064290068214,1,0.0025
271,vol_regime_3_12_x_macro_vix,-0.00036531694366706194,0.00036531694366706194,1,0.0025
271,vol_regime_3_12_x_macro_term_spread,-0.0,0.0,0,0.0025
271,vol_12m_x_macro_credit_spread,0.0,0.0,0,0.0025
272,mom_12_1,-0.0,0.0,0,0.0025
272,mom_6_1,0.0,0.0,0,0.0025
272,mom_3_1,-0.0,0.0,0,0.0025
272,tsmom_12,-0.0,0.0,0,0.0025
272,tsmom_sign_12,-0.0,0.0,0,0.0025
272,reversal_1m,0.004539022606846253,0.004539022606846253,1,0.0025
272,ma_gap_12m,-0.0,0.0,0,0.0025
272,ma_crossover_6_12,0.0,0.0,0,0.0025
272,vol_3m,-0.0,0.0,0,0.0025
272,vol_12m,0.006341478877809884,0.006341478877809884,1,0.0025
272,vol_regime_3_12,-0.0,0.0,0,0.0025
272,log_volume,-0.0,0.0,0,0.0025
272,abnormal_log_volume,0.0,0.0,0,0.0025
272,macro_vix,-0.03194585962289798,0.03194585962289798,1,0.0025
272,macro_epu,0.023068713156105078,0.023068713156105078,1,0.0025
272,macro_credit_spread,-0.0005340207250585672,0.0005340207250585672,1,0.0025
272,macro_term_spread,0.005968204600395894,0.005968204600395894,1,0.0025
272,mom_12_1_x_macro_epu,-0.0,0.0,0,0.0025
272,mom_12_1_x_macro_vix,-0.0,0.0,0,0.0025
272,tsmom_12_x_macro_epu,-0.0,0.0,0,0.0025
272,tsmom_12_x_macro_vix,-0.0,0.0,0,0.0025
272,ma_gap_12m_x_macro_epu,-0.0,0.0,0,0.0025
272,ma_crossover_6_12_x_macro_vix,0.0001992420921561952,0.0001992420921561952,1,0.0025
272,reversal_1m_x_macro_epu,0.0017068822601356223,0.0017068822601356223,1,0.0025
272,reversal_1m_x_macro_vix,-0.0,0.0,0,0.0025
272,reversal_1m_x_macro_credit_spread,0.0,0.0,0,0.0025
272,abnormal_log_volume_x_macro_epu,0.00355911283086912,0.00355911283086912,1,0.0025
272,abnormal_log_volume_x_macro_vix,0.0,0.0,0,0.0025
272,log_volume_x_macro_credit_spread,-0.0010495684489861342,0.0010495684489861342,1,0.0025
272,vol_regime_3_12_x_macro_vix,-0.00043212288070722634,0.00043212288070722634,1,0.0025
272,vol_regime_3_12_x_macro_term_spread,-0.0,0.0,0,0.0025
272,vol_12m_x_macro_credit_spread,-0.0,0.0,0,0.0025
273,mom_12_1,-0.0,0.0,0,0.0025
273,mom_6_1,0.0,0.0,0,0.0025
273,mom_3_1,-0.0,0.0,0,0.0025
273,tsmom_12,-0.0,0.0,0,0.0025
273,tsmom_sign_12,-0.0,0.0,0,0.0025
273,reversal_1m,0.004442223224105526,0.004442223224105526,1,0.0025
273,ma_gap_12m,-0.0,0.0,0,0.0025
273,ma_crossover_6_12,-0.0,0.0,0,0.0025
273,vol_3m,-0.0,0.0,0,0.0025
273,vol_12m,0.006112852451086281,0.006112852451086281,1,0.0025
273,vol_regime_3_12,-0.0,0.0,0,0.0025
273,log_volume,-0.0,0.0,0,0.0025
273,abnormal_log_volume,0.0,0.0,0,0.0025
273,macro_vix,-0.031928332688488215,0.031928332688488215,1,0.0025
273,macro_epu,0.023097692165862164,0.023097692165862164,1,0.0025
273,macro_credit_spread,-0.0008505781419248138,0.0008505781419248138,1,0.0025
273,macro_term_spread,0.005969191847928165,0.005969191847928165,1,0.0025
273,mom_12_1_x_macro_epu,-0.0,0.0,0,0.0025
273,mom_12_1_x_macro_vix,0.0,0.0,0,0.0025
273,tsmom_12_x_macro_epu,-0.0,0.0,0,0.0025
273,tsmom_12_x_macro_vix,-0.0,0.0,0,0.0025
273,ma_gap_12m_x_macro_epu,-0.0,0.0,0,0.0025
273,ma_crossover_6_12_x_macro_vix,0.0002853274459191531,0.0002853274459191531,1,0.0025
273,reversal_1m_x_macro_epu,0.0017432528747286153,0.0017432528747286153,1,0.0025
273,reversal_1m_x_macro_vix,-0.0,0.0,0,0.0025
273,reversal_1m_x_macro_credit_spread,0.0,0.0,0,0.0025
273,abnormal_log_volume_x_macro_epu,0.003567875065949135,0.003567875065949135,1,0.0025
273,abnormal_log_volume_x_macro_vix,0.0,0.0,0,0.0025
273,log_volume_x_macro_credit_spread,-0.0010954396911203208,0.0010954396911203208,1,0.0025
273,vol_regime_3_12_x_macro_vix,-0.0003234619842130759,0.0003234619842130759,1,0.0025
273,vol_regime_3_12_x_macro_term_spread,-0.0,0.0,0,0.0025
273,vol_12m_x_macro_credit_spread,-0.0,0.0,0,0.0025
274,mom_12_1,-0.0,0.0,0,0.0025
274,mom_6_1,0.0,0.0,0,0.0025
274,mom_3_1,-0.0,0.0,0,0.0025
274,tsmom_12,-0.0,0.0,0,0.0025
274,tsmom_sign_12,-0.0,0.0,0,0.0025
274,reversal_1m,0.0040025129949806644,0.0040025129949806644,1,0.0025
274,ma_gap_12m,-0.0,0.0,0,0.0025
274,ma_crossover_6_12,-0.0,0.0,0,0.0025
274,vol_3m,-0.0,0.0,0,0.0025
274,vol_12m,0.005879505145168327,0.005879505145168327,1,0.0025
274,vol_regime_3_12,-0.0,0.0,0,0.0025
274,log_volume,-0.0,0.0,0,0.0025
274,abnormal_log_volume,0.0,0.0,0,0.0025
274,macro_vix,-0.03350712295817434,0.03350712295817434,1,0.0025
274,macro_epu,0.02387048551551741,0.02387048551551741,1,0.0025
274,macro_credit_spread,-0.0004647735144772333,0.0004647735144772333,1,0.0025
274,macro_term_spread,0.006491054121265055,0.006491054121265055,1,0.0025
274,mom_12_1_x_macro_epu,-0.0,0.0,0,0.0025
274,mom_12_1_x_macro_vix,0.0,0.0,0,0.0025
274,tsmom_12_x_macro_epu,-0.0,0.0,0,0.0025
274,tsmom_12_x_macro_vix,-0.0,0.0,0,0.0025
274,ma_gap_12m_x_macro_epu,-0.0,0.0,0,0.0025
274,ma_crossover_6_12_x_macro_vix,0.0008648613549606614,0.0008648613549606614,1,0.0025
274,reversal_1m_x_macro_epu,0.0019571608138474906,0.0019571608138474906,1,0.0025
274,reversal_1m_x_macro_vix,-0.0,0.0,0,0.0025
274,reversal_1m_x_macro_credit_spread,0.0,0.0,0,0.0025
274,abnormal_log_volume_x_macro_epu,0.0038920099277370774,0.0038920099277370774,1,0.0025
274,abnormal_log_volume_x_macro_vix,0.0,0.0,0,0.0025
274,log_volume_x_macro_credit_spread,-0.0011989625637001862,0.0011989625637001862,1,0.0025
274,vol_regime_3_12_x_macro_vix,-0.0007131140819239372,0.0007131140819239372,1,0.0025
274,vol_regime_3_12_x_macro_term_spread,-0.0,0.0,0,0.0025
274,vol_12m_x_macro_credit_spread,-0.0,0.0,0,0.0025
275,mom_12_1,-0.0,0.0,0,0.0025
275,mom_6_1,0.0,0.0,0,0.0025
275,mom_3_1,-0.0,0.0,0,0.0025
275,tsmom_12,-0.0,0.0,0,0.0025
275,tsmom_sign_12,-0.0,0.0,0,0.0025
275,reversal_1m,0.0052971418490051995,0.0052971418490051995,1,0.0025
275,ma_gap_12m,-0.0,0.0,0,0.0025
275,ma_crossover_6_12,-0.0,0.0,0,0.0025
275,vol_3m,-0.0,0.0,0,0.0025
275,vol_12m,0.006097368692006934,0.006097368692006934,1,0.0025
275,vol_regime_3_12,-0.0,0.0,0,0.0025
275,log_volume,-0.0,0.0,0,0.0025
275,abnormal_log_volume,0.0,0.0,0,0.0025
275,macro_vix,-0.032456377224673545,0.032456377224673545,1,0.0025
275,macro_epu,0.02249705943376621,0.02249705943376621,1,0.0025
275,macro_credit_spread,-0.000867712457564746,0.000867712457564746,1,0.0025
275,macro_term_spread,0.004429295729868035,0.004429295729868035,1,0.0025
275,mom_12_1_x_macro_epu,0.0,0.0,0,0.0025
275,mom_12_1_x_macro_vix,0.0,0.0,0,0.0025
275,tsmom_12_x_macro_epu,-0.0,0.0,0,0.0025
275,tsmom_12_x_macro_vix,-0.0,0.0,0,0.0025
275,ma_gap_12m_x_macro_epu,-0.0,0.0,0,0.0025
275,ma_crossover_6_12_x_macro_vix,0.00037118816580349116,0.00037118816580349116,1,0.0025
275,reversal_1m_x_macro_epu,0.001599764936310678,0.001599764936310678,1,0.0025
275,reversal_1m_x_macro_vix,-0.0,0.0,0,0.0025
275,reversal_1m_x_macro_credit_spread,0.0,0.0,0,0.0025
275,abnormal_log_volume_x_macro_epu,0.0036217957856101136,0.0036217957856101136,1,0.0025
275,abnormal_log_volume_x_macro_vix,0.0,0.0,0,0.0025
275,log_volume_x_macro_credit_spread,-0.000961341127925608,0.000961341127925608,1,0.0025
275,vol_regime_3_12_x_macro_vix,-0.0004400631728294564,0.0004400631728294564,1,0.0025
275,vol_regime_3_12_x_macro_term_spread,-0.0,0.0,0,0.0025
275,vol_12m_x_macro_credit_spread,-0.0,0.0,0,0.0025
276,mom_12_1,-0.0,0.0,0,0.005
276,mom_6_1,0.0,0.0,0,0.005
276,mom_3_1,-0.0,0.0,0,0.005
276,tsmom_12,-0.0,0.0,0,0.005
276,tsmom_sign_12,-0.0,0.0,0,0.005
276,reversal_1m,0.005017695395259809,0.005017695395259809,1,0.005
276,ma_gap_12m,-0.0,0.0,0,0.005
276,ma_crossover_6_12,0.0,0.0,0,0.005
276,vol_3m,0.0,0.0,0,0.005
276,vol_12m,0.004713447422413908,0.004713447422413908,1,0.005
276,vol_regime_3_12,-0.0,0.0,0,0.005
276,log_volume,-0.0,0.0,0,0.005
276,abnormal_log_volume,0.0,0.0,0,0.005
276,macro_vix,-0.0298312725050878,0.0298312725050878,1,0.005
276,macro_epu,0.018734120769023862,0.018734120769023862,1,0.005
276,macro_credit_spread,-0.0004112118988597806,0.0004112118988597806,1,0.005
276,macro_term_spread,0.0005204558846574364,0.0005204558846574364,1,0.005
276,mom_12_1_x_macro_epu,0.0,0.0,0,0.005
276,mom_12_1_x_macro_vix,0.0,0.0,0,0.005
276,tsmom_12_x_macro_epu,-0.0,0.0,0,0.005
276,tsmom_12_x_macro_vix,-0.0,0.0,0,0.005
276,ma_gap_12m_x_macro_epu,-0.0,0.0,0,0.005
276,ma_crossover_6_12_x_macro_vix,0.0,0.0,0,0.005
276,reversal_1m_x_macro_epu,0.0,0.0,0,0.005
276,reversal_1m_x_macro_vix,0.0,0.0,0,0.005
276,reversal_1m_x_macro_credit_spread,0.0,0.0,0,0.005
276,abnormal_log_volume_x_macro_epu,0.0026747557093093127,0.0026747557093093127,1,0.005
276,abnormal_log_volume_x_macro_vix,0.0,0.0,0,0.005
276,log_volume_x_macro_credit_spread,-0.0,0.0,0,0.005
276,vol_regime_3_12_x_macro_vix,-0.0,0.0,0,0.005
276,vol_regime_3_12_x_macro_term_spread,-0.0,0.0,0,0.005
276,vol_12m_x_macro_credit_spread,0.0,0.0,0,0.005
277,mom_12_1,0.0,0.0,0,0.005
277,mom_6_1,0.0,0.0,0,0.005
277,mom_3_1,-0.0,0.0,0,0.005
277,tsmom_12,-0.0,0.0,0,0.005
277,tsmom_sign_12,-0.0,0.0,0,0.005
277,reversal_1m,0.005098578263684211,0.005098578263684211,1,0.005
277,ma_gap_12m,-0.0,0.0,0,0.005
277,ma_crossover_6_12,0.0,0.0,0,0.005
277,vol_3m,0.0,0.0,0,0.005
277,vol_12m,0.004300639599658865,0.004300639599658865,1,0.005
277,vol_regime_3_12,-0.0,0.0,0,0.005
277,log_volume,-0.0,0.0,0,0.005
277,abnormal_log_volume,0.0,0.0,0,0.005
277,macro_vix,-0.03021874744395238,0.03021874744395238,1,0.005
277,macro_epu,0.019703985179830408,0.019703985179830408,1,0.005
277,macro_credit_spread,-0.00027042364142536713,0.00027042364142536713,1,0.005
277,macro_term_spread,0.0016936239342488842,0.0016936239342488842,1,0.005
277,mom_12_1_x_macro_epu,0.0,0.0,0,0.005
277,mom_12_1_x_macro_vix,0.0,0.0,0,0.005
277,tsmom_12_x_macro_epu,-0.0,0.0,0,0.005
277,tsmom_12_x_macro_vix,-0.0,0.0,0,0.005
277,ma_gap_12m_x_macro_epu,-0.0,0.0,0,0.005
277,ma_crossover_6_12_x_macro_vix,0.0,0.0,0,0.005
277,reversal_1m_x_macro_epu,0.0,0.0,0,0.005
277,reversal_1m_x_macro_vix,0.0,0.0,0,0.005
277,reversal_1m_x_macro_credit_spread,0.0,0.0,0,0.005
277,abnormal_log_volume_x_macro_epu,0.002542045906671561,0.002542045906671561,1,0.005
277,abnormal_log_volume_x_macro_vix,0.0,0.0,0,0.005
277,log_volume_x_macro_credit_spread,-0.0,0.0,0,0.005
277,vol_regime_3_12_x_macro_vix,-0.0,0.0,0,0.005
277,vol_regime_3_12_x_macro_term_spread,-0.0,0.0,0,0.005
277,vol_12m_x_macro_credit_spread,0.0,0.0,0,0.005
278,mom_12_1,-0.0,0.0,0,0.005
278,mom_6_1,0.0,0.0,0,0.005
278,mom_3_1,0.0,0.0,0,0.005
278,tsmom_12,-0.0,0.0,0,0.005
278,tsmom_sign_12,-0.0,0.0,0,0.005
278,reversal_1m,0.005746746626347623,0.005746746626347623,1,0.005
278,ma_gap_12m,-0.0,0.0,0,0.005
278,ma_crossover_6_12,0.0,0.0,0,0.005
278,vol_3m,0.0,0.0,0,0.005
278,vol_12m,0.004797605513243678,0.004797605513243678,1,0.005
278,vol_regime_3_12,-0.0,0.0,0,0.005
278,log_volume,-0.0,0.0,0,0.005
278,abnormal_log_volume,0.0,0.0,0,0.005
278,macro_vix,-0.02958750812454762,0.02958750812454762,1,0.005
278,macro_epu,0.018202996943168712,0.018202996943168712,1,0.005
278,macro_credit_spread,-0.0008174012524000045,0.0008174012524000045,1,0.005
278,macro_term_spread,0.0,0.0,0,0.005
278,mom_12_1_x_macro_epu,0.0,0.0,0,0.005
278,mom_12_1_x_macro_vix,0.0,0.0,0,0.005
278,tsmom_12_x_macro_epu,-0.0,0.0,0,0.005
278,tsmom_12_x_macro_vix,-0.0,0.0,0,0.005
278,ma_gap_12m_x_macro_epu,-0.0,0.0,0,0.005
278,ma_crossover_6_12_x_macro_vix,0.0,0.0,0,0.005
278,reversal_1m_x_macro_epu,0.0,0.0,0,0.005
278,reversal_1m_x_macro_vix,0.0,0.0,0,0.005
278,reversal_1m_x_macro_credit_spread,0.0,0.0,0,0.005
278,abnormal_log_volume_x_macro_epu,0.0027405293569867676,0.0027405293569867676,1,0.005
278,abnormal_log_volume_x_macro_vix,0.0,0.0,0,0.005
278,log_volume_x_macro_credit_spread,-0.0,0.0,0,0.005
278,vol_regime_3_12_x_macro_vix,-0.0,0.0,0,0.005
278,vol_regime_3_12_x_macro_term_spread,-0.0,0.0,0,0.005
278,vol_12m_x_macro_credit_spread,0.0,0.0,0,0.005
279,mom_12_1,-0.0,0.0,0,0.005
279,mom_6_1,0.0,0.0,0,0.005
279,mom_3_1,0.0,0.0,0,0.005
279,tsmom_12,-0.0,0.0,0,0.005
279,tsmom_sign_12,-0.0,0.0,0,0.005
279,reversal_1m,0.005869732374279442,0.005869732374279442,1,0.005
279,ma_gap_12m,-0.0,0.0,0,0.005
279,ma_crossover_6_12,0.0,0.0,0,0.005
279,vol_3m,0.0,0.0,0,0.005
279,vol_12m,0.004821144995706665,0.004821144995706665,1,0.005
279,vol_regime_3_12,-0.0,0.0,0,0.005
279,log_volume,-0.0,0.0,0,0.005
279,abnormal_log_volume,0.0,0.0,0,0.005
279,macro_vix,-0.029692610381051053,0.029692610381051053,1,0.005
279,macro_epu,0.018557218162877816,0.018557218162877816,1,0.005
279,macro_credit_spread,-0.0009278452152005379,0.0009278452152005379,1,0.005
279,macro_term_spread,0.000542559496983589,0.000542559496983589,1,0.005
279,mom_12_1_x_macro_epu,0.0,0.0,0,0.005
279,mom_12_1_x_macro_vix,0.0,0.0,0,0.005
279,tsmom_12_x_macro_epu,-0.0,0.0,0,0.005
279,tsmom_12_x_macro_vix,-0.0,0.0,0,0.005
279,ma_gap_12m_x_macro_epu,-0.0,0.0,0,0.005
279,ma_crossover_6_12_x_macro_vix,0.0,0.0,0,0.005
279,reversal_1m_x_macro_epu,0.0,0.0,0,0.005
279,reversal_1m_x_macro_vix,0.0,0.0,0,0.005
279,reversal_1m_x_macro_credit_spread,0.0,0.0,0,0.005
279,abnormal_log_volume_x_macro_epu,0.002769723151092562,0.002769723151092562,1,0.005
279,abnormal_log_volume_x_macro_vix,0.0,0.0,0,0.005
279,log_volume_x_macro_credit_spread,-0.0,0.0,0,0.005
279,vol_regime_3_12_x_macro_vix,-0.0,0.0,0,0.005
279,vol_regime_3_12_x_macro_term_spread,-0.0,0.0,0,0.005
279,vol_12m_x_macro_credit_spread,0.0,0.0,0,0.005
280,mom_12_1,-0.0,0.0,0,0.005
280,mom_6_1,0.0,0.0,0,0.005
280,mom_3_1,0.0,0.0,0,0.005
280,tsmom_12,-0.0,0.0,0,0.005
280,tsmom_sign_12,-0.0,0.0,0,0.005
280,reversal_1m,0.005743347125381933,0.005743347125381933,1,0.005
280,ma_gap_12m,-0.0,0.0,0,0.005
280,ma_crossover_6_12,0.0,0.0,0,0.005
280,vol_3m,0.0,0.0,0,0.005
280,vol_12m,0.004750771255439594,0.004750771255439594,1,0.005
280,vol_regime_3_12,-0.0,0.0,0,0.005
280,log_volume,-0.0,0.0,0,0.005
280,abnormal_log_volume,0.0,0.0,0,0.005
280,macro_vix,-0.029281442242861482,0.029281442242861482,1,0.005
280,macro_epu,0.018594816209943472,0.018594816209943472,1,0.005
280,macro_credit_spread,-0.0012372472186758787,0.0012372472186758787,1,0.005
280,macro_term_spread,0.001161715838771868,0.001161715838771868,1,0.005
280,mom_12_1_x_macro_epu,0.0,0.0,0,0.005
280,mom_12_1_x_macro_vix,0.0,0.0,0,0.005
280,tsmom_12_x_macro_epu,-0.0,0.0,0,0.005
280,tsmom_12_x_macro_vix,-0.0,0.0,0,0.005
280,ma_gap_12m_x_macro_epu,-0.0,0.0,0,0.005
280,ma_crossover_6_12_x_macro_vix,0.0,0.0,0,0.005
280,reversal_1m_x_macro_epu,0.0,0.0,0,0.005
280,reversal_1m_x_macro_vix,0.0,0.0,0,0.005
280,reversal_1m_x_macro_credit_spread,0.0,0.0,0,0.005
280,abnormal_log_volume_x_macro_epu,0.002950704868930799,0.002950704868930799,1,0.005
280,abnormal_log_volume_x_macro_vix,0.0,0.0,0,0.005
280,log_volume_x_macro_credit_spread,-0.0,0.0,0,0.005
280,vol_regime_3_12_x_macro_vix,-0.0,0.0,0,0.005
280,vol_regime_3_12_x_macro_term_spread,-0.0,0.0,0,0.005
280,vol_12m_x_macro_credit_spread,0.0,0.0,0,0.005
281,mom_12_1,-0.0,0.0,0,0.005
281,mom_6_1,0.0,0.0,0,0.005
281,mom_3_1,-0.0,0.0,0,0.005
281,tsmom_12,-0.0,0.0,0,0.005
281,tsmom_sign_12,-0.0,0.0,0,0.005
281,reversal_1m,0.0056680156621089755,0.0056680156621089755,1,0.005
281,ma_gap_12m,-0.0,0.0,0,0.005
281,ma_crossover_6_12,0.0,0.0,0,0.005
281,vol_3m,0.0,0.0,0,0.005
281,vol_12m,0.00448550929377147,0.00448550929377147,1,0.005
281,vol_regime_3_12,-0.0,0.0,0,0.005
281,log_volume,-0.0,0.0,0,0.005
281,abnormal_log_volume,0.0,0.0,0,0.005
281,macro_vix,-0.0291176428691927,0.0291176428691927,1,0.005
281,macro_epu,0.018854251566290087,0.018854251566290087,1,0.005
281,macro_credit_spread,-0.0013013391292640483,0.0013013391292640483,1,0.005
281,macro_term_spread,0.001758793863211997,0.001758793863211997,1,0.005
281,mom_12_1_x_macro_epu,0.0,0.0,0,0.005
281,mom_12_1_x_macro_vix,0.0,0.0,0,0.005
281,tsmom_12_x_macro_epu,-0.0,0.0,0,0.005
281,tsmom_12_x_macro_vix,-0.0,0.0,0,0.005
281,ma_gap_12m_x_macro_epu,-0.0,0.0,0,0.005
281,ma_crossover_6_12_x_macro_vix,0.0,0.0,0,0.005
281,reversal_1m_x_macro_epu,0.0,0.0,0,0.005
281,reversal_1m_x_macro_vix,0.0,0.0,0,0.005
281,reversal_1m_x_macro_credit_spread,0.0,0.0,0,0.005
281,abnormal_log_volume_x_macro_epu,0.002778716704764828,0.002778716704764828,1,0.005
281,abnormal_log_volume_x_macro_vix,0.0,0.0,0,0.005
281,log_volume_x_macro_credit_spread,-0.0,0.0,0,0.005
281,vol_regime_3_12_x_macro_vix,-0.0,0.0,0,0.005
281,vol_regime_3_12_x_macro_term_spread,-0.0,0.0,0,0.005
281,vol_12m_x_macro_credit_spread,0.0,0.0,0,0.005
282,mom_12_1,-0.0,0.0,0,0.005
282,mom_6_1,0.0,0.0,0,0.005
282,mom_3_1,0.0,0.0,0,0.005
282,tsmom_12,-0.0,0.0,0,0.005
282,tsmom_sign_12,-0.0,0.0,0,0.005
282,reversal_1m,0.005584756677001054,0.005584756677001054,1,0.005
282,ma_gap_12m,-0.0,0.0,0,0.005
282,ma_crossover_6_12,-0.0,0.0,0,0.005
282,vol_3m,0.0,0.0,0,0.005
282,vol_12m,0.004438956277818428,0.004438956277818428,1,0.005
282,vol_regime_3_12,-0.0,0.0,0,0.005
282,log_volume,-0.0,0.0,0,0.005
282,abnormal_log_volume,0.0,0.0,0,0.005
282,macro_vix,-0.028867408875380054,0.028867408875380054,1,0.005
282,macro_epu,0.019080135259387086,0.019080135259387086,1,0.005
282,macro_credit_spread,-0.0014683889955821037,0.0014683889955821037,1,0.005
282,macro_term_spread,0.003037062678939065,0.003037062678939065,1,0.005
282,mom_12_1_x_macro_epu,0.0,0.0,0,0.005
282,mom_12_1_x_macro_vix,0.0,0.0,0,0.005
282,tsmom_12_x_macro_epu,-0.0,0.0,0,0.005
282,tsmom_12_x_macro_vix,-0.0,0.0,0,0.005
282,ma_gap_12m_x_macro_epu,-0.0,0.0,0,0.005
282,ma_crossover_6_12_x_macro_vix,0.0,0.0,0,0.005
282,reversal_1m_x_macro_epu,0.0,0.0,0,0.005
282,reversal_1m_x_macro_vix,0.0,0.0,0,0.005
282,reversal_1m_x_macro_credit_spread,0.0,0.0,0,0.005
282,abnormal_log_volume_x_macro_epu,0.0030459153919934457,0.0030459153919934457,1,0.005
282,abnormal_log_volume_x_macro_vix,0.0,0.0,0,0.005
282,log_volume_x_macro_credit_spread,-0.0,0.0,0,0.005
282,vol_regime_3_12_x_macro_vix,-0.0,0.0,0,0.005
282,vol_regime_3_12_x_macro_term_spread,-0.0,0.0,0,0.005
282,vol_12m_x_macro_credit_spread,0.0,0.0,0,0.005
283,mom_12_1,-0.0,0.0,0,0.005
283,mom_6_1,0.0,0.0,0,0.005
283,mom_3_1,0.0,0.0,0,0.005
283,tsmom_12,-0.0,0.0,0,0.005
283,tsmom_sign_12,-0.0,0.0,0,0.005
283,reversal_1m,0.005762311396184343,0.005762311396184343,1,0.005
283,ma_gap_12m,-0.0,0.0,0,0.005
283,ma_crossover_6_12,0.0,0.0,0,0.005
283,vol_3m,0.0,0.0,0,0.005
283,vol_12m,0.004690235469783883,0.004690235469783883,1,0.005
283,vol_regime_3_12,-0.0,0.0,0,0.005
283,log_volume,-0.0,0.0,0,0.005
283,abnormal_log_volume,0.0,0.0,0,0.005
283,macro_vix,-0.02932820526527992,0.02932820526527992,1,0.005
283,macro_epu,0.018811309737915012,0.018811309737915012,1,0.005
283,macro_credit_spread,-0.0014011069425142522,0.0014011069425142522,1,0.005
283,macro_term_spread,0.0022122028669753343,0.0022122028669753343,1,0.005
283,mom_12_1_x_macro_epu,0.0,0.0,0,0.005
283,mom_12_1_x_macro_vix,0.0,0.0,0,0.005
283,tsmom_12_x_macro_epu,-0.0,0.0,0,0.005
283,tsmom_12_x_macro_vix,-0.0,0.0,0,0.005
283,ma_gap_12m_x_macro_epu,-0.0,0.0,0,0.005
283,ma_crossover_6_12_x_macro_vix,0.0,0.0,0,0.005
283,reversal_1m_x_macro_epu,0.0,0.0,0,0.005
283,reversal_1m_x_macro_vix,0.0,0.0,0,0.005
283,reversal_1m_x_macro_credit_spread,0.0,0.0,0,0.005
283,abnormal_log_volume_x_macro_epu,0.003152029268313585,0.003152029268313585,1,0.005
283,abnormal_log_volume_x_macro_vix,0.0,0.0,0,0.005
283,log_volume_x_macro_credit_spread,-2.5847891345112708e-05,2.5847891345112708e-05,1,0.005
283,vol_regime_3_12_x_macro_vix,-0.0,0.0,0,0.005
283,vol_regime_3_12_x_macro_term_spread,-0.0,0.0,0,0.005
283,vol_12m_x_macro_credit_spread,0.0,0.0,0,0.005
284,mom_12_1,-0.0,0.0,0,0.005
284,mom_6_1,0.0,0.0,0,0.005
284,mom_3_1,0.0,0.0,0,0.005
284,tsmom_12,-0.0,0.0,0,0.005
284,tsmom_sign_12,-0.0,0.0,0,0.005
284,reversal_1m,0.00548280842109638,0.00548280842109638,1,0.005
284,ma_gap_12m,-0.0,0.0,0,0.005
284,ma_crossover_6_12,-0.0,0.0,0,0.005
284,vol_3m,0.0,0.0,0,0.005
284,vol_12m,0.004666413096946323,0.004666413096946323,1,0.005
284,vol_regime_3_12,-0.0,0.0,0,0.005
284,log_volume,-0.0,0.0,0,0.005
284,abnormal_log_volume,0.0,0.0,0,0.005
284,macro_vix,-0.029225336075884706,0.029225336075884706,1,0.005
284,macro_epu,0.01871527284293404,0.01871527284293404,1,0.005
284,macro_credit_spread,-0.0015562029610036961,0.0015562029610036961,1,0.005
284,macro_term_spread,0.0013326681425873863,0.0013326681425873863,1,0.005
284,mom_12_1_x_macro_epu,0.0,0.0,0,0.005
284,mom_12_1_x_macro_vix,0.0,0.0,0,0.005
284,tsmom_12_x_macro_epu,-0.0,0.0,0,0.005
284,tsmom_12_x_macro_vix,-0.0,0.0,0,0.005
284,ma_gap_12m_x_macro_epu,-0.0,0.0,0,0.005
284,ma_crossover_6_12_x_macro_vix,0.0,0.0,0,0.005
284,reversal_1m_x_macro_epu,0.0,0.0,0,0.005
284,reversal_1m_x_macro_vix,0.0,0.0,0,0.005
284,reversal_1m_x_macro_credit_spread,0.0,0.0,0,0.005
284,abnormal_log_volume_x_macro_epu,0.0032350949166496507,0.0032350949166496507,1,0.005
284,abnormal_log_volume_x_macro_vix,0.0,0.0,0,0.005
284,log_volume_x_macro_credit_spread,-0.0,0.0,0,0.005
284,vol_regime_3_12_x_macro_vix,-0.0,0.0,0,0.005
284,vol_regime_3_12_x_macro_term_spread,-0.0,0.0,0,0.005
284,vol_12m_x_macro_credit_spread,0.0,0.0,0,0.005
285,mom_12_1,-0.0,0.0,0,0.005
285,mom_6_1,0.0,0.0,0,0.005
285,mom_3_1,0.0,0.0,0,0.005
285,tsmom_12,-0.0,0.0,0,0.005
285,tsmom_sign_12,-0.0,0.0,0,0.005
285,reversal_1m,0.005428754007302597,0.005428754007302597,1,0.005
285,ma_gap_12m,-0.0,0.0,0,0.005
285,ma_crossover_6_12,-0.0,0.0,0,0.005
285,vol_3m,0.0,0.0,0,0.005
285,vol_12m,0.0044679092542852135,0.0044679092542852135,1,0.005
285,vol_regime_3_12,-0.0,0.0,0,0.005
285,log_volume,-0.0,0.0,0,0.005
285,abnormal_log_volume,0.0,0.0,0,0.005
285,macro_vix,-0.029314636067231583,0.029314636067231583,1,0.005
285,macro_epu,0.019353712472419075,0.019353712472419075,1,0.005
285,macro_credit_spread,-0.0013555737037601733,0.0013555737037601733,1,0.005
285,macro_term_spread,0.0022498396816325087,0.0022498396816325087,1,0.005
285,mom_12_1_x_macro_epu,0.0,0.0,0,0.005
285,mom_12_1_x_macro_vix,0.0,0.0,0,0.005
285,tsmom_12_x_macro_epu,-0.0,0.0,0,0.005
285,tsmom_12_x_macro_vix,-0.0,0.0,0,0.005
285,ma_gap_12m_x_macro_epu,-0.0,0.0,0,0.005
285,ma_crossover_6_12_x_macro_vix,0.0,0.0,0,0.005
285,reversal_1m_x_macro_epu,0.0,0.0,0,0.005
285,reversal_1m_x_macro_vix,0.0,0.0,0,0.005
285,reversal_1m_x_macro_credit_spread,0.0,0.0,0,0.005
285,abnormal_log_volume_x_macro_epu,0.003120781067541425,0.003120781067541425,1,0.005
285,abnormal_log_volume_x_macro_vix,0.0,0.0,0,0.005
285,log_volume_x_macro_credit_spread,-0.0,0.0,0,0.005
285,vol_regime_3_12_x_macro_vix,-0.0,0.0,0,0.005
285,vol_regime_3_12_x_macro_term_spread,-0.0,0.0,0,0.005
285,vol_12m_x_macro_credit_spread,0.0,0.0,0,0.005
286,mom_12_1,-0.0,0.0,0,0.005
286,mom_6_1,0.0,0.0,0,0.005
286,mom_3_1,-0.0,0.0,0,0.005
286,tsmom_12,-0.0,0.0,0,0.005
286,tsmom_sign_12,-0.0,0.0,0,0.005
286,reversal_1m,0.0048118101647225955,0.0048118101647225955,1,0.005
286,ma_gap_12m,-0.0,0.0,0,0.005
286,ma_crossover_6_12,-0.0,0.0,0,0.005
286,vol_3m,0.0,0.0,0,0.005
286,vol_12m,0.004286568302001681,0.004286568302001681,1,0.005
286,vol_regime_3_12,-0.0,0.0,0,0.005
286,log_volume,-0.0,0.0,0,0.005
286,abnormal_log_volume,0.0,0.0,0,0.005
286,macro_vix,-0.02943656853974232,0.02943656853974232,1,0.005
286,macro_epu,0.019922536150684685,0.019922536150684685,1,0.005
286,macro_credit_spread,-0.0012346396779467311,0.0012346396779467311,1,0.005
286,macro_term_spread,0.0027813127844058872,0.0027813127844058872,1,0.005
286,mom_12_1_x_macro_epu,0.0,0.0,0,0.005
286,mom_12_1_x_macro_vix,-0.0,0.0,0,0.005
286,tsmom_12_x_macro_epu,-0.0,0.0,0,0.005
286,tsmom_12_x_macro_vix,-0.0,0.0,0,0.005
286,ma_gap_12m_x_macro_epu,-0.0,0.0,0,0.005
286,ma_crossover_6_12_x_macro_vix,0.0,0.0,0,0.005
286,reversal_1m_x_macro_epu,0.0002510584094216226,0.0002510584094216226,1,0.005
286,reversal_1m_x_macro_vix,0.0,0.0,0,0.005
286,reversal_1m_x_macro_credit_spread,0.0,0.0,0,0.005
286,abnormal_log_volume_x_macro_epu,0.0032107367126412846,0.0032107367126412846,1,0.005
286,abnormal_log_volume_x_macro_vix,0.0,0.0,0,0.005
286,log_volume_x_macro_credit_spread,-0.0,0.0,0,0.005
286,vol_regime_3_12_x_macro_vix,-0.0,0.0,0,0.005
286,vol_regime_3_12_x_macro_term_spread,-0.0,0.0,0,0.005
286,vol_12m_x_macro_credit_spread,0.0,0.0,0,0.005
287,mom_12_1,-0.0028521832742613757,0.0028521832742613757,1,0.0005
287,mom_6_1,0.001343409009575315,0.001343409009575315,1,0.0005
287,mom_3_1,0.001315808868764728,0.001315808868764728,1,0.0005
287,tsmom_12,0.0007259266128788047,0.0007259266128788047,1,0.0005
287,tsmom_sign_12,-8.464739618713139e-05,8.464739618713139e-05,1,0.0005
287,reversal_1m,0.008241229559175367,0.008241229559175367,1,0.0005
287,ma_gap_12m,-0.00488771838355601,0.00488771838355601,1,0.0005
287,ma_crossover_6_12,-0.0032982854967899254,0.0032982854967899254,1,0.0005
287,vol_3m,-0.0,0.0,0,0.0005
287,vol_12m,0.01685364598791742,0.01685364598791742,1,0.0005
287,vol_regime_3_12,0.0010112964607170607,0.0010112964607170607,1,0.0005
287,log_volume,-0.0010463698069277567,0.0010463698069277567,1,0.0005
287,abnormal_log_volume,-0.0,0.0,0,0.0005
287,macro_vix,-0.035559023468308554,0.035559023468308554,1,0.0005
287,macro_epu,0.02748085240868085,0.02748085240868085,1,0.0005
287,macro_credit_spread,0.0,0.0,0,0.0005
287,macro_term_spread,0.008960100684888563,0.008960100684888563,1,0.0005
287,mom_12_1_x_macro_epu,-0.0,0.0,0,0.0005
287,mom_12_1_x_macro_vix,0.0,0.0,0,0.0005
287,tsmom_12_x_macro_epu,-0.00040355706947108776,0.00040355706947108776,1,0.0005
287,tsmom_12_x_macro_vix,0.0005964640980662389,0.0005964640980662389,1,0.0005
287,ma_gap_12m_x_macro_epu,-0.0,0.0,0,0.0005
287,ma_crossover_6_12_x_macro_vix,0.006105148538528674,0.006105148538528674,1,0.0005
287,reversal_1m_x_macro_epu,0.0122122555956529,0.0122122555956529,1,0.0005
287,reversal_1m_x_macro_vix,-0.01522408748639179,0.01522408748639179,1,0.0005
287,reversal_1m_x_macro_credit_spread,-0.0,0.0,0,0.0005
287,abnormal_log_volume_x_macro_epu,0.00544840528899141,0.00544840528899141,1,0.0005
287,abnormal_log_volume_x_macro_vix,-0.00031022386152791817,0.00031022386152791817,1,0.0005
287,log_volume_x_macro_credit_spread,-0.0,0.0,0,0.0005
287,vol_regime_3_12_x_macro_vix,-0.0020281988072987614,0.0020281988072987614,1,0.0005
287,vol_regime_3_12_x_macro_term_spread,-0.0,0.0,0,0.0005
287,vol_12m_x_macro_credit_spread,-0.010585059936061843,0.010585059936061843,1,0.0005
288,mom_12_1,-0.0014342223540917097,0.0014342223540917097,1,0.001
288,mom_6_1,0.0002619636803651076,0.0002619636803651076,1,0.001
288,mom_3_1,0.0,0.0,0,0.001
288,tsmom_12,-0.0,0.0,0,0.001
288,tsmom_sign_12,-0.0,0.0,0,0.001
288,reversal_1m,0.008303450323163236,0.008303450323163236,1,0.001
288,ma_gap_12m,-0.0026639664835621498,0.0026639664835621498,1,0.001
288,ma_crossover_6_12,-0.0012639911478087623,0.0012639911478087623,1,0.001
288,vol_3m,-0.0,0.0,0,0.001
288,vol_12m,0.009582955194052311,0.009582955194052311,1,0.001
288,vol_regime_3_12,0.0,0.0,0,0.001
288,log_volume,-0.0,0.0,0,0.001
288,abnormal_log_volume,0.0,0.0,0,0.001
288,macro_vix,-0.03476690835216639,0.03476690835216639,1,0.001
288,macro_epu,0.025647296175290317,0.025647296175290317,1,0.001
288,macro_credit_spread,-0.0,0.0,0,0.001
288,macro_term_spread,0.006599651397620002,0.006599651397620002,1,0.001
288,mom_12_1_x_macro_epu,-0.0,0.0,0,0.001
288,mom_12_1_x_macro_vix,0.0,0.0,0,0.001
288,tsmom_12_x_macro_epu,-0.0,0.0,0,0.001
288,tsmom_12_x_macro_vix,0.0,0.0,0,0.001
288,ma_gap_12m_x_macro_epu,-0.0,0.0,0,0.001
288,ma_crossover_6_12_x_macro_vix,0.0034642651022950516,0.0034642651022950516,1,0.001
288,reversal_1m_x_macro_epu,0.008905502223750878,0.008905502223750878,1,0.001
288,reversal_1m_x_macro_vix,-0.010855729802596744,0.010855729802596744,1,0.001
288,reversal_1m_x_macro_credit_spread,0.0,0.0,0,0.001
288,abnormal_log_volume_x_macro_epu,0.005006064495487215,0.005006064495487215,1,0.001
288,abnormal_log_volume_x_macro_vix,-0.0,0.0,0,0.001
288,log_volume_x_macro_credit_spread,-0.002706811070461018,0.002706811070461018,1,0.001
288,vol_regime_3_12_x_macro_vix,-0.0012057555864595695,0.0012057555864595695,1,0.001
288,vol_regime_3_12_x_macro_term_spread,0.0,0.0,0,0.001
288,vol_12m_x_macro_credit_spread,-0.0030757771463910395,0.0030757771463910395,1,0.001
289,mom_12_1,-0.002866240028764224,0.002866240028764224,1,0.0005
289,mom_6_1,0.0024371276872611545,0.0024371276872611545,1,0.0005
289,mom_3_1,0.0005744643630353567,0.0005744643630353567,1,0.0005
289,tsmom_12,0.0,0.0,0,0.0005
289,tsmom_sign_12,-0.0,0.0,0,0.0005
289,reversal_1m,0.006068358530477866,0.006068358530477866,1,0.0005
289,ma_gap_12m,-0.007382742168972665,0.007382742168972665,1,0.0005
289,ma_crossover_6_12,-0.003145950831568273,0.003145950831568273,1,0.0005
289,vol_3m,-0.0,0.0,0,0.0005
289,vol_12m,0.01873948673491677,0.01873948673491677,1,0.0005
289,vol_regime_3_12,0.0010962775630346951,0.0010962775630346951,1,0.0005
289,log_volume,-0.001234640537715481,0.001234640537715481,1,0.0005
289,abnormal_log_volume,-0.0,0.0,0,0.0005
289,macro_vix,-0.036102954142884544,0.036102954142884544,1,0.0005
289,macro_epu,0.0262305681531423,0.0262305681531423,1,0.0005
289,macro_credit_spread,0.0,0.0,0,0.0005
289,macro_term_spread,0.00650632698358678,0.00650632698358678,1,0.0005
289,mom_12_1_x_macro_epu,0.0,0.0,0,0.0005
289,mom_12_1_x_macro_vix,0.0,0.0,0,0.0005
289,tsmom_12_x_macro_epu,-2.889506390622739e-06,2.889506390622739e-06,1,0.0005
289,tsmom_12_x_macro_vix,0.0011336974124781967,0.0011336974124781967,1,0.0005
289,ma_gap_12m_x_macro_epu,0.0,0.0,0,0.0005
289,ma_crossover_6_12_x_macro_vix,0.00688016256259782,0.00688016256259782,1,0.0005
289,reversal_1m_x_macro_epu,0.012006126441281413,0.012006126441281413,1,0.0005
289,reversal_1m_x_macro_vix,-0.01393153195083444,0.01393153195083444,1,0.0005
289,reversal_1m_x_macro_credit_spread,0.0,0.0,0,0.0005
289,abnormal_log_volume_x_macro_epu,0.005746933563310408,0.005746933563310408,1,0.0005
289,abnormal_log_volume_x_macro_vix,-0.00034805341584537015,0.00034805341584537015,1,0.0005
289,log_volume_x_macro_credit_spread,0.0,0.0,0,0.0005
289,vol_regime_3_12_x_macro_vix,-0.002187852056236221,0.002187852056236221,1,0.0005
289,vol_regime_3_12_x_macro_term_spread,-0.0,0.0,0,0.0005
289,vol_12m_x_macro_credit_spread,-0.012577497706623348,0.012577497706623348,1,0.0005
290,mom_12_1,-0.0015295547662073344,0.0015295547662073344,1,0.001
290,mom_6_1,0.0011871550693445252,0.0011871550693445252,1,0.001
290,mom_3_1,0.0,0.0,0,0.001
290,tsmom_12,-0.0,0.0,0,0.001
290,tsmom_sign_12,-0.0,0.0,0,0.001
290,reversal_1m,0.0056209206781413735,0.0056209206781413735,1,0.001
290,ma_gap_12m,-0.005059458900448293,0.005059458900448293,1,0.001
290,ma_crossover_6_12,-0.0003896828771172502,0.0003896828771172502,1,0.001
290,vol_3m,-0.0,0.0,0,0.001
290,vol_12m,0.009960104956084924,0.009960104956084924,1,0.001
290,vol_regime_3_12,0.0,0.0,0,0.001
290,log_volume,-0.0,0.0,0,0.001
290,abnormal_log_volume,0.0,0.0,0,0.001
290,macro_vix,-0.03481128733631045,0.03481128733631045,1,0.001
290,macro_epu,0.024898360019205576,0.024898360019205576,1,0.001
290,macro_credit_spread,-0.0,0.0,0,0.001
290,macro_term_spread,0.00584232825239076,0.00584232825239076,1,0.001
290,mom_12_1_x_macro_epu,0.0,0.0,0,0.001
290,mom_12_1_x_macro_vix,0.0,0.0,0,0.001
290,tsmom_12_x_macro_epu,-0.0,0.0,0,0.001
290,tsmom_12_x_macro_vix,0.0,0.0,0,0.001
290,ma_gap_12m_x_macro_epu,0.0,0.0,0,0.001
290,ma_crossover_6_12_x_macro_vix,0.0038528640886930842,0.0038528640886930842,1,0.001
290,reversal_1m_x_macro_epu,0.009069591422874744,0.009069591422874744,1,0.001
290,reversal_1m_x_macro_vix,-0.00957620479381482,0.00957620479381482,1,0.001
290,reversal_1m_x_macro_credit_spread,0.0,0.0,0,0.001
290,abnormal_log_volume_x_macro_epu,0.004915767890259334,0.004915767890259334,1,0.001
290,abnormal_log_volume_x_macro_vix,-0.0,0.0,0,0.001
290,log_volume_x_macro_credit_spread,-0.0027866383535299195,0.0027866383535299195,1,0.001
290,vol_regime_3_12_x_macro_vix,-0.0011131716141938811,0.0011131716141938811,1,0.001
290,vol_regime_3_12_x_macro_term_spread,-0.0,0.0,0,0.001
290,vol_12m_x_macro_credit_spread,-0.0036612440906730846,0.0036612440906730846,1,0.001
291,mom_12_1,-0.0016150713268350315,0.0016150713268350315,1,0.001
291,mom_6_1,0.0007189657324552628,0.0007189657324552628,1,0.001
291,mom_3_1,0.0005504031469555338,0.0005504031469555338,1,0.001
291,tsmom_12,-0.0,0.0,0,0.001
291,tsmom_sign_12,-0.0,0.0,0,0.001
291,reversal_1m,0.0052873044734278495,0.0052873044734278495,1,0.001
291,ma_gap_12m,-0.005293245784903468,0.005293245784903468,1,0.001
291,ma_crossover_6_12,-0.000109464432875705,0.000109464432875705,1,0.001
291,vol_3m,-0.0,0.0,0,0.001
291,vol_12m,0.00998859008777665,0.00998859008777665,1,0.001
291,vol_regime_3_12,0.0,0.0,0,0.001
291,log_volume,-0.0,0.0,0,0.001
291,abnormal_log_volume,0.0,0.0,0,0.001
291,macro_vix,-0.03476976723776896,0.03476976723776896,1,0.001
291,macro_epu,0.024701219863337617,0.024701219863337617,1,0.001
291,macro_credit_spread,-0.0,0.0,0,0.001
291,macro_term_spread,0.004738810927320374,0.004738810927320374,1,0.001
291,mom_12_1_x_macro_epu,0.0,0.0,0,0.001
291,mom_12_1_x_macro_vix,0.0,0.0,0,0.001
291,tsmom_12_x_macro_epu,-0.0,0.0,0,0.001
291,tsmom_12_x_macro_vix,0.0,0.0,0,0.001
291,ma_gap_12m_x_macro_epu,0.0,0.0,0,0.001
291,ma_crossover_6_12_x_macro_vix,0.004043713260244746,0.004043713260244746,1,0.001
291,reversal_1m_x_macro_epu,0.009038853504444964,0.009038853504444964,1,0.001
291,reversal_1m_x_macro_vix,-0.009373657138074623,0.009373657138074623,1,0.001
291,reversal_1m_x_macro_credit_spread,0.0,0.0,0,0.001
291,abnormal_log_volume_x_macro_epu,0.004888410027985981,0.004888410027985981,1,0.001
291,abnormal_log_volume_x_macro_vix,-0.0,0.0,0,0.001
291,log_volume_x_macro_credit_spread,-0.002822798370403695,0.002822798370403695,1,0.001
291,vol_regime_3_12_x_macro_vix,-0.0011357643645265162,0.0011357643645265162,1,0.001
291,vol_regime_3_12_x_macro_term_spread,-0.0,0.0,0,0.001
291,vol_12m_x_macro_credit_spread,-0.003809523248847439,0.003809523248847439,1,0.001
292,mom_12_1,-0.0,0.0,0,0.0025
292,mom_6_1,0.0,0.0,0,0.0025
292,mom_3_1,-0.0,0.0,0,0.0025
292,tsmom_12,-0.0,0.0,0,0.0025
292,tsmom_sign_12,-0.0,0.0,0,0.0025
292,reversal_1m,0.0024133258245840282,0.0024133258245840282,1,0.0025
292,ma_gap_12m,-0.0011449322224976394,0.0011449322224976394,1,0.0025
292,ma_crossover_6_12,-0.0,0.0,0,0.0025
292,vol_3m,-0.0,0.0,0,0.0025
292,vol_12m,0.005704996256910397,0.005704996256910397,1,0.0025
292,vol_regime_3_12,-0.0,0.0,0,0.0025
292,log_volume,-0.0,0.0,0,0.0025
292,abnormal_log_volume,0.0,0.0,0,0.0025
292,macro_vix,-0.03276689559446585,0.03276689559446585,1,0.0025
292,macro_epu,0.022147533445849705,0.022147533445849705,1,0.0025
292,macro_credit_spread,-0.0016204054830662553,0.0016204054830662553,1,0.0025
292,macro_term_spread,0.0028024558882862494,0.0028024558882862494,1,0.0025
292,mom_12_1_x_macro_epu,0.0,0.0,0,0.0025
292,mom_12_1_x_macro_vix,0.0,0.0,0,0.0025
292,tsmom_12_x_macro_epu,-0.0,0.0,0,0.0025
292,tsmom_12_x_macro_vix,-0.0,0.0,0,0.0025
292,ma_gap_12m_x_macro_epu,-0.0,0.0,0,0.0025
292,ma_crossover_6_12_x_macro_vix,0.00031675984883579013,0.00031675984883579013,1,0.0025
292,reversal_1m_x_macro_epu,0.003265328472861734,0.003265328472861734,1,0.0025
292,reversal_1m_x_macro_vix,-0.0,0.0,0,0.0025
292,reversal_1m_x_macro_credit_spread,0.0,0.0,0,0.0025
292,abnormal_log_volume_x_macro_epu,0.0044640862223861745,0.0044640862223861745,1,0.0025
292,abnormal_log_volume_x_macro_vix,0.0,0.0,0,0.0025
292,log_volume_x_macro_credit_spread,-0.0018667128503899735,0.0018667128503899735,1,0.0025
292,vol_regime_3_12_x_macro_vix,-0.0005654529105725258,0.0005654529105725258,1,0.0025
292,vol_regime_3_12_x_macro_term_spread,-0.0,0.0,0,0.0025
292,vol_12m_x_macro_credit_spread,-0.0,0.0,0,0.0025
293,mom_12_1,-0.0014043580849234848,0.0014043580849234848,1,0.001
293,mom_6_1,0.0,0.0,0,0.001
293,mom_3_1,0.0009188912046690221,0.0009188912046690221,1,0.001
293,tsmom_12,-0.0,0.0,0,0.001
293,tsmom_sign_12,-0.0,0.0,0,0.001
293,reversal_1m,0.0048539424360877085,0.0048539424360877085,1,0.001
293,ma_gap_12m,-0.00538923756694336,0.00538923756694336,1,0.001
293,ma_crossover_6_12,-0.0,0.0,0,0.001
293,vol_3m,-0.0,0.0,0,0.001
293,vol_12m,0.008881539534951702,0.008881539534951702,1,0.001
293,vol_regime_3_12,0.0,0.0,0,0.001
293,log_volume,-0.0,0.0,0,0.001
293,abnormal_log_volume,0.0,0.0,0,0.001
293,macro_vix,-0.03503593736113132,0.03503593736113132,1,0.001
293,macro_epu,0.024606354272428712,0.024606354272428712,1,0.001
293,macro_credit_spread,-0.0,0.0,0,0.001
293,macro_term_spread,0.0054005108528666496,0.0054005108528666496,1,0.001
293,mom_12_1_x_macro_epu,-0.0,0.0,0,0.001
293,mom_12_1_x_macro_vix,0.0,0.0,0,0.001
293,tsmom_12_x_macro_epu,-0.0,0.0,0,0.001
293,tsmom_12_x_macro_vix,0.0,0.0,0,0.001
293,ma_gap_12m_x_macro_epu,-0.0,0.0,0,0.001
293,ma_crossover_6_12_x_macro_vix,0.004312782227564407,0.004312782227564407,1,0.001
293,reversal_1m_x_macro_epu,0.0092312529257311,0.0092312529257311,1,0.001
293,reversal_1m_x_macro_vix,-0.009118489164548917,0.009118489164548917,1,0.001
293,reversal_1m_x_macro_credit_spread,0.0,0.0,0,0.001
293,abnormal_log_volume_x_macro_epu,0.004877187648943709,0.004877187648943709,1,0.001
293,abnormal_log_volume_x_macro_vix,-0.0,0.0,0,0.001
293,log_volume_x_macro_credit_spread,-0.003223144418262688,0.003223144418262688,1,0.001
293,vol_regime_3_12_x_macro_vix,-0.000964463036585034,0.000964463036585034,1,0.001
293,vol_regime_3_12_x_macro_term_spread,-0.0,0.0,0,0.001
293,vol_12m_x_macro_credit_spread,-0.002402922142184907,0.002402922142184907,1,0.001
294,mom_12_1,-0.0,0.0,0,0.005
294,mom_6_1,-0.0,0.0,0,0.005
294,mom_3_1,-0.0,0.0,0,0.005
294,tsmom_12,-0.0,0.0,0,0.005
294,tsmom_sign_12,-0.0,0.0,0,0.005
294,reversal_1m,0.003433819482085392,0.003433819482085392,1,0.005
294,ma_gap_12m,-0.0,0.0,0,0.005
294,ma_crossover_6_12,-0.0,0.0,0,0.005
294,vol_3m,0.0,0.0,0,0.005
294,vol_12m,0.004163389847844593,0.004163389847844593,1,0.005
294,vol_regime_3_12,-0.0,0.0,0,0.005
294,log_volume,-0.0,0.0,0,0.005
294,abnormal_log_volume,0.0,0.0,0,0.005
294,macro_vix,-0.030254410817832384,0.030254410817832384,1,0.005
294,macro_epu,0.019459635343763406,0.019459635343763406,1,0.005
294,macro_credit_spread,-0.0008753893592987206,0.0008753893592987206,1,0.005
294,macro_term_spread,0.0009682150948950315,0.0009682150948950315,1,0.005
294,mom_12_1_x_macro_epu,0.0,0.0,0,0.005
294,mom_12_1_x_macro_vix,0.0,0.0,0,0.005
294,tsmom_12_x_macro_epu,-0.0,0.0,0,0.005
294,tsmom_12_x_macro_vix,-0.0,0.0,0,0.005
294,ma_gap_12m_x_macro_epu,-0.0,0.0,0,0.005
294,ma_crossover_6_12_x_macro_vix,0.0,0.0,0,0.005
294,reversal_1m_x_macro_epu,0.0013570391887337103,0.0013570391887337103,1,0.005
294,reversal_1m_x_macro_vix,0.0,0.0,0,0.005
294,reversal_1m_x_macro_credit_spread,0.0,0.0,0,0.005
294,abnormal_log_volume_x_macro_epu,0.003514770489344184,0.003514770489344184,1,0.005
294,abnormal_log_volume_x_macro_vix,0.0,0.0,0,0.005
294,log_volume_x_macro_credit_spread,-0.0,0.0,0,0.005
294,vol_regime_3_12_x_macro_vix,-0.0,0.0,0,0.005
294,vol_regime_3_12_x_macro_term_spread,-0.0,0.0,0,0.005
294,vol_12m_x_macro_credit_spread,0.0,0.0,0,0.005
295,mom_12_1,-0.0,0.0,0,0.0025
295,mom_6_1,0.0,0.0,0,0.0025
295,mom_3_1,-0.0,0.0,0,0.0025
295,tsmom_12,-0.0,0.0,0,0.0025
295,tsmom_sign_12,-0.0,0.0,0,0.0025
295,reversal_1m,0.0025051400958776456,0.0025051400958776456,1,0.0025
295,ma_gap_12m,-0.0016188060463336637,0.0016188060463336637,1,0.0025
295,ma_crossover_6_12,-0.0,0.0,0,0.0025
295,vol_3m,-0.0,0.0,0,0.0025
295,vol_12m,0.005631475831232721,0.005631475831232721,1,0.0025
295,vol_regime_3_12,-0.0,0.0,0,0.0025
295,log_volume,-0.0,0.0,0,0.0025
295,abnormal_log_volume,0.0,0.0,0,0.0025
295,macro_vix,-0.03273112103975112,0.03273112103975112,1,0.0025
295,macro_epu,0.022317243375392964,0.022317243375392964,1,0.0025
295,macro_credit_spread,-0.0009479478398061668,0.0009479478398061668,1,0.0025
295,macro_term_spread,0.004023702456065384,0.004023702456065384,1,0.0025
295,mom_12_1_x_macro_epu,0.0,0.0,0,0.0025
295,mom_12_1_x_macro_vix,0.0,0.0,0,0.0025
295,tsmom_12_x_macro_epu,-0.0,0.0,0,0.0025
295,tsmom_12_x_macro_vix,-0.0,0.0,0,0.0025
295,ma_gap_12m_x_macro_epu,-0.0,0.0,0,0.0025
295,ma_crossover_6_12_x_macro_vix,0.0005213746067409156,0.0005213746067409156,1,0.0025
295,reversal_1m_x_macro_epu,0.003159223165969351,0.003159223165969351,1,0.0025
295,reversal_1m_x_macro_vix,-0.0,0.0,0,0.0025
295,reversal_1m_x_macro_credit_spread,0.0,0.0,0,0.0025
295,abnormal_log_volume_x_macro_epu,0.00426002073249628,0.00426002073249628,1,0.0025
295,abnormal_log_volume_x_macro_vix,0.0,0.0,0,0.0025
295,log_volume_x_macro_credit_spread,-0.0019953982632326,0.0019953982632326,1,0.0025
295,vol_regime_3_12_x_macro_vix,-0.0004064113963551608,0.0004064113963551608,1,0.0025
295,vol_regime_3_12_x_macro_term_spread,-0.0,0.0,0,0.0025
295,vol_12m_x_macro_credit_spread,-0.0,0.0,0,0.0025
296,mom_12_1,-0.0,0.0,0,0.0025
296,mom_6_1,-0.0,0.0,0,0.0025
296,mom_3_1,-0.0,0.0,0,0.0025
296,tsmom_12,-0.0,0.0,0,0.0025
296,tsmom_sign_12,-0.0,0.0,0,0.0025
296,reversal_1m,0.0025969461558814338,0.0025969461558814338,1,0.0025
296,ma_gap_12m,-0.0018285428298208564,0.0018285428298208564,1,0.0025
296,ma_crossover_6_12,-0.0,0.0,0,0.0025
296,vol_3m,-0.0,0.0,0,0.0025
296,vol_12m,0.005429146610424234,0.005429146610424234,1,0.0025
296,vol_regime_3_12,-0.0,0.0,0,0.0025
296,log_volume,-0.0,0.0,0,0.0025
296,abnormal_log_volume,0.0,0.0,0,0.0025
296,macro_vix,-0.03254365314980653,0.03254365314980653,1,0.0025
296,macro_epu,0.021810000823140656,0.021810000823140656,1,0.0025
296,macro_credit_spread,-0.0008405782130484592,0.0008405782130484592,1,0.0025
296,macro_term_spread,0.0036232228253119825,0.0036232228253119825,1,0.0025
296,mom_12_1_x_macro_epu,-0.0,0.0,0,0.0025
296,mom_12_1_x_macro_vix,0.0,0.0,0,0.0025
296,tsmom_12_x_macro_epu,-0.0,0.0,0,0.0025
296,tsmom_12_x_macro_vix,-0.0,0.0,0,0.0025
296,ma_gap_12m_x_macro_epu,-0.0,0.0,0,0.0025
296,ma_crossover_6_12_x_macro_vix,0.0007815074200977765,0.0007815074200977765,1,0.0025
296,reversal_1m_x_macro_epu,0.0030352196433714243,0.0030352196433714243,1,0.0025
296,reversal_1m_x_macro_vix,-0.0,0.0,0,0.0025
296,reversal_1m_x_macro_credit_spread,0.0,0.0,0,0.0025
296,abnormal_log_volume_x_macro_epu,0.00426333065467303,0.00426333065467303,1,0.0025
296,abnormal_log_volume_x_macro_vix,0.0,0.0,0,0.0025
296,log_volume_x_macro_credit_spread,-0.0023223280819090583,0.0023223280819090583,1,0.0025
296,vol_regime_3_12_x_macro_vix,-0.0004912714675404652,0.0004912714675404652,1,0.0025
296,vol_regime_3_12_x_macro_term_spread,-0.0,0.0,0,0.0025
296,vol_12m_x_macro_credit_spread,-0.0,0.0,0,0.0025
297,mom_12_1,-0.0,0.0,0,0.005
297,mom_6_1,-0.0,0.0,0,0.005
297,mom_3_1,-0.0,0.0,0,0.005
297,tsmom_12,-0.0,0.0,0,0.005
297,tsmom_sign_12,-0.0,0.0,0,0.005
297,reversal_1m,0.0032235147766141326,0.0032235147766141326,1,0.005
297,ma_gap_12m,-0.0,0.0,0,0.005
297,ma_crossover_6_12,-0.0,0.0,0,0.005
297,vol_3m,0.0,0.0,0,0.005
297,vol_12m,0.0037107358262323162,0.0037107358262323162,1,0.005
297,vol_regime_3_12,-0.0,0.0,0,0.005
297,log_volume,-0.0,0.0,0,0.005
297,abnormal_log_volume,0.0,0.0,0,0.005
297,macro_vix,-0.029715866819804093,0.029715866819804093,1,0.005
297,macro_epu,0.01930664610260473,0.01930664610260473,1,0.005
297,macro_credit_spread,-0.0005347039243940318,0.0005347039243940318,1,0.005
297,macro_term_spread,0.0002217944547555228,0.0002217944547555228,1,0.005
297,mom_12_1_x_macro_epu,0.0,0.0,0,0.005
297,mom_12_1_x_macro_vix,0.0,0.0,0,0.005
297,tsmom_12_x_macro_epu,-0.0,0.0,0,0.005
297,tsmom_12_x_macro_vix,-0.0,0.0,0,0.005
297,ma_gap_12m_x_macro_epu,-0.0,0.0,0,0.005
297,ma_crossover_6_12_x_macro_vix,0.0,0.0,0,0.005
297,reversal_1m_x_macro_epu,0.001546270181305607,0.001546270181305607,1,0.005
297,reversal_1m_x_macro_vix,0.0,0.0,0,0.005
297,reversal_1m_x_macro_credit_spread,0.0,0.0,0,0.005
297,abnormal_log_volume_x_macro_epu,0.003297203772887238,0.003297203772887238,1,0.005
297,abnormal_log_volume_x_macro_vix,0.0,0.0,0,0.005
297,log_volume_x_macro_credit_spread,-0.00022020019131703227,0.00022020019131703227,1,0.005
297,vol_regime_3_12_x_macro_vix,-0.0,0.0,0,0.005
297,vol_regime_3_12_x_macro_term_spread,-0.0,0.0,0,0.005
297,vol_12m_x_macro_credit_spread,0.0,0.0,0,0.005
298,mom_12_1,-0.0,0.0,0,0.005
298,mom_6_1,-0.0,0.0,0,0.005
298,mom_3_1,-0.0,0.0,0,0.005
298,tsmom_12,-0.0,0.0,0,0.005
298,tsmom_sign_12,-0.0,0.0,0,0.005
298,reversal_1m,0.003082111656898733,0.003082111656898733,1,0.005
298,ma_gap_12m,-0.0,0.0,0,0.005
298,ma_crossover_6_12,0.0,0.0,0,0.005
298,vol_3m,0.0,0.0,0,0.005
298,vol_12m,0.003785528521945194,0.003785528521945194,1,0.005
298,vol_regime_3_12,-0.0,0.0,0,0.005
298,log_volume,-0.0,0.0,0,0.005
298,abnormal_log_volume,0.0,0.0,0,0.005
298,macro_vix,-0.029588628495979517,0.029588628495979517,1,0.005
298,macro_epu,0.018970392654591297,0.018970392654591297,1,0.005
298,macro_credit_spread,-0.000624860608237039,0.000624860608237039,1,0.005
298,macro_term_spread,0.00039091884461260845,0.00039091884461260845,1,0.005
298,mom_12_1_x_macro_epu,0.0,0.0,0,0.005
298,mom_12_1_x_macro_vix,0.0,0.0,0,0.005
298,tsmom_12_x_macro_epu,-0.0,0.0,0,0.005
298,tsmom_12_x_macro_vix,-0.0,0.0,0,0.005
298,ma_gap_12m_x_macro_epu,-0.0,0.0,0,0.005
298,ma_crossover_6_12_x_macro_vix,0.0,0.0,0,0.005
298,reversal_1m_x_macro_epu,0.0016470221462978277,0.0016470221462978277,1,0.005
298,reversal_1m_x_macro_vix,0.0,0.0,0,0.005
298,reversal_1m_x_macro_credit_spread,0.0,0.0,0,0.005
298,abnormal_log_volume_x_macro_epu,0.0033319362320271078,0.0033319362320271078,1,0.005
298,abnormal_log_volume_x_macro_vix,0.0,0.0,0,0.005
298,log_volume_x_macro_credit_spread,-0.00030051223640658117,0.00030051223640658117,1,0.005
298,vol_regime_3_12_x_macro_vix,-0.0,0.0,0,0.005
298,vol_regime_3_12_x_macro_term_spread,-0.0,0.0,0,0.005
298,vol_12m_x_macro_credit_spread,0.0,0.0,0,0.005
299,mom_12_1,-0.0,0.0,0,0.005
299,mom_6_1,-0.0,0.0,0,0.005
299,mom_3_1,-0.0,0.0,0,0.005
299,tsmom_12,-0.0,0.0,0,0.005
299,tsmom_sign_12,-0.0,0.0,0,0.005
299,reversal_1m,0.002915961492046986,0.002915961492046986,1,0.005
299,ma_gap_12m,-0.0,0.0,0,0.005
299,ma_crossover_6_12,0.0,0.0,0,0.005
299,vol_3m,0.0,0.0,0,0.005
299,vol_12m,0.0036962408011382945,0.0036962408011382945,1,0.005
299,vol_regime_3_12,-0.0,0.0,0,0.005
299,log_volume,-0.0,0.0,0,0.005
299,abnormal_log_volume,0.0,0.0,0,0.005
299,macro_vix,-0.02924030391323158,0.02924030391323158,1,0.005
299,macro_epu,0.018832979127400753,0.018832979127400753,1,0.005
299,macro_credit_spread,-0.00114337472272461,0.00114337472272461,1,0.005
299,macro_term_spread,0.00019044060834420113,0.00019044060834420113,1,0.005
299,mom_12_1_x_macro_epu,0.0,0.0,0,0.005
299,mom_12_1_x_macro_vix,0.0,0.0,0,0.005
299,tsmom_12_x_macro_epu,-0.0,0.0,0,0.005
299,tsmom_12_x_macro_vix,-0.0,0.0,0,0.005
299,ma_gap_12m_x_macro_epu,-0.0,0.0,0,0.005
299,ma_crossover_6_12_x_macro_vix,0.0,0.0,0,0.005
299,reversal_1m_x_macro_epu,0.0017119486392017148,0.0017119486392017148,1,0.005
299,reversal_1m_x_macro_vix,0.0,0.0,0,0.005
299,reversal_1m_x_macro_credit_spread,0.0,0.0,0,0.005
299,abnormal_log_volume_x_macro_epu,0.0033605552672328932,0.0033605552672328932,1,0.005
299,abnormal_log_volume_x_macro_vix,0.0,0.0,0,0.005
299,log_volume_x_macro_credit_spread,-0.0,0.0,0,0.005
299,vol_regime_3_12_x_macro_vix,-0.0,0.0,0,0.005
299,vol_regime_3_12_x_macro_term_spread,-0.0,0.0,0,0.005
299,vol_12m_x_macro_credit_spread,0.0,0.0,0,0.005
