fold_id,feature,importance
0,mom_12_1,0.020115508050642567
0,mom_6_1,0.016231173882444907
0,mom_3_1,0.031488310555997705
0,tsmom_12,0.014113352948030603
0,tsmom_sign_12,4.229230104646921e-05
0,reversal_1m,0.008448183118894894
0,ma_gap_12m,0.03659445988854693
0,ma_crossover_6_12,0.008433279878303083
0,vol_3m,0.005242006659781545
0,vol_12m,0.03896988463686556
0,vol_regime_3_12,0.004405749529106744
0,log_volume,0.007929312674252398
0,abnormal_log_volume,0.005834267980470417
0,macro_vix,0.3918503473399896
0,macro_epu,0.18735570472238622
0,macro_credit_spread,0.08379294725355949
0,macro_term_spread,0.139153218579681
1,mom_12_1,0.0204078807939713
1,mom_6_1,0.01652864840590864
1,mom_3_1,0.031958580362480296
1,tsmom_12,0.004548477670006634
1,tsmom_sign_12,3.052278042617947e-05
1,reversal_1m,0.008725666463176181
1,ma_gap_12m,0.03698535586147941
1,ma_crossover_6_12,0.008596994537026531
1,vol_3m,0.005239947103759217
1,vol_12m,0.03912126573983501
1,vol_regime_3_12,0.004656105937776867
1,log_volume,0.00822895240463149
1,abnormal_log_volume,0.006116950144601815
1,macro_vix,0.3716654931774135
1,macro_epu,0.1819941521566227
1,macro_credit_spread,0.09714180836346926
1,macro_term_spread,0.158053198097415
2,mom_12_1,0.01954477936548947
2,mom_6_1,0.016733080890518125
2,mom_3_1,0.029026438921896183
2,tsmom_12,0.00426785503092531
2,tsmom_sign_12,0.00010997112499569611
2,reversal_1m,0.009252887247696693
2,ma_gap_12m,0.03640324870225197
2,ma_crossover_6_12,0.012500441594847067
2,vol_3m,0.004563775666283496
2,vol_12m,0.04021384086940061
2,vol_regime_3_12,0.005548519717694233
2,log_volume,0.006555050282074178
2,abnormal_log_volume,0.0063173377904269645
2,macro_vix,0.342899358016567
2,macro_epu,0.18265618244973075
2,macro_credit_spread,0.11653386544602919
2,macro_term_spread,0.16687336688317295
3,mom_12_1,0.019679412518641824
3,mom_6_1,0.017436263513141332
3,mom_3_1,0.03824143049699687
3,tsmom_12,0.003778233058950442
3,tsmom_sign_12,1.528129882581501e-05
3,reversal_1m,0.008486783971131302
3,ma_gap_12m,0.03808587122083644
3,ma_crossover_6_12,0.014899400007163865
3,vol_3m,0.0046910671803039655
3,vol_12m,0.03916232834147297
3,vol_regime_3_12,0.005297716605949201
3,log_volume,0.006407172528050725
3,abnormal_log_volume,0.005641455673109575
3,macro_vix,0.3082750339875745
3,macro_epu,0.1806838479763794
3,macro_credit_spread,0.13647769873360632
3,macro_term_spread,0.17274100288786542
4,mom_12_1,0.022359027520782906
4,mom_6_1,0.018948090939370197
4,mom_3_1,0.02703865950649558
4,tsmom_12,0.0037385152633054755
4,tsmom_sign_12,2.7479737949084698e-05
4,reversal_1m,0.01393876109540569
4,ma_gap_12m,0.06495377153974831
4,ma_crossover_6_12,0.010580817782426427
4,vol_3m,0.004907359971493141
4,vol_12m,0.04501503889832292
4,vol_regime_3_12,0.003841906495923507
4,log_volume,0.005282013682200465
4,abnormal_log_volume,0.005839204018303211
4,macro_vix,0.2911075050742352
4,macro_epu,0.13639828273657223
4,macro_credit_spread,0.16390851284311123
4,macro_term_spread,0.18211505289435456
5,mom_12_1,0.01843232071472024
5,mom_6_1,0.015014726044662951
5,mom_3_1,0.030344088758739143
5,tsmom_12,0.0038421420509475667
5,tsmom_sign_12,2.524986759962212e-05
5,reversal_1m,0.01719939706408402
5,ma_gap_12m,0.06297794776902171
5,ma_crossover_6_12,0.008406657402845023
5,vol_3m,0.005374367064959006
5,vol_12m,0.05204770272998001
5,vol_regime_3_12,0.0036991446667536056
5,log_volume,0.004736724248831549
5,abnormal_log_volume,0.006558088154099006
5,macro_vix,0.2960350450312246
5,macro_epu,0.15562098849028827
5,macro_credit_spread,0.14744788783091253
5,macro_term_spread,0.17223752211033122
6,mom_12_1,0.021910970152056338
6,mom_6_1,0.018185708367025818
6,mom_3_1,0.028398744961844493
6,tsmom_12,0.003170327921397226
6,tsmom_sign_12,7.265380168866199e-05
6,reversal_1m,0.014222100533671626
6,ma_gap_12m,0.0629758437976633
6,ma_crossover_6_12,0.015184131988312897
6,vol_3m,0.0044600473529553195
6,vol_12m,0.05533902436406223
6,vol_regime_3_12,0.00457397221098552
6,log_volume,0.005899400523367999
6,abnormal_log_volume,0.006871517278958881
6,macro_vix,0.3005672170516057
6,macro_epu,0.17873188865689288
6,macro_credit_spread,0.12191002278940681
6,macro_term_spread,0.1575264282481043
7,mom_12_1,0.02708815150079923
7,mom_6_1,0.016138159195281936
7,mom_3_1,0.02367600790054437
7,tsmom_12,0.004366976231293238
7,tsmom_sign_12,0.0
7,reversal_1m,0.011889025474444039
7,ma_gap_12m,0.05629962001471121
7,ma_crossover_6_12,0.014003918164479994
7,vol_3m,0.005407618154881457
7,vol_12m,0.050620674186159544
7,vol_regime_3_12,0.003508637588230675
7,log_volume,0.005640236593309201
7,abnormal_log_volume,0.005782011296016589
7,macro_vix,0.3700731990965914
7,macro_epu,0.18967222828317992
7,macro_credit_spread,0.11025856797336167
7,macro_term_spread,0.10557496834671554
8,mom_12_1,0.01855840923991269
8,mom_6_1,0.014140844418253194
8,mom_3_1,0.024769061134985403
8,tsmom_12,0.0041437717266812075
8,tsmom_sign_12,3.170604612910593e-05
8,reversal_1m,0.012620165041448679
8,ma_gap_12m,0.042664948021425626
8,ma_crossover_6_12,0.010698189349220734
8,vol_3m,0.005087351290542658
8,vol_12m,0.04781248858870433
8,vol_regime_3_12,0.003962689513071574
8,log_volume,0.00649276116701123
8,abnormal_log_volume,0.005947599517688333
8,macro_vix,0.4042550725571075
8,macro_epu,0.19050742666721054
8,macro_credit_spread,0.0949439575949698
8,macro_term_spread,0.11336355812563743
9,mom_12_1,0.049512620246619246
9,mom_6_1,0.01891766699757072
9,mom_3_1,0.020518740150384844
9,tsmom_12,0.005629138006141264
9,tsmom_sign_12,0.00020995182942764622
9,reversal_1m,0.02065225236715345
9,ma_gap_12m,0.07505218053637355
9,ma_crossover_6_12,0.025156804685464274
9,vol_3m,0.006000565626965543
9,vol_12m,0.0423685981932811
9,vol_regime_3_12,0.0037467452636774368
9,log_volume,0.005808547994128898
9,abnormal_log_volume,0.005786068208041672
9,macro_vix,0.34116027252402875
9,macro_epu,0.1206823590355902
9,macro_credit_spread,0.17075215093553972
9,macro_term_spread,0.08804533739961178
10,mom_12_1,0.023985557668644793
10,mom_6_1,0.02616189522684981
10,mom_3_1,0.014916703059451664
10,tsmom_12,0.0065580351450717405
10,tsmom_sign_12,6.234620573602262e-05
10,reversal_1m,0.013178503688234193
10,ma_gap_12m,0.028662110208105204
10,ma_crossover_6_12,0.007755196832264125
10,vol_3m,0.006696343603253304
10,vol_12m,0.034781155857568365
10,vol_regime_3_12,0.003034347734849547
10,log_volume,0.006286123536415206
10,abnormal_log_volume,0.00500094970366403
10,macro_vix,0.3783154523233382
10,macro_epu,0.2199863048040727
10,macro_credit_spread,0.09197618207656415
10,macro_term_spread,0.1326427923259169
11,mom_12_1,0.027371776910060885
11,mom_6_1,0.02844224333731624
11,mom_3_1,0.016981661690700294
11,tsmom_12,0.005447369255169757
11,tsmom_sign_12,0.0
11,reversal_1m,0.014209165675504813
11,ma_gap_12m,0.023500721450984672
11,ma_crossover_6_12,0.007374699701468441
11,vol_3m,0.005366585963064805
11,vol_12m,0.035298231599515464
11,vol_regime_3_12,0.002622535099089974
11,log_volume,0.006352052685726915
11,abnormal_log_volume,0.005666672735057995
11,macro_vix,0.35669127782250737
11,macro_epu,0.2607603677283875
11,macro_credit_spread,0.08297202047811782
11,macro_term_spread,0.12094261786732717
12,mom_12_1,0.04182992765431035
12,mom_6_1,0.01472774193504958
12,mom_3_1,0.02057976000495393
12,tsmom_12,0.008176025035356312
12,tsmom_sign_12,4.4866264864982466e-05
12,reversal_1m,0.011568024648873132
12,ma_gap_12m,0.015125879946234004
12,ma_crossover_6_12,0.01271694042617751
12,vol_3m,0.009929685110487148
12,vol_12m,0.08657749322536161
12,vol_regime_3_12,0.0035204270244348366
12,log_volume,0.01923317545683249
12,abnormal_log_volume,0.0071833553056854784
12,macro_vix,0.43148108542052416
12,macro_epu,0.19503744339573864
12,macro_credit_spread,0.055032383742813835
12,macro_term_spread,0.067235785402302
13,mom_12_1,0.03870242140286907
13,mom_6_1,0.015133751466757635
13,mom_3_1,0.017047181200101055
13,tsmom_12,0.008533683278731302
13,tsmom_sign_12,0.00014123047607114093
13,reversal_1m,0.009444982447247237
13,ma_gap_12m,0.0152887141708102
13,ma_crossover_6_12,0.008062608692570798
13,vol_3m,0.009232299167983392
13,vol_12m,0.08025281923076388
13,vol_regime_3_12,0.003936490414129387
13,log_volume,0.020708653524554678
13,abnormal_log_volume,0.006320983275911691
13,macro_vix,0.362793601634089
13,macro_epu,0.22446026384175083
13,macro_credit_spread,0.1130595306460784
13,macro_term_spread,0.06688078512958025
14,mom_12_1,0.035714758360044375
14,mom_6_1,0.032523549795390606
14,mom_3_1,0.024677083971885803
14,tsmom_12,0.007519537951963967
14,tsmom_sign_12,0.0005853478076327593
14,reversal_1m,0.009145777135972264
14,ma_gap_12m,0.02535183304706012
14,ma_crossover_6_12,0.02002274765888482
14,vol_3m,0.0067497465471087386
14,vol_12m,0.08227235604096915
14,vol_regime_3_12,0.0038211358727622702
14,log_volume,0.016409753888482165
14,abnormal_log_volume,0.008177845830561258
14,macro_vix,0.3683052101480075
14,macro_epu,0.1953238428100894
14,macro_credit_spread,0.09477349139868098
14,macro_term_spread,0.0686259817345038
15,mom_12_1,0.02285481336159958
15,mom_6_1,0.024479099056494775
15,mom_3_1,0.01819609001857536
15,tsmom_12,0.006827084079882661
15,tsmom_sign_12,9.09649567264652e-05
15,reversal_1m,0.005352632967980859
15,ma_gap_12m,0.026530262152502534
15,ma_crossover_6_12,0.014941401394443858
15,vol_3m,0.007251926500242046
15,vol_12m,0.11013866588158096
15,vol_regime_3_12,0.0028943902018270184
15,log_volume,0.03041632742304127
15,abnormal_log_volume,0.009017058767514415
15,macro_vix,0.425083788913415
15,macro_epu,0.17590369052394658
15,macro_credit_spread,0.027254961493848134
15,macro_term_spread,0.09276684230637855
16,mom_12_1,0.02103114908766342
16,mom_6_1,0.024216575768740155
16,mom_3_1,0.023604916050264314
16,tsmom_12,0.005709052290187424
16,tsmom_sign_12,0.0
16,reversal_1m,0.006041902072640726
16,ma_gap_12m,0.029218278888995853
16,ma_crossover_6_12,0.012951682707482771
16,vol_3m,0.005361928743286321
16,vol_12m,0.09870395807810572
16,vol_regime_3_12,0.003325932233381145
16,log_volume,0.021231811504850002
16,abnormal_log_volume,0.01588786634475287
16,macro_vix,0.4404596656924514
16,macro_epu,0.1700195527662528
16,macro_credit_spread,0.029051857718095125
16,macro_term_spread,0.09318387005284991
17,mom_12_1,0.03419666388353795
17,mom_6_1,0.019274893363101515
17,mom_3_1,0.029368610832229608
17,tsmom_12,0.005451555099333127
17,tsmom_sign_12,0.00015740805850045773
17,reversal_1m,0.009353862815678305
17,ma_gap_12m,0.056753137991680885
17,ma_crossover_6_12,0.012108993783269899
17,vol_3m,0.00606235454678243
17,vol_12m,0.08467219520095556
17,vol_regime_3_12,0.0040364915535728695
17,log_volume,0.016782282826912912
17,abnormal_log_volume,0.010485840946409138
17,macro_vix,0.3841861489434794
17,macro_epu,0.15890336810438022
17,macro_credit_spread,0.04229293567846751
17,macro_term_spread,0.12591325637170825
18,mom_12_1,0.03867940937403406
18,mom_6_1,0.016589186369125465
18,mom_3_1,0.025701639223135363
18,tsmom_12,0.006164920469802044
18,tsmom_sign_12,0.0
18,reversal_1m,0.00803281907595347
18,ma_gap_12m,0.045922177478053536
18,ma_crossover_6_12,0.0069616658065106245
18,vol_3m,0.008253961788816306
18,vol_12m,0.08653537406338721
18,vol_regime_3_12,0.003722005818830226
18,log_volume,0.015991965767776208
18,abnormal_log_volume,0.010373381425574405
18,macro_vix,0.3936017930239698
18,macro_epu,0.16136040185696557
18,macro_credit_spread,0.036262928721286815
18,macro_term_spread,0.13584636973677885
19,mom_12_1,0.031821871441782716
19,mom_6_1,0.01707177357697797
19,mom_3_1,0.02751509587633791
19,tsmom_12,0.005084932784252712
19,tsmom_sign_12,6.423029784376477e-05
19,reversal_1m,0.00916383133365964
19,ma_gap_12m,0.04997435819263794
19,ma_crossover_6_12,0.009016833040065732
19,vol_3m,0.008186440641476897
19,vol_12m,0.0940194816838051
19,vol_regime_3_12,0.0033723246718622975
19,log_volume,0.015897515158042202
19,abnormal_log_volume,0.011088253533455175
19,macro_vix,0.39143672678651714
19,macro_epu,0.16309218468821
19,macro_credit_spread,0.037202098754110305
19,macro_term_spread,0.1259920475389626
20,mom_12_1,0.032983302413022976
20,mom_6_1,0.015592417038767216
20,mom_3_1,0.027767461278249955
20,tsmom_12,0.005234154292782913
20,tsmom_sign_12,0.0
20,reversal_1m,0.00835870333247828
20,ma_gap_12m,0.042437483678516345
20,ma_crossover_6_12,0.0077738618231376665
20,vol_3m,0.008041718308771598
20,vol_12m,0.09182127040662043
20,vol_regime_3_12,0.004164711846188872
20,log_volume,0.017349356746941474
20,abnormal_log_volume,0.010115655729215337
20,macro_vix,0.40454790449195904
20,macro_epu,0.1510090930644021
20,macro_credit_spread,0.035161428794611746
20,macro_term_spread,0.1376414767543341
21,mom_12_1,0.03069308964489493
21,mom_6_1,0.02017230937055966
21,mom_3_1,0.027267931445090356
21,tsmom_12,0.005098837297851115
21,tsmom_sign_12,4.3507962598322146e-05
21,reversal_1m,0.00844802312630387
21,ma_gap_12m,0.040043588550827826
21,ma_crossover_6_12,0.008257395890815557
21,vol_3m,0.0078736248173522
21,vol_12m,0.06940815555163969
21,vol_regime_3_12,0.002442979329605773
21,log_volume,0.01297840741018539
21,abnormal_log_volume,0.008965762850760601
21,macro_vix,0.35009639000135123
21,macro_epu,0.1709524601992969
21,macro_credit_spread,0.03389005554291354
21,macro_term_spread,0.2033674810079531
22,mom_12_1,0.019155960377520292
22,mom_6_1,0.013681028745730845
22,mom_3_1,0.021789318489375726
22,tsmom_12,0.005088458378206075
22,tsmom_sign_12,0.0
22,reversal_1m,0.00830725110807863
22,ma_gap_12m,0.0486762162085541
22,ma_crossover_6_12,0.007331886463957124
22,vol_3m,0.0102363915299555
22,vol_12m,0.09458112366335746
22,vol_regime_3_12,0.0035166194429431087
22,log_volume,0.017942723828468513
22,abnormal_log_volume,0.006849811445809257
22,macro_vix,0.42650744843321964
22,macro_epu,0.14237350416560007
22,macro_credit_spread,0.05434971092996173
22,macro_term_spread,0.11961254678926192
23,mom_12_1,0.04317992989912366
23,mom_6_1,0.01493476557658771
23,mom_3_1,0.02011709913866617
23,tsmom_12,0.005123755878292127
23,tsmom_sign_12,0.00023168847274197905
23,reversal_1m,0.010030047098908626
23,ma_gap_12m,0.03818894181999443
23,ma_crossover_6_12,0.0061416087784237185
23,vol_3m,0.010507207126583807
23,vol_12m,0.0815936325998532
23,vol_regime_3_12,0.0030136248619426907
23,log_volume,0.008923894837955651
23,abnormal_log_volume,0.006676291504094157
23,macro_vix,0.3310057722739013
23,macro_epu,0.18622550061513943
23,macro_credit_spread,0.10019548253022276
23,macro_term_spread,0.13391075698756866
24,mom_12_1,0.04729973611656813
24,mom_6_1,0.01313410898579922
24,mom_3_1,0.023146275857748456
24,tsmom_12,0.005293621418814128
24,tsmom_sign_12,0.0
24,reversal_1m,0.010505982122659735
24,ma_gap_12m,0.04489775704077547
24,ma_crossover_6_12,0.0050864847665548114
24,vol_3m,0.0065493886797914755
24,vol_12m,0.08965653624150423
24,vol_regime_3_12,0.0030132465402408584
24,log_volume,0.009980658616311715
24,abnormal_log_volume,0.007438926968927089
24,macro_vix,0.34423800577575275
24,macro_epu,0.14695165531303192
24,macro_credit_spread,0.11008555463099763
24,macro_term_spread,0.1327220609245225
25,mom_12_1,0.03641464192039159
25,mom_6_1,0.013558150639494808
25,mom_3_1,0.019772681407127835
25,tsmom_12,0.005401468233061549
25,tsmom_sign_12,7.948338589722615e-05
25,reversal_1m,0.00655851521724987
25,ma_gap_12m,0.07910659623610267
25,ma_crossover_6_12,0.006747641496665178
25,vol_3m,0.004482863962917662
25,vol_12m,0.085527672657576
25,vol_regime_3_12,0.0027085412192627096
25,log_volume,0.008368495055821054
25,abnormal_log_volume,0.005668119470504732
25,macro_vix,0.33268679766432757
25,macro_epu,0.14421970002671222
25,macro_credit_spread,0.10914450348868503
25,macro_term_spread,0.13955412791820235
26,mom_12_1,0.03911570569066294
26,mom_6_1,0.01027602085167615
26,mom_3_1,0.021962773147328446
26,tsmom_12,0.0037484564112135665
26,tsmom_sign_12,0.0
26,reversal_1m,0.008600284271897424
26,ma_gap_12m,0.07748383956821223
26,ma_crossover_6_12,0.0048611506336398635
26,vol_3m,0.00643889516936737
26,vol_12m,0.07854096777972185
26,vol_regime_3_12,0.0026893316771138816
26,log_volume,0.007177951183713971
26,abnormal_log_volume,0.00879752048693278
26,macro_vix,0.34827757411275484
26,macro_epu,0.1388799741393393
26,macro_credit_spread,0.12686434544263947
26,macro_term_spread,0.116285209433786
27,mom_12_1,0.04345495298601078
27,mom_6_1,0.014245939343241892
27,mom_3_1,0.024316149824506295
27,tsmom_12,0.0046603933512134
27,tsmom_sign_12,1.0970865613647321e-05
27,reversal_1m,0.011493758769789838
27,ma_gap_12m,0.07137639962458005
27,ma_crossover_6_12,0.003967412795153143
27,vol_3m,0.00558505682696821
27,vol_12m,0.07888100439407962
27,vol_regime_3_12,0.002492860884252275
27,log_volume,0.008451835007081335
27,abnormal_log_volume,0.008751607223734461
27,macro_vix,0.35250794797962154
27,macro_epu,0.13242087300519984
27,macro_credit_spread,0.12561318552414333
27,macro_term_spread,0.11176965159481039
28,mom_12_1,0.03943185551410824
28,mom_6_1,0.011928701229820624
28,mom_3_1,0.019948648727118524
28,tsmom_12,0.0053589492774216395
28,tsmom_sign_12,0.00019845484482617013
28,reversal_1m,0.01088720459950521
28,ma_gap_12m,0.07739672447237962
28,ma_crossover_6_12,0.004120373886408948
28,vol_3m,0.007537331788780597
28,vol_12m,0.07724712576448192
28,vol_regime_3_12,0.003056883958199115
28,log_volume,0.007726014055542264
28,abnormal_log_volume,0.010410873722006215
28,macro_vix,0.3141827987569565
28,macro_epu,0.14581162676337742
28,macro_credit_spread,0.1565553834370032
28,macro_term_spread,0.10820104920206391
29,mom_12_1,0.04280386598796695
29,mom_6_1,0.01298974977819493
29,mom_3_1,0.0222334088035483
29,tsmom_12,0.0043058593258240045
29,tsmom_sign_12,7.702642780835542e-06
29,reversal_1m,0.010198122374631944
29,ma_gap_12m,0.07502101755931717
29,ma_crossover_6_12,0.004149153353264488
29,vol_3m,0.006450458998403745
29,vol_12m,0.07825567060119305
29,vol_regime_3_12,0.002682420530569408
29,log_volume,0.007389904563038906
29,abnormal_log_volume,0.010688476835485782
29,macro_vix,0.3386460574948013
29,macro_epu,0.13298106485740793
29,macro_credit_spread,0.14544816095528548
29,macro_term_spread,0.10574890533828582
30,mom_12_1,0.040255235051115404
30,mom_6_1,0.012082445016189075
30,mom_3_1,0.024041765194573017
30,tsmom_12,0.004314054718731602
30,tsmom_sign_12,9.607779065057041e-05
30,reversal_1m,0.011623871819035675
30,ma_gap_12m,0.08013420643579243
30,ma_crossover_6_12,0.004388387086710671
30,vol_3m,0.006753003713656562
30,vol_12m,0.07550751448261818
30,vol_regime_3_12,0.002599937324367338
30,log_volume,0.007968567677850886
30,abnormal_log_volume,0.009496212018268581
30,macro_vix,0.3451560839840873
30,macro_epu,0.13011041719384828
30,macro_credit_spread,0.13934875741262137
30,macro_term_spread,0.10612346307988305
31,mom_12_1,0.0415519303902998
31,mom_6_1,0.011289167438585402
31,mom_3_1,0.02530654575111829
31,tsmom_12,0.004374592468681082
31,tsmom_sign_12,0.0
31,reversal_1m,0.01206409821508566
31,ma_gap_12m,0.06820117456596284
31,ma_crossover_6_12,0.0047712592461641775
31,vol_3m,0.00580451748572261
31,vol_12m,0.08956702381671959
31,vol_regime_3_12,0.0022717574376733534
31,log_volume,0.00878016608280759
31,abnormal_log_volume,0.010199655671602277
31,macro_vix,0.32438658191423775
31,macro_epu,0.10087153932573861
31,macro_credit_spread,0.20245793354421066
31,macro_term_spread,0.08810205664539021
32,mom_12_1,0.02806956368113499
32,mom_6_1,0.013500353377457901
32,mom_3_1,0.02196216014511005
32,tsmom_12,0.00525433186746214
32,tsmom_sign_12,0.0
32,reversal_1m,0.021368961339202224
32,ma_gap_12m,0.06937980578018497
32,ma_crossover_6_12,0.006414146099748908
32,vol_3m,0.00832402350116145
32,vol_12m,0.08665946902573456
32,vol_regime_3_12,0.0028514374600557106
32,log_volume,0.01317895638621164
32,abnormal_log_volume,0.009754529265657891
32,macro_vix,0.3539074847253499
32,macro_epu,0.10175303184929028
32,macro_credit_spread,0.17523693292847622
32,macro_term_spread,0.08238481256776115
33,mom_12_1,0.024791046938327777
33,mom_6_1,0.013218971264105138
33,mom_3_1,0.01649440846007998
33,tsmom_12,0.0054301362888027884
33,tsmom_sign_12,0.0
33,reversal_1m,0.021919526355013604
33,ma_gap_12m,0.07024585182835545
33,ma_crossover_6_12,0.006040363235436296
33,vol_3m,0.00796724026970742
33,vol_12m,0.09062663226993967
33,vol_regime_3_12,0.00283874103739294
33,log_volume,0.01595461986209173
33,abnormal_log_volume,0.010201123602172624
33,macro_vix,0.40630873920105787
33,macro_epu,0.10903079303615765
33,macro_credit_spread,0.11199784447876834
33,macro_term_spread,0.08693396187259075
34,mom_12_1,0.02804141920010182
34,mom_6_1,0.012952945881110598
34,mom_3_1,0.014161140179257245
34,tsmom_12,0.005763180924237321
34,tsmom_sign_12,4.0839065486940415e-05
34,reversal_1m,0.009104187797809577
34,ma_gap_12m,0.06501608979672248
34,ma_crossover_6_12,0.006095469178862519
34,vol_3m,0.007479555421902987
34,vol_12m,0.0774168480587364
34,vol_regime_3_12,0.0028763559343655265
34,log_volume,0.00844737178527119
34,abnormal_log_volume,0.007299024647302937
34,macro_vix,0.37564463511591883
34,macro_epu,0.1090584762750062
34,macro_credit_spread,0.13223245855017912
34,macro_term_spread,0.13837000218772819
35,mom_12_1,0.029174616676613915
35,mom_6_1,0.010725754223794293
35,mom_3_1,0.012506682517596441
35,tsmom_12,0.006389407835053222
35,tsmom_sign_12,5.484658070354851e-06
35,reversal_1m,0.010949455422599409
35,ma_gap_12m,0.06332708081684549
35,ma_crossover_6_12,0.014544907130020367
35,vol_3m,0.009330956769365675
35,vol_12m,0.09274612179667437
35,vol_regime_3_12,0.003368944427766876
35,log_volume,0.008873656020079352
35,abnormal_log_volume,0.009516282104094914
35,macro_vix,0.33506415293215036
35,macro_epu,0.11879310541368691
35,macro_credit_spread,0.07944841886536998
35,macro_term_spread,0.19523497239021823
36,mom_12_1,0.03193785786028948
36,mom_6_1,0.03445454619920411
36,mom_3_1,0.012717037512956513
36,tsmom_12,0.00461790305495879
36,tsmom_sign_12,4.084912723401263e-06
36,reversal_1m,0.012816341639496633
36,ma_gap_12m,0.07131313003694625
36,ma_crossover_6_12,0.01406383603019483
36,vol_3m,0.008030915639446528
36,vol_12m,0.08311575137404283
36,vol_regime_3_12,0.0025914502513911556
36,log_volume,0.008097467384896246
36,abnormal_log_volume,0.009385322653418092
36,macro_vix,0.3111333023380008
36,macro_epu,0.11892915174272868
36,macro_credit_spread,0.0753495288252426
36,macro_term_spread,0.20144237254406303
37,mom_12_1,0.02399509677595958
37,mom_6_1,0.03021160136740916
37,mom_3_1,0.012075529982125984
37,tsmom_12,0.003729816309785065
37,tsmom_sign_12,4.97066358074437e-06
37,reversal_1m,0.038596381179308886
37,ma_gap_12m,0.07328298984344365
37,ma_crossover_6_12,0.009436031663707581
37,vol_3m,0.008663268428039807
37,vol_12m,0.08047986834726574
37,vol_regime_3_12,0.0016437248785668725
37,log_volume,0.006059757575642862
37,abnormal_log_volume,0.007482110330349137
37,macro_vix,0.36494054280735433
37,macro_epu,0.11671545997139678
37,macro_credit_spread,0.06876767660498932
37,macro_term_spread,0.15391517327107473
38,mom_12_1,0.019981788942486006
38,mom_6_1,0.030998598019796316
38,mom_3_1,0.017528792581474568
38,tsmom_12,0.0035365458611375054
38,tsmom_sign_12,1.739100526792497e-06
38,reversal_1m,0.037125624507387184
38,ma_gap_12m,0.0694110779815834
38,ma_crossover_6_12,0.007746203935339432
38,vol_3m,0.010320809721366883
38,vol_12m,0.07858004166626054
38,vol_regime_3_12,0.002701139405461037
38,log_volume,0.005818044626359594
38,abnormal_log_volume,0.006849007250039759
38,macro_vix,0.3691851626456531
38,macro_epu,0.12272446044755021
38,macro_credit_spread,0.06690718154519228
38,macro_term_spread,0.15058378176238546
39,mom_12_1,0.021298442288349935
39,mom_6_1,0.033912546443193414
39,mom_3_1,0.014297344791028914
39,tsmom_12,0.0032092124738845114
39,tsmom_sign_12,0.0
39,reversal_1m,0.033360973886412786
39,ma_gap_12m,0.07225605294986245
39,ma_crossover_6_12,0.008363881601638739
39,vol_3m,0.007097756729688088
39,vol_12m,0.07636851825740297
39,vol_regime_3_12,0.0027417449270121103
39,log_volume,0.0061584321597211635
39,abnormal_log_volume,0.007375694971665782
39,macro_vix,0.3736438089129359
39,macro_epu,0.12475432518784207
39,macro_credit_spread,0.07127581657811871
39,macro_term_spread,0.14388544784124252
40,mom_12_1,0.018492989167825054
40,mom_6_1,0.030710248215236654
40,mom_3_1,0.015448815734676869
40,tsmom_12,0.003800879957325422
40,tsmom_sign_12,1.1918055979441999e-05
40,reversal_1m,0.03363070468657577
40,ma_gap_12m,0.07359681552728918
40,ma_crossover_6_12,0.007494021193906175
40,vol_3m,0.006370228830253702
40,vol_12m,0.07374128566390854
40,vol_regime_3_12,0.0023126137052955553
40,log_volume,0.005682676228935225
40,abnormal_log_volume,0.006872000798362679
40,macro_vix,0.3846740552243656
40,macro_epu,0.11550187668439645
40,macro_credit_spread,0.05670332522534909
40,macro_term_spread,0.16495554510031862
41,mom_12_1,0.022275156580345047
41,mom_6_1,0.03319863648832852
41,mom_3_1,0.015581334091969762
41,tsmom_12,0.003614876739556683
41,tsmom_sign_12,0.0
41,reversal_1m,0.03161804878395949
41,ma_gap_12m,0.07435012356927974
41,ma_crossover_6_12,0.006660624032040315
41,vol_3m,0.007362363881898868
41,vol_12m,0.07316913634227129
41,vol_regime_3_12,0.002132522779769364
41,log_volume,0.0046784199961776496
41,abnormal_log_volume,0.007145577076239652
41,macro_vix,0.3702620187679747
41,macro_epu,0.1339468277242167
41,macro_credit_spread,0.05893416962204288
41,macro_term_spread,0.15507016352392944
42,mom_12_1,0.021926632397229914
42,mom_6_1,0.03246094670150581
42,mom_3_1,0.013750930409437406
42,tsmom_12,0.0029385798159587803
42,tsmom_sign_12,0.0
42,reversal_1m,0.030047344227061065
42,ma_gap_12m,0.07291124422881595
42,ma_crossover_6_12,0.008389132367670776
42,vol_3m,0.006376957947744237
42,vol_12m,0.07194127444405898
42,vol_regime_3_12,0.0021467288751898014
42,log_volume,0.005519176690107048
42,abnormal_log_volume,0.005687229207027577
42,macro_vix,0.35966976273548623
42,macro_epu,0.13416900493136233
42,macro_credit_spread,0.07617546873139452
42,macro_term_spread,0.15588958628994973
43,mom_12_1,0.018864191384353086
43,mom_6_1,0.035577194372712784
43,mom_3_1,0.012550350179984442
43,tsmom_12,0.0032245686039332525
43,tsmom_sign_12,0.0
43,reversal_1m,0.029554944069521742
43,ma_gap_12m,0.07633554117064957
43,ma_crossover_6_12,0.009122330835789266
43,vol_3m,0.005349905984196947
43,vol_12m,0.0695011089671696
43,vol_regime_3_12,0.002851093159256676
43,log_volume,0.00564201757314219
43,abnormal_log_volume,0.0062536398707672075
43,macro_vix,0.3503633840622346
43,macro_epu,0.13982255149097786
43,macro_credit_spread,0.06875709064510581
43,macro_term_spread,0.1662300876302049
44,mom_12_1,0.017953161377035474
44,mom_6_1,0.035513841106721455
44,mom_3_1,0.014618696405050282
44,tsmom_12,0.003891549893277904
44,tsmom_sign_12,0.0
44,reversal_1m,0.03070312922884742
44,ma_gap_12m,0.07923376897048141
44,ma_crossover_6_12,0.008855627262471374
44,vol_3m,0.006028844024658917
44,vol_12m,0.07197955729366315
44,vol_regime_3_12,0.002762070567000808
44,log_volume,0.005456969009433102
44,abnormal_log_volume,0.006515635221537617
44,macro_vix,0.3545496138090802
44,macro_epu,0.1314962602741463
44,macro_credit_spread,0.07755120067929833
44,macro_term_spread,0.15289007487729628
45,mom_12_1,0.020784320555483158
45,mom_6_1,0.031442547474635596
45,mom_3_1,0.014363958361871529
45,tsmom_12,0.004260619856030506
45,tsmom_sign_12,0.0
45,reversal_1m,0.030004282844313147
45,ma_gap_12m,0.07666950082608398
45,ma_crossover_6_12,0.006618788257371508
45,vol_3m,0.0053149796728251255
45,vol_12m,0.0721570152916978
45,vol_regime_3_12,0.0026023483455632334
45,log_volume,0.006473411571619722
45,abnormal_log_volume,0.00527703213364343
45,macro_vix,0.35550868642548916
45,macro_epu,0.13599114237306814
45,macro_credit_spread,0.07566644610975583
45,macro_term_spread,0.15686491990054813
46,mom_12_1,0.02027468601431724
46,mom_6_1,0.032671489741619236
46,mom_3_1,0.013533995608850538
46,tsmom_12,0.003793252639585772
46,tsmom_sign_12,0.0
46,reversal_1m,0.029585859708361428
46,ma_gap_12m,0.07884587635503007
46,ma_crossover_6_12,0.007168108370661246
46,vol_3m,0.005602310034951776
46,vol_12m,0.07046298451685278
46,vol_regime_3_12,0.0019156716233904333
46,log_volume,0.006630855394887846
46,abnormal_log_volume,0.006075783414678919
46,macro_vix,0.36015721889124724
46,macro_epu,0.12545757517846837
46,macro_credit_spread,0.08014509159408545
46,macro_term_spread,0.15767924091301178
47,mom_12_1,0.020529090844338006
47,mom_6_1,0.0313557583598018
47,mom_3_1,0.013465557273077348
47,tsmom_12,0.0035863544215045786
47,tsmom_sign_12,0.0
47,reversal_1m,0.03088599618992571
47,ma_gap_12m,0.07281758369413442
47,ma_crossover_6_12,0.009302595614428665
47,vol_3m,0.004852629060119906
47,vol_12m,0.0691510540162497
47,vol_regime_3_12,0.002415319378996692
47,log_volume,0.006324834603039647
47,abnormal_log_volume,0.006422885705813733
47,macro_vix,0.3723204279577688
47,macro_epu,0.11686449697749446
47,macro_credit_spread,0.08143152059615971
47,macro_term_spread,0.15827389530714692
48,mom_12_1,0.019206366364466165
48,mom_6_1,0.03012435520263723
48,mom_3_1,0.013791979241922745
48,tsmom_12,0.0041671011831189665
48,tsmom_sign_12,2.3308169726824806e-05
48,reversal_1m,0.028292632256034532
48,ma_gap_12m,0.07515486812436332
48,ma_crossover_6_12,0.008228256583473127
48,vol_3m,0.004718721580781536
48,vol_12m,0.06946404938980609
48,vol_regime_3_12,0.0012843826258637713
48,log_volume,0.005720109492556343
48,abnormal_log_volume,0.007412171083516212
48,macro_vix,0.3810793365279235
48,macro_epu,0.12029516613790008
48,macro_credit_spread,0.07833055443105161
48,macro_term_spread,0.15270664160485806
49,mom_12_1,0.016304699577368784
49,mom_6_1,0.02921873725431827
49,mom_3_1,0.013811066213931895
49,tsmom_12,0.003272758993681128
49,tsmom_sign_12,0.0
49,reversal_1m,0.028330186333151677
49,ma_gap_12m,0.07060949601584125
49,ma_crossover_6_12,0.009610655459135854
49,vol_3m,0.0051124677339922054
49,vol_12m,0.06773062898544795
49,vol_regime_3_12,0.0020639140186255404
49,log_volume,0.006038459558051248
49,abnormal_log_volume,0.00692381311179124
49,macro_vix,0.38864382778696493
49,macro_epu,0.1195888919258492
49,macro_credit_spread,0.07409612148979242
49,macro_term_spread,0.15864427554205648
50,mom_12_1,0.018571507228485128
50,mom_6_1,0.03195071699080981
50,mom_3_1,0.014792974209883685
50,tsmom_12,0.003983787614986739
50,tsmom_sign_12,0.0
50,reversal_1m,0.030913079457396218
50,ma_gap_12m,0.07049652023439683
50,ma_crossover_6_12,0.008659097420237337
50,vol_3m,0.00653097572925654
50,vol_12m,0.06575304582549515
50,vol_regime_3_12,0.0022584332042872935
50,log_volume,0.006484847678886047
50,abnormal_log_volume,0.007051021667577256
50,macro_vix,0.38291015964809766
50,macro_epu,0.1171827520933493
50,macro_credit_spread,0.07814750171990206
50,macro_term_spread,0.15431357927695302
51,mom_12_1,0.017807826376518777
51,mom_6_1,0.02953483287964965
51,mom_3_1,0.0157748316716668
51,tsmom_12,0.0028120980852893007
51,tsmom_sign_12,0.0
51,reversal_1m,0.030902623678418735
51,ma_gap_12m,0.06867670512101007
51,ma_crossover_6_12,0.008961893253475363
51,vol_3m,0.005291745248634683
51,vol_12m,0.06852395421722157
51,vol_regime_3_12,0.001930768024602527
51,log_volume,0.004954701735219194
51,abnormal_log_volume,0.0059237061013292765
51,macro_vix,0.39715191250253007
51,macro_epu,0.11520669839460726
51,macro_credit_spread,0.07619971925054654
51,macro_term_spread,0.15034598345928019
52,mom_12_1,0.01683960861507042
52,mom_6_1,0.028942302106589678
52,mom_3_1,0.01503510246407962
52,tsmom_12,0.00366518097749343
52,tsmom_sign_12,0.0
52,reversal_1m,0.02907012919786557
52,ma_gap_12m,0.06723357077318073
52,ma_crossover_6_12,0.008941623688479585
52,vol_3m,0.006449073369320856
52,vol_12m,0.07031973643984984
52,vol_regime_3_12,0.0020562456340935107
52,log_volume,0.0063243552527016
52,abnormal_log_volume,0.006834146608138991
52,macro_vix,0.3989748443936618
52,macro_epu,0.11546916751145907
52,macro_credit_spread,0.07410231768056856
52,macro_term_spread,0.1497425952874467
53,mom_12_1,0.01803810323344518
53,mom_6_1,0.03127521812091609
53,mom_3_1,0.017939513208374176
53,tsmom_12,0.0043232101892951074
53,tsmom_sign_12,0.0
53,reversal_1m,0.030095732019044762
53,ma_gap_12m,0.07005909414558947
53,ma_crossover_6_12,0.007355345865968629
53,vol_3m,0.004745014051586175
53,vol_12m,0.06845556640555565
53,vol_regime_3_12,0.002388108368560292
53,log_volume,0.005914858844543584
53,abnormal_log_volume,0.007017709818898956
53,macro_vix,0.39187891887968096
53,macro_epu,0.11626061376981932
53,macro_credit_spread,0.06846813476557698
53,macro_term_spread,0.1557848583131447
54,mom_12_1,0.01874717968878836
54,mom_6_1,0.030010593628357615
54,mom_3_1,0.014174184181694445
54,tsmom_12,0.0034823621957430183
54,tsmom_sign_12,0.0
54,reversal_1m,0.03243912929573917
54,ma_gap_12m,0.07310614633709228
54,ma_crossover_6_12,0.009106694300550725
54,vol_3m,0.006024430619110747
54,vol_12m,0.06970475815391626
54,vol_regime_3_12,0.0026954098184493987
54,log_volume,0.005593072378191124
54,abnormal_log_volume,0.006211535496096809
54,macro_vix,0.3901021898954662
54,macro_epu,0.11447401212767232
54,macro_credit_spread,0.07340331523219266
54,macro_term_spread,0.15072498665093886
55,mom_12_1,0.018831918014386675
55,mom_6_1,0.035637377921917256
55,mom_3_1,0.0174122804354788
55,tsmom_12,0.003924068258590443
55,tsmom_sign_12,1.2239958374532633e-05
55,reversal_1m,0.030963112124117006
55,ma_gap_12m,0.06167040493893567
55,ma_crossover_6_12,0.00766263426574924
55,vol_3m,0.006759460912101851
55,vol_12m,0.07325948484131634
55,vol_regime_3_12,0.0021155757686825926
55,log_volume,0.006021357280912919
55,abnormal_log_volume,0.005398222567209044
55,macro_vix,0.4024868840579366
55,macro_epu,0.11558245434059784
55,macro_credit_spread,0.0742672159097867
55,macro_term_spread,0.1379953084039065
56,mom_12_1,0.017780905426095443
56,mom_6_1,0.031793731272605916
56,mom_3_1,0.01577062097434878
56,tsmom_12,0.0037228711124286927
56,tsmom_sign_12,6.786486951335775e-06
56,reversal_1m,0.03099430383452283
56,ma_gap_12m,0.07583466655454113
56,ma_crossover_6_12,0.008749415653625572
56,vol_3m,0.005911422051470691
56,vol_12m,0.07064663251698948
56,vol_regime_3_12,0.0024082352200352018
56,log_volume,0.006275571362015285
56,abnormal_log_volume,0.007316270002341637
56,macro_vix,0.3662117467077612
56,macro_epu,0.1347345650286674
56,macro_credit_spread,0.061611433350928196
56,macro_term_spread,0.1602308224446713
57,mom_12_1,0.021129521597254022
57,mom_6_1,0.031828424389187406
57,mom_3_1,0.01703740337160525
57,tsmom_12,0.004119373246850611
57,tsmom_sign_12,1.6765722316878805e-05
57,reversal_1m,0.0326991679555519
57,ma_gap_12m,0.07424303914104535
57,ma_crossover_6_12,0.007528774711309982
57,vol_3m,0.005984471969923366
57,vol_12m,0.07081437607750407
57,vol_regime_3_12,0.002410152027819579
57,log_volume,0.006302090534110818
57,abnormal_log_volume,0.00653767711563665
57,macro_vix,0.35797050319058354
57,macro_epu,0.13727457870390083
57,macro_credit_spread,0.05293297110390724
57,macro_term_spread,0.17117070914149243
58,mom_12_1,0.017521211331281636
58,mom_6_1,0.036762085202942815
58,mom_3_1,0.014697398014131809
58,tsmom_12,0.003943101310786054
58,tsmom_sign_12,0.0
58,reversal_1m,0.029661489501457673
58,ma_gap_12m,0.07825015562897529
58,ma_crossover_6_12,0.006183644856078196
58,vol_3m,0.006634118019833964
58,vol_12m,0.0689105380922744
58,vol_regime_3_12,0.0019709189055351632
58,log_volume,0.00650629390921549
58,abnormal_log_volume,0.0064121630910634626
58,macro_vix,0.37056503227589466
58,macro_epu,0.1351644273460029
58,macro_credit_spread,0.05217326394733477
58,macro_term_spread,0.1646441585671917
59,mom_12_1,0.02008800876725924
59,mom_6_1,0.03341137726751802
59,mom_3_1,0.01761237782660517
59,tsmom_12,0.0031606395265717587
59,tsmom_sign_12,0.0
59,reversal_1m,0.031991597721256454
59,ma_gap_12m,0.07493277918159896
59,ma_crossover_6_12,0.0069745959514057616
59,vol_3m,0.006837627920908415
59,vol_12m,0.06983790076468877
59,vol_regime_3_12,0.002510810219462069
59,log_volume,0.006287961105322281
59,abnormal_log_volume,0.006590280560692705
59,macro_vix,0.37755374940828645
59,macro_epu,0.13296841479501434
59,macro_credit_spread,0.05122775448543648
59,macro_term_spread,0.1580141244979731
60,mom_12_1,0.02265890869380646
60,mom_6_1,0.03319210041733937
60,mom_3_1,0.014430983455606226
60,tsmom_12,0.003379037033557066
60,tsmom_sign_12,0.0
60,reversal_1m,0.02999159426695413
60,ma_gap_12m,0.06708240005564385
60,ma_crossover_6_12,0.00703329251433374
60,vol_3m,0.005786721102950004
60,vol_12m,0.07494178363599377
60,vol_regime_3_12,0.0022317791370331445
60,log_volume,0.006232453546315075
60,abnormal_log_volume,0.006599841711777813
60,macro_vix,0.40797057659179825
60,macro_epu,0.1338164011724626
60,macro_credit_spread,0.04003509046859325
60,macro_term_spread,0.14461703619583524
61,mom_12_1,0.020466342519931093
61,mom_6_1,0.032418142073678886
61,mom_3_1,0.01616952541349785
61,tsmom_12,0.003821124086048258
61,tsmom_sign_12,0.0
61,reversal_1m,0.03138218898862363
61,ma_gap_12m,0.06594081231026808
61,ma_crossover_6_12,0.008065752381953284
61,vol_3m,0.006486708601035979
61,vol_12m,0.07430120860831707
61,vol_regime_3_12,0.002544867656617249
61,log_volume,0.005265226747982257
61,abnormal_log_volume,0.006759196963127961
61,macro_vix,0.4144531340459254
61,macro_epu,0.13419056948051297
61,macro_credit_spread,0.041886523443424986
61,macro_term_spread,0.13584867667905517
62,mom_12_1,0.01966436339216169
62,mom_6_1,0.03235313413691048
62,mom_3_1,0.015539552930727304
62,tsmom_12,0.0038554601090608777
62,tsmom_sign_12,0.0
62,reversal_1m,0.03205454634717738
62,ma_gap_12m,0.07209556995166203
62,ma_crossover_6_12,0.008269662673866047
62,vol_3m,0.00587019544640507
62,vol_12m,0.070074261430801
62,vol_regime_3_12,0.0018429801687235847
62,log_volume,0.007084749023730047
62,abnormal_log_volume,0.006266727118837935
62,macro_vix,0.3940411051025564
62,macro_epu,0.13292500835946483
62,macro_credit_spread,0.05129257570659843
62,macro_term_spread,0.14677010810131702
63,mom_12_1,0.023818635244066716
63,mom_6_1,0.03411210057052571
63,mom_3_1,0.014819204964205683
63,tsmom_12,0.004966835508500701
63,tsmom_sign_12,0.0
63,reversal_1m,0.03138838353230589
63,ma_gap_12m,0.06968972879816794
63,ma_crossover_6_12,0.008885288727132765
63,vol_3m,0.006700977372880986
63,vol_12m,0.07176809129950842
63,vol_regime_3_12,0.002087425352952641
63,log_volume,0.007514945484165834
63,abnormal_log_volume,0.006572912560353955
63,macro_vix,0.394750950254808
63,macro_epu,0.13178491763858202
63,macro_credit_spread,0.04939907894450837
63,macro_term_spread,0.1417405237473343
64,mom_12_1,0.020173741359581422
64,mom_6_1,0.03487112028418844
64,mom_3_1,0.014694176536030168
64,tsmom_12,0.004488966770307278
64,tsmom_sign_12,0.0
64,reversal_1m,0.030870998249260897
64,ma_gap_12m,0.06653176302683776
64,ma_crossover_6_12,0.008743286032911518
64,vol_3m,0.0057514529299244055
64,vol_12m,0.0725458927332907
64,vol_regime_3_12,0.0024282808741214195
64,log_volume,0.007050106021988238
64,abnormal_log_volume,0.006161827825775312
64,macro_vix,0.3897507503342841
64,macro_epu,0.1297829309908516
64,macro_credit_spread,0.053732193162609763
64,macro_term_spread,0.1524225128680369
65,mom_12_1,0.02399815997662852
65,mom_6_1,0.033648038872802814
65,mom_3_1,0.01709669373178875
65,tsmom_12,0.0037647890054568283
65,tsmom_sign_12,4.903666216376482e-05
65,reversal_1m,0.03376705666940428
65,ma_gap_12m,0.06367805623431172
65,ma_crossover_6_12,0.007978579655634015
65,vol_3m,0.006305604358927709
65,vol_12m,0.07621665111658223
65,vol_regime_3_12,0.0019541270889692004
65,log_volume,0.008078279932143386
65,abnormal_log_volume,0.006737291883943264
65,macro_vix,0.4046851632508963
65,macro_epu,0.1265474589550909
65,macro_credit_spread,0.049658599535660666
65,macro_term_spread,0.13583641306959568
66,mom_12_1,0.019384329832374557
66,mom_6_1,0.03613182534062305
66,mom_3_1,0.01374892065957915
66,tsmom_12,0.003755641410621386
66,tsmom_sign_12,0.0
66,reversal_1m,0.030552703804806368
66,ma_gap_12m,0.07657443008349013
66,ma_crossover_6_12,0.00882549612540596
66,vol_3m,0.005514869455454428
66,vol_12m,0.07441143263445164
66,vol_regime_3_12,0.002098370555916177
66,log_volume,0.009217913745258276
66,abnormal_log_volume,0.00689374784947612
66,macro_vix,0.38954064318939347
66,macro_epu,0.1302447069840272
66,macro_credit_spread,0.05549549296513359
66,macro_term_spread,0.1376094753639886
67,mom_12_1,0.022030035116975693
67,mom_6_1,0.040644333625927606
67,mom_3_1,0.015837217979820836
67,tsmom_12,0.0038779219355550374
67,tsmom_sign_12,0.0
67,reversal_1m,0.03027896917371837
67,ma_gap_12m,0.073339529220221
67,ma_crossover_6_12,0.009841418939954988
67,vol_3m,0.006003575507426243
67,vol_12m,0.07059935406292227
67,vol_regime_3_12,0.0020635481207202442
67,log_volume,0.007329091651384942
67,abnormal_log_volume,0.0058765347694259475
67,macro_vix,0.3936446255318207
67,macro_epu,0.13339215255618728
67,macro_credit_spread,0.05528106992933834
67,macro_term_spread,0.1299606218786004
68,mom_12_1,0.020672770592037256
68,mom_6_1,0.03551937218398859
68,mom_3_1,0.012675568624537777
68,tsmom_12,0.0036688253157261116
68,tsmom_sign_12,1.5208058616757399e-05
68,reversal_1m,0.03160779599323919
68,ma_gap_12m,0.07529023289792923
68,ma_crossover_6_12,0.008027823335528057
68,vol_3m,0.006930455654334157
68,vol_12m,0.07326102556181979
68,vol_regime_3_12,0.0024899832627490975
68,log_volume,0.007345532984593818
68,abnormal_log_volume,0.006583850461484544
68,macro_vix,0.39352060637151304
68,macro_epu,0.13171269158539328
68,macro_credit_spread,0.054472264280215274
68,macro_term_spread,0.13620599283629412
69,mom_12_1,0.021318715323830905
69,mom_6_1,0.036547644514655024
69,mom_3_1,0.015365231499861567
69,tsmom_12,0.003368201850575288
69,tsmom_sign_12,0.0
69,reversal_1m,0.033194017353012514
69,ma_gap_12m,0.07172434084260824
69,ma_crossover_6_12,0.008054152470126955
69,vol_3m,0.005737604402837166
69,vol_12m,0.07396720100340558
69,vol_regime_3_12,0.0025076148848719843
69,log_volume,0.00869412026177618
69,abnormal_log_volume,0.005967426792941069
69,macro_vix,0.39450017527724945
69,macro_epu,0.12987862096115435
69,macro_credit_spread,0.055319588829521114
69,macro_term_spread,0.13385534373157268
70,mom_12_1,0.019979304851758792
70,mom_6_1,0.04053410723375989
70,mom_3_1,0.014629790929144248
70,tsmom_12,0.0029621435641848516
70,tsmom_sign_12,0.0
70,reversal_1m,0.03080457737233685
70,ma_gap_12m,0.06775010644142143
70,ma_crossover_6_12,0.009104959780572578
70,vol_3m,0.007087175404586334
70,vol_12m,0.07556662037013813
70,vol_regime_3_12,0.0018568251768062767
70,log_volume,0.00866454607506401
70,abnormal_log_volume,0.0070800592137658805
70,macro_vix,0.3975642090893169
70,macro_epu,0.12548452051720507
70,macro_credit_spread,0.05728241477870856
70,macro_term_spread,0.13364863920123024
71,mom_12_1,0.02093335679122014
71,mom_6_1,0.03500209967284214
71,mom_3_1,0.014714544173559649
71,tsmom_12,0.004205749043738791
71,tsmom_sign_12,0.0
71,reversal_1m,0.033310685092573046
71,ma_gap_12m,0.0768065235624655
71,ma_crossover_6_12,0.010244075128077235
71,vol_3m,0.005331947357656958
71,vol_12m,0.0771498551674698
71,vol_regime_3_12,0.0024262098211096325
71,log_volume,0.00807047593166594
71,abnormal_log_volume,0.006745049657669023
71,macro_vix,0.3912338870324101
71,macro_epu,0.11292712646490821
71,macro_credit_spread,0.06601603823455969
71,macro_term_spread,0.13488237686807422
72,mom_12_1,0.023324436475510486
72,mom_6_1,0.03566804302749174
72,mom_3_1,0.014233728514290554
72,tsmom_12,0.0036708311988973
72,tsmom_sign_12,0.0
72,reversal_1m,0.034298169623892934
72,ma_gap_12m,0.06957774205429372
72,ma_crossover_6_12,0.009058487985118208
72,vol_3m,0.006133639493093945
72,vol_12m,0.07869454974597809
72,vol_regime_3_12,0.0018499494595738898
72,log_volume,0.007497895324718965
72,abnormal_log_volume,0.006530922501644322
72,macro_vix,0.3966464280885017
72,macro_epu,0.12280040937280336
72,macro_credit_spread,0.05507109669089523
72,macro_term_spread,0.13494367044329542
73,mom_12_1,0.02184492082569115
73,mom_6_1,0.040145413657128176
73,mom_3_1,0.014531334465001464
73,tsmom_12,0.0039051553720323017
73,tsmom_sign_12,0.0
73,reversal_1m,0.03170087409652876
73,ma_gap_12m,0.07338837804803275
73,ma_crossover_6_12,0.008942833595835696
73,vol_3m,0.0060216740832200345
73,vol_12m,0.07486156190593125
73,vol_regime_3_12,0.0024250390793338307
73,log_volume,0.009027600547599568
73,abnormal_log_volume,0.00724699881908379
73,macro_vix,0.3894333713326551
73,macro_epu,0.12702272163424197
73,macro_credit_spread,0.06591925194784096
73,macro_term_spread,0.12358287058984321
74,mom_12_1,0.01947358214631264
74,mom_6_1,0.03800377919199426
74,mom_3_1,0.01784794505198597
74,tsmom_12,0.00424617269762824
74,tsmom_sign_12,0.0
74,reversal_1m,0.034077753236860825
74,ma_gap_12m,0.07290510162770898
74,ma_crossover_6_12,0.007413805371178641
74,vol_3m,0.007116493680183262
74,vol_12m,0.07654857779065895
74,vol_regime_3_12,0.0022915293405229254
74,log_volume,0.0073482130465255145
74,abnormal_log_volume,0.005506944329342294
74,macro_vix,0.39555887860026007
74,macro_epu,0.12431022743138168
74,macro_credit_spread,0.058788295553092264
74,macro_term_spread,0.12856270090436353
75,mom_12_1,0.021731775971725535
75,mom_6_1,0.0380124177166783
75,mom_3_1,0.015969415243557036
75,tsmom_12,0.00461717702749652
75,tsmom_sign_12,5.613517584557762e-05
75,reversal_1m,0.03171427130427438
75,ma_gap_12m,0.07519787779246112
75,ma_crossover_6_12,0.008401831908107123
75,vol_3m,0.006960242344734699
75,vol_12m,0.07707645811613091
75,vol_regime_3_12,0.001910641564438224
75,log_volume,0.007580305901513335
75,abnormal_log_volume,0.00733756073879532
75,macro_vix,0.39591826993986357
75,macro_epu,0.1236588734696718
75,macro_credit_spread,0.05908155848269393
75,macro_term_spread,0.12477518730201266
76,mom_12_1,0.01993962689852241
76,mom_6_1,0.03821539800139205
76,mom_3_1,0.014127295576432948
76,tsmom_12,0.004546168582671749
76,tsmom_sign_12,0.0
76,reversal_1m,0.03364680103603389
76,ma_gap_12m,0.07520093959834204
76,ma_crossover_6_12,0.0062665382786176735
76,vol_3m,0.006894857704534261
76,vol_12m,0.07932315269971599
76,vol_regime_3_12,0.0017891340116894113
76,log_volume,0.00813451213061026
76,abnormal_log_volume,0.006553122832842436
76,macro_vix,0.405133653179245
76,macro_epu,0.11981396307973266
76,macro_credit_spread,0.05307334143828773
76,macro_term_spread,0.12734149495132965
77,mom_12_1,0.023323368719316964
77,mom_6_1,0.038642380157778586
77,mom_3_1,0.017582224701684166
77,tsmom_12,0.003966089370737236
77,tsmom_sign_12,1.0064201999329919e-05
77,reversal_1m,0.03365912723683661
77,ma_gap_12m,0.06713675936675548
77,ma_crossover_6_12,0.010079401947927844
77,vol_3m,0.006252781805502353
77,vol_12m,0.07384660926120144
77,vol_regime_3_12,0.0017794131207045513
77,log_volume,0.008382597700969314
77,abnormal_log_volume,0.006454449268013659
77,macro_vix,0.3991903342539806
77,macro_epu,0.1265913265593936
77,macro_credit_spread,0.06290723273476642
77,macro_term_spread,0.12019583959243187
78,mom_12_1,0.023651141557247412
78,mom_6_1,0.03977717130944837
78,mom_3_1,0.016758688052100117
78,tsmom_12,0.0033834764688746096
78,tsmom_sign_12,0.0
78,reversal_1m,0.0320644594534395
78,ma_gap_12m,0.07559341473361755
78,ma_crossover_6_12,0.011303124929041102
78,vol_3m,0.00657843560778224
78,vol_12m,0.07189611905226065
78,vol_regime_3_12,0.002669072465355679
78,log_volume,0.009189683407538658
78,abnormal_log_volume,0.006488763640331089
78,macro_vix,0.38317207519463986
78,macro_epu,0.12611876275562087
78,macro_credit_spread,0.061601291745243716
78,macro_term_spread,0.12975431962745865
79,mom_12_1,0.022904441150999866
79,mom_6_1,0.037404543982289686
79,mom_3_1,0.01676840840852704
79,tsmom_12,0.003685913285982025
79,tsmom_sign_12,0.0
79,reversal_1m,0.035188871928666265
79,ma_gap_12m,0.07121436041981452
79,ma_crossover_6_12,0.008565001808743497
79,vol_3m,0.006756034257034648
79,vol_12m,0.07665287783498179
79,vol_regime_3_12,0.002227104981438128
79,log_volume,0.008396512062364348
79,abnormal_log_volume,0.006149499331734635
79,macro_vix,0.3866112212012985
79,macro_epu,0.12693126768117777
79,macro_credit_spread,0.05777594505545632
79,macro_term_spread,0.13276799660949112
80,mom_12_1,0.0191111696795409
80,mom_6_1,0.0366689279100936
80,mom_3_1,0.01612424431822224
80,tsmom_12,0.0039054809150754132
80,tsmom_sign_12,0.0
80,reversal_1m,0.03533440960783967
80,ma_gap_12m,0.07011279589734072
80,ma_crossover_6_12,0.008000243022875173
80,vol_3m,0.004946643959326118
80,vol_12m,0.07515274311123302
80,vol_regime_3_12,0.00268929649240232
80,log_volume,0.007060930612923717
80,abnormal_log_volume,0.006288555480115324
80,macro_vix,0.38137382978035583
80,macro_epu,0.13701932773712402
80,macro_credit_spread,0.0650209111885323
80,macro_term_spread,0.13119049028699964
81,mom_12_1,0.020635044502836226
81,mom_6_1,0.039322393995481736
81,mom_3_1,0.01462530134521957
81,tsmom_12,0.003959578940510636
81,tsmom_sign_12,1.0638562271290919e-05
81,reversal_1m,0.030620323524891146
81,ma_gap_12m,0.0754799077999368
81,ma_crossover_6_12,0.008846129597859456
81,vol_3m,0.005663724578819778
81,vol_12m,0.0749075859091595
81,vol_regime_3_12,0.0018097214809377662
81,log_volume,0.008897162355401951
81,abnormal_log_volume,0.0060403089444634375
81,macro_vix,0.370827944113871
81,macro_epu,0.1379418939355829
81,macro_credit_spread,0.06941852136501495
81,macro_term_spread,0.13099381904774174
82,mom_12_1,0.023819505202451463
82,mom_6_1,0.03747421410870464
82,mom_3_1,0.014104293986863378
82,tsmom_12,0.005001612172634969
82,tsmom_sign_12,0.0
82,reversal_1m,0.03408424630995298
82,ma_gap_12m,0.0751453309318265
82,ma_crossover_6_12,0.00906533530569789
82,vol_3m,0.005935518707706351
82,vol_12m,0.07490711987511
82,vol_regime_3_12,0.0023631288186202466
82,log_volume,0.007787543294339057
82,abnormal_log_volume,0.006835420877378352
82,macro_vix,0.3639554569699429
82,macro_epu,0.13852471261866875
82,macro_credit_spread,0.07510838515561395
82,macro_term_spread,0.1258881756644886
83,mom_12_1,0.02064747442894367
83,mom_6_1,0.0436915102277943
83,mom_3_1,0.017401299536258946
83,tsmom_12,0.003971553646864687
83,tsmom_sign_12,0.0
83,reversal_1m,0.03466001088547794
83,ma_gap_12m,0.07415098988675743
83,ma_crossover_6_12,0.008401692709416115
83,vol_3m,0.0067534366190720565
83,vol_12m,0.07403677158806829
83,vol_regime_3_12,0.0024015170491776964
83,log_volume,0.008033738571337391
83,abnormal_log_volume,0.006263984432970813
83,macro_vix,0.3728178976737239
83,macro_epu,0.13594296180043522
83,macro_credit_spread,0.06679283574966212
83,macro_term_spread,0.12403232519403935
84,mom_12_1,0.025351184308632497
84,mom_6_1,0.037234896269779785
84,mom_3_1,0.014252517373645678
84,tsmom_12,0.003898846931169015
84,tsmom_sign_12,0.0
84,reversal_1m,0.034257520643415404
84,ma_gap_12m,0.07389466298120367
84,ma_crossover_6_12,0.008344822487462272
84,vol_3m,0.006842052937199846
84,vol_12m,0.07525326716886797
84,vol_regime_3_12,0.0018906428868823233
84,log_volume,0.008719210076329508
84,abnormal_log_volume,0.007464614641177448
84,macro_vix,0.37057645347875273
84,macro_epu,0.1412486625398539
84,macro_credit_spread,0.07256570090320386
84,macro_term_spread,0.11820494437242404
85,mom_12_1,0.024773643289675195
85,mom_6_1,0.0383661959763709
85,mom_3_1,0.014579343002920702
85,tsmom_12,0.0039600096311677244
85,tsmom_sign_12,0.0
85,reversal_1m,0.03427410533824587
85,ma_gap_12m,0.07692954340273893
85,ma_crossover_6_12,0.009597650156160613
85,vol_3m,0.006670012714876149
85,vol_12m,0.07452711505208669
85,vol_regime_3_12,0.002549568020010517
85,log_volume,0.008844622667050904
85,abnormal_log_volume,0.007001142041837088
85,macro_vix,0.36743713474284145
85,macro_epu,0.1339721234205857
85,macro_credit_spread,0.07423946564630657
85,macro_term_spread,0.12227832489712487
86,mom_12_1,0.024795896554069597
86,mom_6_1,0.040448235706548374
86,mom_3_1,0.01471747209094192
86,tsmom_12,0.0038519773053198943
86,tsmom_sign_12,0.0
86,reversal_1m,0.03111581376747646
86,ma_gap_12m,0.0785362461937536
86,ma_crossover_6_12,0.009951443835936795
86,vol_3m,0.00609228468911424
86,vol_12m,0.07687376842436305
86,vol_regime_3_12,0.002739732719395591
86,log_volume,0.007925351858976493
86,abnormal_log_volume,0.007488624634320161
86,macro_vix,0.3628801064839291
86,macro_epu,0.13821932904486756
86,macro_credit_spread,0.07503941301022261
86,macro_term_spread,0.11932430368076467
87,mom_12_1,0.02450679544887751
87,mom_6_1,0.037757019521408135
87,mom_3_1,0.01577882990039056
87,tsmom_12,0.0042526306937202335
87,tsmom_sign_12,0.0
87,reversal_1m,0.032119731076777146
87,ma_gap_12m,0.07203700239535281
87,ma_crossover_6_12,0.007960127366546535
87,vol_3m,0.008993954297552936
87,vol_12m,0.07960778777361105
87,vol_regime_3_12,0.002540327148018427
87,log_volume,0.007983370802213133
87,abnormal_log_volume,0.007024961489016955
87,macro_vix,0.3608011216390507
87,macro_epu,0.11938762997550102
87,macro_credit_spread,0.10287669170059806
87,macro_term_spread,0.11637201877136473
88,mom_12_1,0.0194345863963046
88,mom_6_1,0.032154013655235646
88,mom_3_1,0.01567787268362029
88,tsmom_12,0.003953867448925885
88,tsmom_sign_12,0.0
88,reversal_1m,0.033960085479918384
88,ma_gap_12m,0.06945240886103235
88,ma_crossover_6_12,0.008343710391772325
88,vol_3m,0.006920844508374568
88,vol_12m,0.08132139206267736
88,vol_regime_3_12,0.0028369047329348837
88,log_volume,0.008652872122511441
88,abnormal_log_volume,0.007530523841736914
88,macro_vix,0.3596637882590509
88,macro_epu,0.12291803996635586
88,macro_credit_spread,0.10890809555645238
88,macro_term_spread,0.11827099403309622
89,mom_12_1,0.02055934757382005
89,mom_6_1,0.03573728255561633
89,mom_3_1,0.015548548542026438
89,tsmom_12,0.004107187258506876
89,tsmom_sign_12,3.6877913136722736e-05
89,reversal_1m,0.03184568161289634
89,ma_gap_12m,0.06742033317216227
89,ma_crossover_6_12,0.008407218298900555
89,vol_3m,0.006484041870599483
89,vol_12m,0.07865328139480059
89,vol_regime_3_12,0.002628580669836256
89,log_volume,0.009346947715598694
89,abnormal_log_volume,0.007302401983636516
89,macro_vix,0.36435081478415104
89,macro_epu,0.12063024904005991
89,macro_credit_spread,0.11115515678864665
89,macro_term_spread,0.11578604882560521
90,mom_12_1,0.023258912684273488
90,mom_6_1,0.038407335609133834
90,mom_3_1,0.015087114721777022
90,tsmom_12,0.004163105817581985
90,tsmom_sign_12,0.0
90,reversal_1m,0.03412660534113668
90,ma_gap_12m,0.06800866376866352
90,ma_crossover_6_12,0.007898541189679323
90,vol_3m,0.006443000685724054
90,vol_12m,0.07980030659378695
90,vol_regime_3_12,0.0024772641736597444
90,log_volume,0.007838807801493439
90,abnormal_log_volume,0.008063710319380078
90,macro_vix,0.3683091299170804
90,macro_epu,0.12334161204594891
90,macro_credit_spread,0.09586797862194343
90,macro_term_spread,0.11690791070873714
91,mom_12_1,0.022563734751781736
91,mom_6_1,0.04091413625573761
91,mom_3_1,0.01479595902181064
91,tsmom_12,0.004654180669931479
91,tsmom_sign_12,0.0
91,reversal_1m,0.03322112804563569
91,ma_gap_12m,0.07174703002897269
91,ma_crossover_6_12,0.010139499947094944
91,vol_3m,0.007260297556448339
91,vol_12m,0.08050437078701259
91,vol_regime_3_12,0.002054267877615878
91,log_volume,0.00874188922135354
91,abnormal_log_volume,0.007211027094286829
91,macro_vix,0.3453663587642541
91,macro_epu,0.12691204841410167
91,macro_credit_spread,0.1109015484205775
91,macro_term_spread,0.1130125231433847
92,mom_12_1,0.024620107660164033
92,mom_6_1,0.037541190431058365
92,mom_3_1,0.014746660333655643
92,tsmom_12,0.004353577177796852
92,tsmom_sign_12,0.0
92,reversal_1m,0.034294968960821993
92,ma_gap_12m,0.07693596366900882
92,ma_crossover_6_12,0.015197855935819928
92,vol_3m,0.005290150907377765
92,vol_12m,0.0772502226547813
92,vol_regime_3_12,0.0023964561270654614
92,log_volume,0.00997113384563989
92,abnormal_log_volume,0.0069859260994217225
92,macro_vix,0.3345747767997906
92,macro_epu,0.12762408797062436
92,macro_credit_spread,0.12282735566665318
92,macro_term_spread,0.10538956576032012
93,mom_12_1,0.02463920375832579
93,mom_6_1,0.039152196593206186
93,mom_3_1,0.013534692335919323
93,tsmom_12,0.005431474860085625
93,tsmom_sign_12,0.0
93,reversal_1m,0.03404861513414287
93,ma_gap_12m,0.07286798840799195
93,ma_crossover_6_12,0.018402161950850076
93,vol_3m,0.005704223908449665
93,vol_12m,0.0806155788836938
93,vol_regime_3_12,0.0018686774029320534
93,log_volume,0.01012279965419851
93,abnormal_log_volume,0.006706383728520494
93,macro_vix,0.31833718379497267
93,macro_epu,0.12898993491386168
93,macro_credit_spread,0.14365935234354577
93,macro_term_spread,0.09591953232930356
94,mom_12_1,0.028221072961773286
94,mom_6_1,0.03752883389545226
94,mom_3_1,0.013040870473516873
94,tsmom_12,0.005710512747297515
94,tsmom_sign_12,0.0
94,reversal_1m,0.030705626010239608
94,ma_gap_12m,0.07716379130521413
94,ma_crossover_6_12,0.018486118267529
94,vol_3m,0.005455492482559925
94,vol_12m,0.07609902148961444
94,vol_regime_3_12,0.0024574164634476583
94,log_volume,0.009848043634778869
94,abnormal_log_volume,0.0077890696973724515
94,macro_vix,0.3205875990675245
94,macro_epu,0.13107469029415392
94,macro_credit_spread,0.1382339651896738
94,macro_term_spread,0.09759787601985181
95,mom_12_1,0.028344453457475726
95,mom_6_1,0.03611598657008411
95,mom_3_1,0.014497682527115799
95,tsmom_12,0.004275719537809123
95,tsmom_sign_12,1.452354350086727e-05
95,reversal_1m,0.0317830312069371
95,ma_gap_12m,0.07549198880189911
95,ma_crossover_6_12,0.018804544275176364
95,vol_3m,0.006071043125902562
95,vol_12m,0.0780093861051506
95,vol_regime_3_12,0.0026117800065341783
95,log_volume,0.008706752102222158
95,abnormal_log_volume,0.007663331954197964
95,macro_vix,0.2553372417564807
95,macro_epu,0.13422546682063455
95,macro_credit_spread,0.20296034862064619
95,macro_term_spread,0.09508671958823295
96,mom_12_1,0.024000159986179128
96,mom_6_1,0.03700571214823133
96,mom_3_1,0.014230824305583
96,tsmom_12,0.004045412289180223
96,tsmom_sign_12,1.2516988804802484e-05
96,reversal_1m,0.027036544925136092
96,ma_gap_12m,0.08059571600313375
96,ma_crossover_6_12,0.00986691700855193
96,vol_3m,0.005397176377667259
96,vol_12m,0.07696141580207193
96,vol_regime_3_12,0.0023510859151333087
96,log_volume,0.009521040878980966
96,abnormal_log_volume,0.0070738336482669036
96,macro_vix,0.26518659287559293
96,macro_epu,0.17970128312186043
96,macro_credit_spread,0.1548375560777723
96,macro_term_spread,0.1021762116478539
97,mom_12_1,0.02734511150226281
97,mom_6_1,0.03462238066302317
97,mom_3_1,0.015090564582579354
97,tsmom_12,0.004400083661467475
97,tsmom_sign_12,0.0
97,reversal_1m,0.027955648848855003
97,ma_gap_12m,0.08211293893342675
97,ma_crossover_6_12,0.010999257905717234
97,vol_3m,0.005188031337331363
97,vol_12m,0.07513027997791352
97,vol_regime_3_12,0.0021222811470086467
97,log_volume,0.008483002556417256
97,abnormal_log_volume,0.006683033024795459
97,macro_vix,0.25574432539796266
97,macro_epu,0.18666433772406282
97,macro_credit_spread,0.15983536946387114
97,macro_term_spread,0.09762335327330532
98,mom_12_1,0.029125781378637933
98,mom_6_1,0.04084876955776689
98,mom_3_1,0.013474618071726003
98,tsmom_12,0.0047711145025020425
98,tsmom_sign_12,0.0
98,reversal_1m,0.02999306447450243
98,ma_gap_12m,0.08153939679378389
98,ma_crossover_6_12,0.011470215066496186
98,vol_3m,0.004495511224923044
98,vol_12m,0.07619581950633438
98,vol_regime_3_12,0.002590049939313309
98,log_volume,0.009958817109421673
98,abnormal_log_volume,0.0071861199947695084
98,macro_vix,0.23816273412190517
98,macro_epu,0.1686278178990973
98,macro_credit_spread,0.18685511750227798
98,macro_term_spread,0.09470505285654231
99,mom_12_1,0.039183677248247985
99,mom_6_1,0.03985371425044713
99,mom_3_1,0.01342270404238937
99,tsmom_12,0.006730241662661905
99,tsmom_sign_12,3.6032318400400226e-05
99,reversal_1m,0.02706452637068314
99,ma_gap_12m,0.08019934641828882
99,ma_crossover_6_12,0.01387250817350103
99,vol_3m,0.004924957728305855
99,vol_12m,0.07009927152100531
99,vol_regime_3_12,0.0022726996175172556
99,log_volume,0.009022449574341956
99,abnormal_log_volume,0.007575759394660879
99,macro_vix,0.2278590514681073
99,macro_epu,0.1429357746076735
99,macro_credit_spread,0.21574207743202367
99,macro_term_spread,0.09920520817174455
100,mom_12_1,0.0477415760985661
100,mom_6_1,0.0410343495715605
100,mom_3_1,0.011311988289492226
100,tsmom_12,0.006524421170933289
100,tsmom_sign_12,0.0
100,reversal_1m,0.020529338178469605
100,ma_gap_12m,0.06659119010028787
100,ma_crossover_6_12,0.01977124422448128
100,vol_3m,0.004035585472449275
100,vol_12m,0.07271383371341295
100,vol_regime_3_12,0.001954387059865535
100,log_volume,0.009185979828700482
100,abnormal_log_volume,0.007222065176198204
100,macro_vix,0.21478429682829417
100,macro_epu,0.15925370944515535
100,macro_credit_spread,0.21574524045611987
100,macro_term_spread,0.10160079438601331
101,mom_12_1,0.032467758572551686
101,mom_6_1,0.04101315553619067
101,mom_3_1,0.013728618570532241
101,tsmom_12,0.007091046617274035
101,tsmom_sign_12,0.0
101,reversal_1m,0.02783258566533878
101,ma_gap_12m,0.07825465674223439
101,ma_crossover_6_12,0.021695483659699817
101,vol_3m,0.0040893241787605
101,vol_12m,0.0690897375989237
101,vol_regime_3_12,0.002160931442310632
101,log_volume,0.010639859817797087
101,abnormal_log_volume,0.008032302850784549
101,macro_vix,0.23497479509460234
101,macro_epu,0.1448170601998023
101,macro_credit_spread,0.1839751878599094
101,macro_term_spread,0.1201374955932879
102,mom_12_1,0.03898841423599111
102,mom_6_1,0.04103336106716098
102,mom_3_1,0.01337126394829997
102,tsmom_12,0.0061878291511060935
102,tsmom_sign_12,0.0
102,reversal_1m,0.03169656742687418
102,ma_gap_12m,0.08569622170573486
102,ma_crossover_6_12,0.014815684343073225
102,vol_3m,0.004691675861806916
102,vol_12m,0.06611771192385338
102,vol_regime_3_12,0.002227748608228121
102,log_volume,0.010310845385271687
102,abnormal_log_volume,0.007838835364835758
102,macro_vix,0.2506330097139022
102,macro_epu,0.13903953987770576
102,macro_credit_spread,0.17443115971930828
102,macro_term_spread,0.11292013166684761
103,mom_12_1,0.06349018889303167
103,mom_6_1,0.027819454561806876
103,mom_3_1,0.016435863215117936
103,tsmom_12,0.0051305071677151416
103,tsmom_sign_12,0.0
103,reversal_1m,0.015783083562174123
103,ma_gap_12m,0.05098121032218821
103,ma_crossover_6_12,0.034180883563560055
103,vol_3m,0.0033048709748654394
103,vol_12m,0.05268036652357156
103,vol_regime_3_12,0.0028470154003615925
103,log_volume,0.005557967774919803
103,abnormal_log_volume,0.005813516068502677
103,macro_vix,0.20383606911019622
103,macro_epu,0.10863407377189199
103,macro_credit_spread,0.27667909495756937
103,macro_term_spread,0.12682583413252727
104,mom_12_1,0.06191196309471139
104,mom_6_1,0.02406445616738618
104,mom_3_1,0.02385104792582695
104,tsmom_12,0.0052434000847746964
104,tsmom_sign_12,3.713986892196171e-06
104,reversal_1m,0.026471722932618562
104,ma_gap_12m,0.05303863573089604
104,ma_crossover_6_12,0.03733800364483454
104,vol_3m,0.005460937069774847
104,vol_12m,0.0570619892813948
104,vol_regime_3_12,0.003200985280392257
104,log_volume,0.006773287459805191
104,abnormal_log_volume,0.0050739390880155085
104,macro_vix,0.1867980472311318
104,macro_epu,0.09232193336286641
104,macro_credit_spread,0.2846680286503184
104,macro_term_spread,0.12671790900836022
105,mom_12_1,0.06484798934991394
105,mom_6_1,0.02977375382242252
105,mom_3_1,0.034361993702719605
105,tsmom_12,0.006291267323900661
105,tsmom_sign_12,0.0
105,reversal_1m,0.025794079140152023
105,ma_gap_12m,0.05506199388683396
105,ma_crossover_6_12,0.03500279671123996
105,vol_3m,0.006644940386230173
105,vol_12m,0.061258540402185604
105,vol_regime_3_12,0.003900097536218122
105,log_volume,0.007603196141755254
105,abnormal_log_volume,0.007041361968543286
105,macro_vix,0.12042287111405599
105,macro_epu,0.1481180314187945
105,macro_credit_spread,0.313341183259939
105,macro_term_spread,0.0805359038350954
106,mom_12_1,0.043082764458185256
106,mom_6_1,0.03113437313381954
106,mom_3_1,0.02326959697362198
106,tsmom_12,0.005194710666257461
106,tsmom_sign_12,0.0
106,reversal_1m,0.025076699195112462
106,ma_gap_12m,0.06444238016988556
106,ma_crossover_6_12,0.035598195030182904
106,vol_3m,0.010169424676257994
106,vol_12m,0.06875638904761569
106,vol_regime_3_12,0.0045742548361024996
106,log_volume,0.006461976207803671
106,abnormal_log_volume,0.01021620098985533
106,macro_vix,0.1388532651532869
106,macro_epu,0.13857429507931088
106,macro_credit_spread,0.31038250795397915
106,macro_term_spread,0.08421296642872277
107,mom_12_1,0.026593609537949498
107,mom_6_1,0.028724663010163607
107,mom_3_1,0.010699567756236813
107,tsmom_12,0.005945753625616592
107,tsmom_sign_12,8.348952447686481e-05
107,reversal_1m,0.04162688772411247
107,ma_gap_12m,0.02951494870555354
107,ma_crossover_6_12,0.018799315807351707
107,vol_3m,0.01264459540411369
107,vol_12m,0.06603445308060722
107,vol_regime_3_12,0.005093502765945583
107,log_volume,0.00693228069489997
107,abnormal_log_volume,0.007159982524895486
107,macro_vix,0.3869977055782029
107,macro_epu,0.09385449178366903
107,macro_credit_spread,0.2104764288010061
107,macro_term_spread,0.048818323675198935
108,mom_12_1,0.028957978375210143
108,mom_6_1,0.028910555301320206
108,mom_3_1,0.011921715846145845
108,tsmom_12,0.004506936778576834
108,tsmom_sign_12,7.911727956027614e-05
108,reversal_1m,0.018003471676284216
108,ma_gap_12m,0.029683860558876618
108,ma_crossover_6_12,0.022136360565072528
108,vol_3m,0.015117437003062176
108,vol_12m,0.06351402547664982
108,vol_regime_3_12,0.003221993669624336
108,log_volume,0.006378283531510573
108,abnormal_log_volume,0.0064737979103779136
108,macro_vix,0.39049667410345706
108,macro_epu,0.10757668046721014
108,macro_credit_spread,0.20731112490374626
108,macro_term_spread,0.05570998655331516
109,mom_12_1,0.030279575967503365
109,mom_6_1,0.01888394705377355
109,mom_3_1,0.011757277841345266
109,tsmom_12,0.00490152447545504
109,tsmom_sign_12,0.00017416658396900964
109,reversal_1m,0.027001826279482312
109,ma_gap_12m,0.032163092064286795
109,ma_crossover_6_12,0.029302001189988634
109,vol_3m,0.014306786594931335
109,vol_12m,0.05856713071207598
109,vol_regime_3_12,0.003350529853415863
109,log_volume,0.006791651062100491
109,abnormal_log_volume,0.0066694418344228484
109,macro_vix,0.0895336704819082
109,macro_epu,0.16454027853019496
109,macro_credit_spread,0.389375502582794
109,macro_term_spread,0.11240159689235218
110,mom_12_1,0.02181166725655152
110,mom_6_1,0.020780914976050988
110,mom_3_1,0.012800448091456357
110,tsmom_12,0.00502139466036286
110,tsmom_sign_12,8.802508533456618e-05
110,reversal_1m,0.03852364751993964
110,ma_gap_12m,0.051471561563987155
110,ma_crossover_6_12,0.0312602982924918
110,vol_3m,0.009945970620492604
110,vol_12m,0.05871142652569105
110,vol_regime_3_12,0.004430749064998133
110,log_volume,0.007544401550286484
110,abnormal_log_volume,0.007296915322323889
110,macro_vix,0.11712364470678605
110,macro_epu,0.2183739261714296
110,macro_credit_spread,0.2904499224503772
110,macro_term_spread,0.10436508614144017
111,mom_12_1,0.02432790314112898
111,mom_6_1,0.030983569326510037
111,mom_3_1,0.012855311682091562
111,tsmom_12,0.0048674471058245995
111,tsmom_sign_12,5.301590025520957e-05
111,reversal_1m,0.029463447101678298
111,ma_gap_12m,0.03853269395977225
111,ma_crossover_6_12,0.024886570538899654
111,vol_3m,0.010828298766909522
111,vol_12m,0.054768748641996004
111,vol_regime_3_12,0.0028289299077993314
111,log_volume,0.0051601608090420985
111,abnormal_log_volume,0.005980218361964152
111,macro_vix,0.1664286299210557
111,macro_epu,0.1759526411854269
111,macro_credit_spread,0.2985690694137978
111,macro_term_spread,0.1135133442358478
112,mom_12_1,0.031930510522481206
112,mom_6_1,0.023501585848052536
112,mom_3_1,0.010654273541538093
112,tsmom_12,0.004074161410700879
112,tsmom_sign_12,0.0
112,reversal_1m,0.01798652290302986
112,ma_gap_12m,0.025183674822148353
112,ma_crossover_6_12,0.027712650937024557
112,vol_3m,0.011885790495926215
112,vol_12m,0.056110071762305036
112,vol_regime_3_12,0.003604749556190426
112,log_volume,0.005013171841957787
112,abnormal_log_volume,0.00422580099793685
112,macro_vix,0.054963480675864144
112,macro_epu,0.10385819327672643
112,macro_credit_spread,0.42846498403725436
112,macro_term_spread,0.19083037737086314
113,mom_12_1,0.03594712296726661
113,mom_6_1,0.04456537323265806
113,mom_3_1,0.011501476420704145
113,tsmom_12,0.004324968666959702
113,tsmom_sign_12,0.0
113,reversal_1m,0.01742706668220291
113,ma_gap_12m,0.0606120361206764
113,ma_crossover_6_12,0.02380221477998356
113,vol_3m,0.0071524050687551246
113,vol_12m,0.04356589977216588
113,vol_regime_3_12,0.0029422610630093593
113,log_volume,0.0052968585845515215
113,abnormal_log_volume,0.005491243915814534
113,macro_vix,0.08323600802667122
113,macro_epu,0.06944247095174676
113,macro_credit_spread,0.4257823453463742
113,macro_term_spread,0.1589102484004599
114,mom_12_1,0.021214016134362683
114,mom_6_1,0.04925792140889478
114,mom_3_1,0.013277000437453855
114,tsmom_12,0.004225010187450404
114,tsmom_sign_12,0.0
114,reversal_1m,0.018123559322753585
114,ma_gap_12m,0.06437685560989193
114,ma_crossover_6_12,0.036499402677973594
114,vol_3m,0.006991437513316343
114,vol_12m,0.03538483537591851
114,vol_regime_3_12,0.00471733777246066
114,log_volume,0.005136531471410393
114,abnormal_log_volume,0.0059081516117080865
114,macro_vix,0.08571026306463936
114,macro_epu,0.08230222625463264
114,macro_credit_spread,0.42471315153474465
114,macro_term_spread,0.1421622996223886
115,mom_12_1,0.021703624732060684
115,mom_6_1,0.054525528009571736
115,mom_3_1,0.010990079064098001
115,tsmom_12,0.00457379914655994
115,tsmom_sign_12,0.0
115,reversal_1m,0.019511226377717152
115,ma_gap_12m,0.07335512025284026
115,ma_crossover_6_12,0.023275313835016014
115,vol_3m,0.007605570654706377
115,vol_12m,0.03551056926571968
115,vol_regime_3_12,0.004799799710351619
115,log_volume,0.005648553902497178
115,abnormal_log_volume,0.005911826677763682
115,macro_vix,0.08423510234495389
115,macro_epu,0.083455218572995
115,macro_credit_spread,0.42393211746719067
115,macro_term_spread,0.14096654998595798
116,mom_12_1,0.02021283168111135
116,mom_6_1,0.05358621009208192
116,mom_3_1,0.012348177816667263
116,tsmom_12,0.0041287705881404325
116,tsmom_sign_12,0.0
116,reversal_1m,0.020961479635156276
116,ma_gap_12m,0.033857170609986886
116,ma_crossover_6_12,0.03485284519535009
116,vol_3m,0.012593476083727753
116,vol_12m,0.031227402828932646
116,vol_regime_3_12,0.006411174860186414
116,log_volume,0.005252047005340518
116,abnormal_log_volume,0.0077682697589629025
116,macro_vix,0.0631462808664331
116,macro_epu,0.10242330740080183
116,macro_credit_spread,0.45602725247776976
116,macro_term_spread,0.13520330309935097
117,mom_12_1,0.01951396844818449
117,mom_6_1,0.0499615512204071
117,mom_3_1,0.012318017759551454
117,tsmom_12,0.004739081162089204
117,tsmom_sign_12,1.0480800818575039e-05
117,reversal_1m,0.01881217984839374
117,ma_gap_12m,0.03851325525588965
117,ma_crossover_6_12,0.03885949245780252
117,vol_3m,0.01362639857014098
117,vol_12m,0.03164670571387821
117,vol_regime_3_12,0.004719947983577913
117,log_volume,0.004523192842568731
117,abnormal_log_volume,0.007062297240724713
117,macro_vix,0.06051368637978107
117,macro_epu,0.08472598397528494
117,macro_credit_spread,0.4622342459940344
117,macro_term_spread,0.14821951434687247
118,mom_12_1,0.02096578309628026
118,mom_6_1,0.05520763435674133
118,mom_3_1,0.012387421968246302
118,tsmom_12,0.004290385552528121
118,tsmom_sign_12,0.0
118,reversal_1m,0.018610953226984004
118,ma_gap_12m,0.05044899812027007
118,ma_crossover_6_12,0.029704702844075268
118,vol_3m,0.015004405667345478
118,vol_12m,0.03124183350811144
118,vol_regime_3_12,0.005151510631040102
118,log_volume,0.00549830493074362
118,abnormal_log_volume,0.007306576011753537
118,macro_vix,0.07638581779807575
118,macro_epu,0.0789278990195609
118,macro_credit_spread,0.45279263852241686
118,macro_term_spread,0.1360751347458268
119,mom_12_1,0.02060894760474048
119,mom_6_1,0.05613686738427358
119,mom_3_1,0.01610221460072865
119,tsmom_12,0.0041290822399905015
119,tsmom_sign_12,0.0
119,reversal_1m,0.017995720338423983
119,ma_gap_12m,0.048715910641154846
119,ma_crossover_6_12,0.02758030983673774
119,vol_3m,0.009914846795968131
119,vol_12m,0.0332709606105776
119,vol_regime_3_12,0.004320654686217112
119,log_volume,0.005191569180182074
119,abnormal_log_volume,0.007676167511503739
119,macro_vix,0.077462371684065
119,macro_epu,0.10085108674051492
119,macro_credit_spread,0.4474196620208946
119,macro_term_spread,0.12262362812402701
120,mom_12_1,0.01794868604124465
120,mom_6_1,0.051048661211423124
120,mom_3_1,0.01318635996864003
120,tsmom_12,0.003920758792444796
120,tsmom_sign_12,0.0
120,reversal_1m,0.01885765278891592
120,ma_gap_12m,0.051404156543100016
120,ma_crossover_6_12,0.03202600261754748
120,vol_3m,0.013845121832925612
120,vol_12m,0.03285355242315721
120,vol_regime_3_12,0.005560898369071058
120,log_volume,0.00506593257539974
120,abnormal_log_volume,0.006786856426123074
120,macro_vix,0.07624497133294392
120,macro_epu,0.10323493217895212
120,macro_credit_spread,0.4524300286897336
120,macro_term_spread,0.11558542820837774
121,mom_12_1,0.01826692689837742
121,mom_6_1,0.06003151876837086
121,mom_3_1,0.013719382590088354
121,tsmom_12,0.004476021042118855
121,tsmom_sign_12,0.0
121,reversal_1m,0.017695950554704836
121,ma_gap_12m,0.04311502376351897
121,ma_crossover_6_12,0.02732810435702776
121,vol_3m,0.015834409565865053
121,vol_12m,0.029903975458009876
121,vol_regime_3_12,0.0050814514937930376
121,log_volume,0.004560732893565652
121,abnormal_log_volume,0.006237371601363351
121,macro_vix,0.07005335783064946
121,macro_epu,0.0928108263343363
121,macro_credit_spread,0.4458855401064651
121,macro_term_spread,0.14499940674174522
122,mom_12_1,0.019767884166051193
122,mom_6_1,0.047294252731709736
122,mom_3_1,0.013034099986802784
122,tsmom_12,0.0040436393486473435
122,tsmom_sign_12,0.0
122,reversal_1m,0.018399874381552068
122,ma_gap_12m,0.056461067308310985
122,ma_crossover_6_12,0.032268942783806806
122,vol_3m,0.007117634746628878
122,vol_12m,0.03459797949778286
122,vol_regime_3_12,0.00478897564728757
122,log_volume,0.004889883882323437
122,abnormal_log_volume,0.007714372447996634
122,macro_vix,0.08963809008182615
122,macro_epu,0.09438518386761034
122,macro_credit_spread,0.4484764352042377
122,macro_term_spread,0.11712168391742545
123,mom_12_1,0.021746776029635123
123,mom_6_1,0.044591579232364544
123,mom_3_1,0.01539991652674595
123,tsmom_12,0.004021905671570802
123,tsmom_sign_12,9.22043429775153e-05
123,reversal_1m,0.016059707979068583
123,ma_gap_12m,0.08308015526951575
123,ma_crossover_6_12,0.020802759569427866
123,vol_3m,0.008537501300918739
123,vol_12m,0.0356397378120589
123,vol_regime_3_12,0.0041985940057543344
123,log_volume,0.005414345326424914
123,abnormal_log_volume,0.0071339105500738305
123,macro_vix,0.09477253962682788
123,macro_epu,0.07864541017548919
123,macro_credit_spread,0.43144569360940843
123,macro_term_spread,0.1284172629717376
124,mom_12_1,0.018937153236944095
124,mom_6_1,0.05894041595859778
124,mom_3_1,0.012677861102723063
124,tsmom_12,0.0043526448418492415
124,tsmom_sign_12,0.0
124,reversal_1m,0.016270711256542357
124,ma_gap_12m,0.06250776458195435
124,ma_crossover_6_12,0.02438746562855696
124,vol_3m,0.012291137665552348
124,vol_12m,0.027953996151878994
124,vol_regime_3_12,0.0034812693063812276
124,log_volume,0.005885070112028166
124,abnormal_log_volume,0.005339774797851847
124,macro_vix,0.07335574479340025
124,macro_epu,0.08909914955948951
124,macro_credit_spread,0.4243046342757687
124,macro_term_spread,0.1602152067304811
125,mom_12_1,0.019110103514150666
125,mom_6_1,0.05645957610293833
125,mom_3_1,0.0158263766661746
125,tsmom_12,0.004415718431358105
125,tsmom_sign_12,0.0
125,reversal_1m,0.016464733011982136
125,ma_gap_12m,0.06455949055515102
125,ma_crossover_6_12,0.02415073405023453
125,vol_3m,0.012661577106688257
125,vol_12m,0.02878718647277916
125,vol_regime_3_12,0.0036677631053863074
125,log_volume,0.0058528701067229235
125,abnormal_log_volume,0.004960259730192542
125,macro_vix,0.07118119779520823
125,macro_epu,0.08630206419127559
125,macro_credit_spread,0.43111912719799367
125,macro_term_spread,0.1544812219617639
126,mom_12_1,0.02031050294420454
126,mom_6_1,0.06643023559761349
126,mom_3_1,0.019396882206233746
126,tsmom_12,0.0032611587075211247
126,tsmom_sign_12,0.0
126,reversal_1m,0.01480065128095082
126,ma_gap_12m,0.05815493453838631
126,ma_crossover_6_12,0.011364242384798395
126,vol_3m,0.015201381821624142
126,vol_12m,0.022897443733811272
126,vol_regime_3_12,0.002410418038903746
126,log_volume,0.005179909718154386
126,abnormal_log_volume,0.004001306521808194
126,macro_vix,0.06236019865596485
126,macro_epu,0.06764465372174605
126,macro_credit_spread,0.4492544995935695
126,macro_term_spread,0.17733158053470952
127,mom_12_1,0.026266571801962457
127,mom_6_1,0.050767745619777656
127,mom_3_1,0.01601481265163583
127,tsmom_12,0.004178979122919427
127,tsmom_sign_12,0.0
127,reversal_1m,0.012987970793431912
127,ma_gap_12m,0.042350916816162064
127,ma_crossover_6_12,0.02727414441819407
127,vol_3m,0.007481363796626975
127,vol_12m,0.029371717958532894
127,vol_regime_3_12,0.0029672079294133674
127,log_volume,0.004966338287750155
127,abnormal_log_volume,0.00521580604396742
127,macro_vix,0.0934643343950924
127,macro_epu,0.07868557514565161
127,macro_credit_spread,0.4342816669854176
127,macro_term_spread,0.16372484823346417
128,mom_12_1,0.026871285928206534
128,mom_6_1,0.053294045360520854
128,mom_3_1,0.022064057684108216
128,tsmom_12,0.0036190916704144133
128,tsmom_sign_12,5.44412634304798e-05
128,reversal_1m,0.017853137467960165
128,ma_gap_12m,0.058775938513130906
128,ma_crossover_6_12,0.01290489117692813
128,vol_3m,0.006675991014559628
128,vol_12m,0.033535204548680426
128,vol_regime_3_12,0.0018734854460259838
128,log_volume,0.005119713637143413
128,abnormal_log_volume,0.00641291427490743
128,macro_vix,0.09465280705273524
128,macro_epu,0.08905441815219574
128,macro_credit_spread,0.4338710801111664
128,macro_term_spread,0.13336749669788606
129,mom_12_1,0.023451789616798096
129,mom_6_1,0.06078834619198049
129,mom_3_1,0.020618202727510908
129,tsmom_12,0.003840628506510576
129,tsmom_sign_12,0.0
129,reversal_1m,0.017340154040796075
129,ma_gap_12m,0.04842608065187568
129,ma_crossover_6_12,0.012013278179299692
129,vol_3m,0.00688052777718309
129,vol_12m,0.032455793000176744
129,vol_regime_3_12,0.002172831077629823
129,log_volume,0.0053773220340935955
129,abnormal_log_volume,0.00797953746763772
129,macro_vix,0.10827494775784038
129,macro_epu,0.08844911431522023
129,macro_credit_spread,0.4325527906982826
129,macro_term_spread,0.12937865595716402
130,mom_12_1,0.02147152243844986
130,mom_6_1,0.03920370657187569
130,mom_3_1,0.023874341787720185
130,tsmom_12,0.0026359286932221625
130,tsmom_sign_12,3.9900855044966655e-05
130,reversal_1m,0.011673988397169354
130,ma_gap_12m,0.07103550026124261
130,ma_crossover_6_12,0.029432960033480803
130,vol_3m,0.004880421072492231
130,vol_12m,0.037422392899156845
130,vol_regime_3_12,0.0022064018766457484
130,log_volume,0.0052861882301007
130,abnormal_log_volume,0.0049491135704816894
130,macro_vix,0.11162434058215351
130,macro_epu,0.11282548451194757
130,macro_credit_spread,0.40630482734121737
130,macro_term_spread,0.11513298087759866
131,mom_12_1,0.021771022670626042
131,mom_6_1,0.03557760388747605
131,mom_3_1,0.024659372056845704
131,tsmom_12,0.0030126689851025586
131,tsmom_sign_12,3.776426130536243e-05
131,reversal_1m,0.013468643977789083
131,ma_gap_12m,0.07323527356911133
131,ma_crossover_6_12,0.02768102887273998
131,vol_3m,0.005764606057312814
131,vol_12m,0.03703073137647676
131,vol_regime_3_12,0.0026627823087050683
131,log_volume,0.004565147013857895
131,abnormal_log_volume,0.005830315053519779
131,macro_vix,0.11524077834824006
131,macro_epu,0.11689564752885118
131,macro_credit_spread,0.39648923294162863
131,macro_term_spread,0.11607738109041162
132,mom_12_1,0.020151308861342535
132,mom_6_1,0.04835857250290091
132,mom_3_1,0.03492506907137881
132,tsmom_12,0.003117784993553481
132,tsmom_sign_12,0.0
132,reversal_1m,0.01544152618368799
132,ma_gap_12m,0.044692119167917356
132,ma_crossover_6_12,0.0175351233190748
132,vol_3m,0.00874984930087043
132,vol_12m,0.024482409731454085
132,vol_regime_3_12,0.002770701021442794
132,log_volume,0.004038491086003777
132,abnormal_log_volume,0.00360776833911322
132,macro_vix,0.13233318424700352
132,macro_epu,0.08850741187590193
132,macro_credit_spread,0.4193175079453487
132,macro_term_spread,0.1319711723530058
133,mom_12_1,0.02177670670879581
133,mom_6_1,0.037756836362558895
133,mom_3_1,0.03818488860749543
133,tsmom_12,0.0029430032260595123
133,tsmom_sign_12,0.0
133,reversal_1m,0.011920206497815689
133,ma_gap_12m,0.1366278589856503
133,ma_crossover_6_12,0.008241886304771505
133,vol_3m,0.0053262040229242365
133,vol_12m,0.02325445948466443
133,vol_regime_3_12,0.0023659895545733735
133,log_volume,0.003804821504606495
133,abnormal_log_volume,0.003701204685951663
133,macro_vix,0.10737823739749669
133,macro_epu,0.10980494361133848
133,macro_credit_spread,0.3560278533898486
133,macro_term_spread,0.130884899655449
134,mom_12_1,0.0235852428483497
134,mom_6_1,0.039172787515399134
134,mom_3_1,0.023470059771359204
134,tsmom_12,0.002411322469033684
134,tsmom_sign_12,0.0
134,reversal_1m,0.012797329270587124
134,ma_gap_12m,0.1232162586154648
134,ma_crossover_6_12,0.007581765596900099
134,vol_3m,0.006081197255284964
134,vol_12m,0.02268764010844503
134,vol_regime_3_12,0.002229261041440703
134,log_volume,0.0034795199109355014
134,abnormal_log_volume,0.003880795438632163
134,macro_vix,0.12400489075267479
134,macro_epu,0.11118978615343213
134,macro_credit_spread,0.36431978456701347
134,macro_term_spread,0.12989235868504745
135,mom_12_1,0.022980425438806112
135,mom_6_1,0.043513180276330325
135,mom_3_1,0.012887023119844956
135,tsmom_12,0.0026798838792107885
135,tsmom_sign_12,0.0
135,reversal_1m,0.013466758353391986
135,ma_gap_12m,0.09699927280981148
135,ma_crossover_6_12,0.010291945075775738
135,vol_3m,0.006456736465193418
135,vol_12m,0.016327001627400764
135,vol_regime_3_12,0.0031376680785336025
135,log_volume,0.003961580532139822
135,abnormal_log_volume,0.003910334387717047
135,macro_vix,0.12836219284345232
135,macro_epu,0.11040474035252876
135,macro_credit_spread,0.3842196100938737
135,macro_term_spread,0.14040164666598928
136,mom_12_1,0.021910193826604016
136,mom_6_1,0.057037278729629284
136,mom_3_1,0.011355630444854412
136,tsmom_12,0.003932226260070168
136,tsmom_sign_12,0.0
136,reversal_1m,0.012756927067608856
136,ma_gap_12m,0.04432346374255137
136,ma_crossover_6_12,0.014276815978462387
136,vol_3m,0.01050016419369761
136,vol_12m,0.017417684226158088
136,vol_regime_3_12,0.002775733934624722
136,log_volume,0.0036960211847164633
136,abnormal_log_volume,0.0045001302115058334
136,macro_vix,0.14084803637684307
136,macro_epu,0.0799370736301841
136,macro_credit_spread,0.4255231513880164
136,macro_term_spread,0.14920946880447328
137,mom_12_1,0.02454618928285889
137,mom_6_1,0.03702946301859501
137,mom_3_1,0.018437029004785183
137,tsmom_12,0.003347351580402695
137,tsmom_sign_12,0.0
137,reversal_1m,0.011211731097395185
137,ma_gap_12m,0.0945339741350019
137,ma_crossover_6_12,0.01144809699582264
137,vol_3m,0.00355210778211698
137,vol_12m,0.01806356746490785
137,vol_regime_3_12,0.0023145497403605363
137,log_volume,0.004354742202865758
137,abnormal_log_volume,0.0035636547911373473
137,macro_vix,0.13316392324398227
137,macro_epu,0.1287432243862438
137,macro_credit_spread,0.329194521109077
137,macro_term_spread,0.17649587416444687
138,mom_12_1,0.024291402030221
138,mom_6_1,0.046598067432928575
138,mom_3_1,0.01759756185044974
138,tsmom_12,0.003338417619921464
138,tsmom_sign_12,0.0
138,reversal_1m,0.01190488689086363
138,ma_gap_12m,0.08097312048383398
138,ma_crossover_6_12,0.011168376629913039
138,vol_3m,0.0050669750578449775
138,vol_12m,0.018738257637727435
138,vol_regime_3_12,0.0025771501025596637
138,log_volume,0.004563023616850822
138,abnormal_log_volume,0.004210050497037916
138,macro_vix,0.13975269503554255
138,macro_epu,0.1206285561666419
138,macro_credit_spread,0.33282528517420557
138,macro_term_spread,0.17576617377345768
139,mom_12_1,0.02126344288447852
139,mom_6_1,0.041658219704987315
139,mom_3_1,0.014124092035660646
139,tsmom_12,0.002931268585941933
139,tsmom_sign_12,2.097411539000503e-05
139,reversal_1m,0.011116097638030733
139,ma_gap_12m,0.08325886153320966
139,ma_crossover_6_12,0.011351025635340338
139,vol_3m,0.00457052498459039
139,vol_12m,0.01933237658863436
139,vol_regime_3_12,0.0026914669756857436
139,log_volume,0.004522852797612649
139,abnormal_log_volume,0.004045405400484535
139,macro_vix,0.15200958118970914
139,macro_epu,0.12282745018927285
139,macro_credit_spread,0.35059416961135276
139,macro_term_spread,0.15368219012961856
140,mom_12_1,0.02317624336152938
140,mom_6_1,0.035541901390287636
140,mom_3_1,0.016048545865191256
140,tsmom_12,0.003322938543055063
140,tsmom_sign_12,0.0
140,reversal_1m,0.012430456884255035
140,ma_gap_12m,0.09978660227846134
140,ma_crossover_6_12,0.008934392202609307
140,vol_3m,0.0037516171985343067
140,vol_12m,0.017430821953604278
140,vol_regime_3_12,0.002624633151565024
140,log_volume,0.004502414259980505
140,abnormal_log_volume,0.004120628928049397
140,macro_vix,0.15444139203154444
140,macro_epu,0.12351745931882585
140,macro_credit_spread,0.32340134338404225
140,macro_term_spread,0.1669686092484647
141,mom_12_1,0.017887768570642733
141,mom_6_1,0.03291018604260334
141,mom_3_1,0.016406182230175953
141,tsmom_12,0.0032568906874918145
141,tsmom_sign_12,0.0
141,reversal_1m,0.011467221925448981
141,ma_gap_12m,0.09564762624756401
141,ma_crossover_6_12,0.011986931685761065
141,vol_3m,0.004847162772231513
141,vol_12m,0.01877320718802531
141,vol_regime_3_12,0.0028043548030025557
141,log_volume,0.0038640409657009988
141,abnormal_log_volume,0.004250997443638898
141,macro_vix,0.15959918142903848
141,macro_epu,0.134944235139103
141,macro_credit_spread,0.321957291709173
141,macro_term_spread,0.15939672116039824
142,mom_12_1,0.015076999120361909
142,mom_6_1,0.03431391207399007
142,mom_3_1,0.014003788826346866
142,tsmom_12,0.003198787176839875
142,tsmom_sign_12,0.0
142,reversal_1m,0.013037815464368073
142,ma_gap_12m,0.10510682544493945
142,ma_crossover_6_12,0.010991593092719775
142,vol_3m,0.004501859925933438
142,vol_12m,0.013946590509900195
142,vol_regime_3_12,0.0023840980902791764
142,log_volume,0.004278756935418486
142,abnormal_log_volume,0.004036696176057079
142,macro_vix,0.18075998542073748
142,macro_epu,0.11748257115138874
142,macro_credit_spread,0.3194886213850854
142,macro_term_spread,0.1573910992056338
143,mom_12_1,0.019139609571495336
143,mom_6_1,0.028610748720613435
143,mom_3_1,0.01203607113911722
143,tsmom_12,0.0030655954411789787
143,tsmom_sign_12,3.7184699529236245e-06
143,reversal_1m,0.013429295789923773
143,ma_gap_12m,0.023569381073118154
143,ma_crossover_6_12,0.0384210166629395
143,vol_3m,0.005352724333960593
143,vol_12m,0.021164729854643884
143,vol_regime_3_12,0.0035282499037757767
143,log_volume,0.008029704933489581
143,abnormal_log_volume,0.005764144479650669
143,macro_vix,0.2496038040940112
143,macro_epu,0.08373765476973441
143,macro_credit_spread,0.4182617737762253
143,macro_term_spread,0.06628177698616916
144,mom_12_1,0.021060491501544175
144,mom_6_1,0.019474437572015373
144,mom_3_1,0.012114579278100052
144,tsmom_12,0.0029653318999122
144,tsmom_sign_12,0.0
144,reversal_1m,0.013117911221492959
144,ma_gap_12m,0.023406019462934618
144,ma_crossover_6_12,0.044665799575667416
144,vol_3m,0.004312503294007817
144,vol_12m,0.019322349314637402
144,vol_regime_3_12,0.003034192681171322
144,log_volume,0.006594820713290449
144,abnormal_log_volume,0.00545714519636725
144,macro_vix,0.2450066244318447
144,macro_epu,0.10273348010106846
144,macro_credit_spread,0.4143474392412948
144,macro_term_spread,0.062386874514651074
145,mom_12_1,0.021958039836221178
145,mom_6_1,0.019374659100614405
145,mom_3_1,0.011607772377078603
145,tsmom_12,0.002889008373878899
145,tsmom_sign_12,1.8335178071099027e-05
145,reversal_1m,0.014647679858379005
145,ma_gap_12m,0.023609130003926237
145,ma_crossover_6_12,0.054097298377795554
145,vol_3m,0.004499694871560472
145,vol_12m,0.017776716910326517
145,vol_regime_3_12,0.003020198157794766
145,log_volume,0.006252947732413338
145,abnormal_log_volume,0.0074205360283033685
145,macro_vix,0.2512002278304764
145,macro_epu,0.10720583334971649
145,macro_credit_spread,0.39773480546097034
145,macro_term_spread,0.056687116552473306
146,mom_12_1,0.025998210728793453
146,mom_6_1,0.023409261880853707
146,mom_3_1,0.00994255842191336
146,tsmom_12,0.0029716082241907837
146,tsmom_sign_12,0.0
146,reversal_1m,0.013026993902748935
146,ma_gap_12m,0.026916836876554676
146,ma_crossover_6_12,0.05543307205004079
146,vol_3m,0.004515049823224318
146,vol_12m,0.01775610580973052
146,vol_regime_3_12,0.0032284737593072797
146,log_volume,0.005005340395031603
146,abnormal_log_volume,0.0052512162924067424
146,macro_vix,0.2480861224170918
146,macro_epu,0.11161076392816967
146,macro_credit_spread,0.38146265646704236
146,macro_term_spread,0.0653857290229001
147,mom_12_1,0.01789150244997122
147,mom_6_1,0.02167879673587335
147,mom_3_1,0.01244121361464924
147,tsmom_12,0.0032373297598177735
147,tsmom_sign_12,0.0
147,reversal_1m,0.011683522072794087
147,ma_gap_12m,0.029868098101903245
147,ma_crossover_6_12,0.05640012912897396
147,vol_3m,0.0042157679813065955
147,vol_12m,0.01643300830990117
147,vol_regime_3_12,0.0028939806670767484
147,log_volume,0.00543956565275235
147,abnormal_log_volume,0.005291701693257582
147,macro_vix,0.2572297622467834
147,macro_epu,0.10852460696490124
147,macro_credit_spread,0.38761415333601307
147,macro_term_spread,0.05915686128402498
148,mom_12_1,0.017381160347361844
148,mom_6_1,0.02027512280493541
148,mom_3_1,0.011500965053790006
148,tsmom_12,0.003078988892443442
148,tsmom_sign_12,3.3425601131443755e-05
148,reversal_1m,0.011984894638749851
148,ma_gap_12m,0.024815633216419972
148,ma_crossover_6_12,0.06413905804718782
148,vol_3m,0.004931396687303446
148,vol_12m,0.017961988406606844
148,vol_regime_3_12,0.002823576390144859
148,log_volume,0.005888471366432687
148,abnormal_log_volume,0.005052022810644666
148,macro_vix,0.2559515314539906
148,macro_epu,0.11622425699601037
148,macro_credit_spread,0.3934675087546128
148,macro_term_spread,0.044489998532233975
149,mom_12_1,0.01740103227181773
149,mom_6_1,0.020443599079017143
149,mom_3_1,0.009874464000728505
149,tsmom_12,0.0033711151639636617
149,tsmom_sign_12,0.0
149,reversal_1m,0.013220724508566836
149,ma_gap_12m,0.03272373372311102
149,ma_crossover_6_12,0.050796052405475585
149,vol_3m,0.004699850353102423
149,vol_12m,0.01935333373522225
149,vol_regime_3_12,0.0030233758587847447
149,log_volume,0.006299707799156166
149,abnormal_log_volume,0.005102115245073422
149,macro_vix,0.2440282528899741
149,macro_epu,0.10496510985510325
149,macro_credit_spread,0.4056639635928617
149,macro_term_spread,0.05903356951804147
150,mom_12_1,0.023040015970145315
150,mom_6_1,0.047104204377229814
150,mom_3_1,0.008220299494146854
150,tsmom_12,0.003131062507625217
150,tsmom_sign_12,0.0
150,reversal_1m,0.012619960894189037
150,ma_gap_12m,0.061799572156822115
150,ma_crossover_6_12,0.02338760581163915
150,vol_3m,0.0045748960926181225
150,vol_12m,0.01754561945958288
150,vol_regime_3_12,0.0034679509853553577
150,log_volume,0.003902703032036931
150,abnormal_log_volume,0.004020093547303496
150,macro_vix,0.2141251941760743
150,macro_epu,0.09355456478830569
150,macro_credit_spread,0.3237632912698396
150,macro_term_spread,0.15574296543708616
151,mom_12_1,0.01668222567739989
151,mom_6_1,0.02028506228243527
151,mom_3_1,0.010156612563081648
151,tsmom_12,0.003184834874647446
151,tsmom_sign_12,0.0
151,reversal_1m,0.013215495168748584
151,ma_gap_12m,0.034244773421092826
151,ma_crossover_6_12,0.04900799258801333
151,vol_3m,0.004465045052606619
151,vol_12m,0.01930243006151631
151,vol_regime_3_12,0.0028947065259028073
151,log_volume,0.0052297784979214905
151,abnormal_log_volume,0.005042535928920955
151,macro_vix,0.22624857501974846
151,macro_epu,0.13178523437772643
151,macro_credit_spread,0.3816994914257992
151,macro_term_spread,0.0765552065344388
152,mom_12_1,0.0128397122524069
152,mom_6_1,0.03750109494218286
152,mom_3_1,0.009319007456594669
152,tsmom_12,0.0048080584938993655
152,tsmom_sign_12,0.0
152,reversal_1m,0.011246224387420371
152,ma_gap_12m,0.03959679510144031
152,ma_crossover_6_12,0.04584103986099524
152,vol_3m,0.00508342352338201
152,vol_12m,0.015563080635019889
152,vol_regime_3_12,0.003187140729192681
152,log_volume,0.004111412992038465
152,abnormal_log_volume,0.0033851168147905706
152,macro_vix,0.19379111596148707
152,macro_epu,0.0847665840667922
152,macro_credit_spread,0.4145080397466599
152,macro_term_spread,0.1144521530356976
153,mom_12_1,0.01348554548411116
153,mom_6_1,0.02742389131635667
153,mom_3_1,0.009844672421650099
153,tsmom_12,0.003998048393536324
153,tsmom_sign_12,0.0
153,reversal_1m,0.011808884382468614
153,ma_gap_12m,0.035199643433062894
153,ma_crossover_6_12,0.05082366156471401
153,vol_3m,0.004864096999745184
153,vol_12m,0.020874135134251518
153,vol_regime_3_12,0.002943085268403803
153,log_volume,0.004873715478399417
153,abnormal_log_volume,0.003604508550512082
153,macro_vix,0.21934455412995435
153,macro_epu,0.0906204472196099
153,macro_credit_spread,0.39946783883381837
153,macro_term_spread,0.10082327138940567
154,mom_12_1,0.010863018268665993
154,mom_6_1,0.02286903265906909
154,mom_3_1,0.013840666121971794
154,tsmom_12,0.004907996324659261
154,tsmom_sign_12,0.0
154,reversal_1m,0.01398691005093657
154,ma_gap_12m,0.029196370046805545
154,ma_crossover_6_12,0.0700316296284935
154,vol_3m,0.008096876210560565
154,vol_12m,0.025214639491811415
154,vol_regime_3_12,0.0035651147265336703
154,log_volume,0.004396410618657988
154,abnormal_log_volume,0.005916072439658379
154,macro_vix,0.18299854824017317
154,macro_epu,0.11358013042236106
154,macro_credit_spread,0.4095208207553974
154,macro_term_spread,0.08101576399424455
155,mom_12_1,0.011731210365067883
155,mom_6_1,0.030156564797379687
155,mom_3_1,0.008449773478858386
155,tsmom_12,0.0035259322310954425
155,tsmom_sign_12,0.0
155,reversal_1m,0.013025124363807926
155,ma_gap_12m,0.030920514160496723
155,ma_crossover_6_12,0.056666144614303526
155,vol_3m,0.006999643179995963
155,vol_12m,0.01977099508823331
155,vol_regime_3_12,0.003853706175489326
155,log_volume,0.005624302359448289
155,abnormal_log_volume,0.004573349906327505
155,macro_vix,0.19573960572232496
155,macro_epu,0.09826121043663137
155,macro_credit_spread,0.41644153257130534
155,macro_term_spread,0.09426039054923434
156,mom_12_1,0.014118370224315559
156,mom_6_1,0.05355551740125402
156,mom_3_1,0.006901432282020384
156,tsmom_12,0.0044868620483399894
156,tsmom_sign_12,0.0
156,reversal_1m,0.014929631945310972
156,ma_gap_12m,0.04912647379951734
156,ma_crossover_6_12,0.02063864578286489
156,vol_3m,0.005672265110514941
156,vol_12m,0.020665828443096335
156,vol_regime_3_12,0.0024382034316642967
156,log_volume,0.004166412995106377
156,abnormal_log_volume,0.003576943336803131
156,macro_vix,0.17135782274841385
156,macro_epu,0.10685206403335881
156,macro_credit_spread,0.3850923838133037
156,macro_term_spread,0.13642114260411534
157,mom_12_1,0.011787196906926976
157,mom_6_1,0.03273921268646419
157,mom_3_1,0.0093073388461274
157,tsmom_12,0.004607002686426837
157,tsmom_sign_12,0.0
157,reversal_1m,0.012714505891343063
157,ma_gap_12m,0.03871821163200534
157,ma_crossover_6_12,0.048622580910646994
157,vol_3m,0.004896373092792198
157,vol_12m,0.01950529689084744
157,vol_regime_3_12,0.0032839387619644092
157,log_volume,0.005275474941857594
157,abnormal_log_volume,0.005685985267715869
157,macro_vix,0.1972939915046593
157,macro_epu,0.0770332316756175
157,macro_credit_spread,0.4035538034159229
157,macro_term_spread,0.1249758548886818
158,mom_12_1,0.012294867057047318
158,mom_6_1,0.018643358616595433
158,mom_3_1,0.010687120874290242
158,tsmom_12,0.0033909435832026056
158,tsmom_sign_12,0.0
158,reversal_1m,0.01334350081269173
158,ma_gap_12m,0.02104830239405555
158,ma_crossover_6_12,0.07003588704362147
158,vol_3m,0.0051546769319080685
158,vol_12m,0.019155932302362916
158,vol_regime_3_12,0.0029386064108355247
158,log_volume,0.004635341169760093
158,abnormal_log_volume,0.0064082878254526346
158,macro_vix,0.21331715813816757
158,macro_epu,0.0850267542981671
158,macro_credit_spread,0.4066669946223851
158,macro_term_spread,0.10725226791945662
159,mom_12_1,0.01058137007956518
159,mom_6_1,0.017379318828622144
159,mom_3_1,0.01238915265490397
159,tsmom_12,0.0034353879503382046
159,tsmom_sign_12,0.0
159,reversal_1m,0.016583043406000107
159,ma_gap_12m,0.01990634851747102
159,ma_crossover_6_12,0.08166917560682412
159,vol_3m,0.005421770873628346
159,vol_12m,0.01695952921427398
159,vol_regime_3_12,0.0037879853958190306
159,log_volume,0.004617856658572397
159,abnormal_log_volume,0.006919999722182439
159,macro_vix,0.20005591444601356
159,macro_epu,0.07577249797842721
159,macro_credit_spread,0.42800474212200457
159,macro_term_spread,0.09651590654535376
160,mom_12_1,0.012014950369784947
160,mom_6_1,0.01698850915145851
160,mom_3_1,0.016832486876777585
160,tsmom_12,0.003662250042506271
160,tsmom_sign_12,0.0
160,reversal_1m,0.014915944927593667
160,ma_gap_12m,0.023444096285936036
160,ma_crossover_6_12,0.07639152340091977
160,vol_3m,0.005830405967404281
160,vol_12m,0.020143298191532398
160,vol_regime_3_12,0.004290305347280425
160,log_volume,0.005718308248883567
160,abnormal_log_volume,0.006605513842332259
160,macro_vix,0.19590384892884335
160,macro_epu,0.10217829086038119
160,macro_credit_spread,0.40281209219183367
160,macro_term_spread,0.0922681753665321
161,mom_12_1,0.012628645631082801
161,mom_6_1,0.016008706287500236
161,mom_3_1,0.020417383110927223
161,tsmom_12,0.0037297406311492995
161,tsmom_sign_12,0.0
161,reversal_1m,0.016734632340150768
161,ma_gap_12m,0.02279621046606151
161,ma_crossover_6_12,0.07648084096237896
161,vol_3m,0.006278966460613388
161,vol_12m,0.020899286897491553
161,vol_regime_3_12,0.004028723036401498
161,log_volume,0.004082367914523004
161,abnormal_log_volume,0.006039277694682146
161,macro_vix,0.18526219404687438
161,macro_epu,0.09850026707576061
161,macro_credit_spread,0.4084126985350098
161,macro_term_spread,0.09770005890939296
162,mom_12_1,0.01251644035238157
162,mom_6_1,0.01897876048715207
162,mom_3_1,0.018904012028289962
162,tsmom_12,0.004632246779149887
162,tsmom_sign_12,6.659253399439892e-06
162,reversal_1m,0.01595338967933911
162,ma_gap_12m,0.024649425119457075
162,ma_crossover_6_12,0.07387784989298803
162,vol_3m,0.00678883573289216
162,vol_12m,0.021531296347878707
162,vol_regime_3_12,0.004052536183027788
162,log_volume,0.004367124673690423
162,abnormal_log_volume,0.005430973020006659
162,macro_vix,0.16985797775118136
162,macro_epu,0.09076999019847665
162,macro_credit_spread,0.4250269453383529
162,macro_term_spread,0.10265553716233629
163,mom_12_1,0.014515585880962798
163,mom_6_1,0.020262735790457825
163,mom_3_1,0.019956913223046373
163,tsmom_12,0.004060761614172555
163,tsmom_sign_12,0.0
163,reversal_1m,0.01702855967122289
163,ma_gap_12m,0.02681117842574112
163,ma_crossover_6_12,0.07810580083486618
163,vol_3m,0.006710267928466129
163,vol_12m,0.021552782212162374
163,vol_regime_3_12,0.004375841187717767
163,log_volume,0.005121059685601024
163,abnormal_log_volume,0.004454865786699472
163,macro_vix,0.16786058271983706
163,macro_epu,0.08921527641194141
163,macro_credit_spread,0.4206256043425844
163,macro_term_spread,0.09934218428452074
164,mom_12_1,0.011724105963997795
164,mom_6_1,0.018472843468561564
164,mom_3_1,0.020509970994345792
164,tsmom_12,0.00486475812037926
164,tsmom_sign_12,0.0
164,reversal_1m,0.01772145209921542
164,ma_gap_12m,0.021945857028654904
164,ma_crossover_6_12,0.0804111988096352
164,vol_3m,0.005734006573050943
164,vol_12m,0.021658639045547167
164,vol_regime_3_12,0.004318132280405906
164,log_volume,0.00466047401782116
164,abnormal_log_volume,0.005643422777101505
164,macro_vix,0.17154089238287623
164,macro_epu,0.0996906263467502
164,macro_credit_spread,0.4161856147417252
164,macro_term_spread,0.09491800534993174
165,mom_12_1,0.0118306001683151
165,mom_6_1,0.018212074346313827
165,mom_3_1,0.020086217686272216
165,tsmom_12,0.004674122626234798
165,tsmom_sign_12,0.0
165,reversal_1m,0.018168440255407998
165,ma_gap_12m,0.023295417826606716
165,ma_crossover_6_12,0.08066777996550531
165,vol_3m,0.0060348786734442505
165,vol_12m,0.020730741190017
165,vol_regime_3_12,0.004544173208672398
165,log_volume,0.005000524492268125
165,abnormal_log_volume,0.00606575285078313
165,macro_vix,0.16826385009832723
165,macro_epu,0.08595824335351913
165,macro_credit_spread,0.4332634287531712
165,macro_term_spread,0.09320375450514168
166,mom_12_1,0.01197235405693398
166,mom_6_1,0.020615383143864144
166,mom_3_1,0.020812982719573624
166,tsmom_12,0.003924389164441563
166,tsmom_sign_12,0.0
166,reversal_1m,0.017310227194364352
166,ma_gap_12m,0.027532848661491256
166,ma_crossover_6_12,0.07466660997702292
166,vol_3m,0.006494253747648209
166,vol_12m,0.022253520512768122
166,vol_regime_3_12,0.004114660359372056
166,log_volume,0.004887177848990141
166,abnormal_log_volume,0.005301029329919485
166,macro_vix,0.16117939943784543
166,macro_epu,0.09581906799821739
166,macro_credit_spread,0.42343994793976425
166,macro_term_spread,0.09967614790778319
167,mom_12_1,0.011871664402237749
167,mom_6_1,0.017358704456199484
167,mom_3_1,0.022239267079227108
167,tsmom_12,0.00483454873831107
167,tsmom_sign_12,5.970491029569415e-06
167,reversal_1m,0.018042536401166008
167,ma_gap_12m,0.02673075499356473
167,ma_crossover_6_12,0.07790034713570995
167,vol_3m,0.007220666767627815
167,vol_12m,0.018926839965042595
167,vol_regime_3_12,0.004640673141747417
167,log_volume,0.0040687830083605365
167,abnormal_log_volume,0.005667636840494788
167,macro_vix,0.1845384753321514
167,macro_epu,0.07290831798882731
167,macro_credit_spread,0.4323972394379317
167,macro_term_spread,0.0906475738203707
168,mom_12_1,0.011456755625324309
168,mom_6_1,0.018030367519614746
168,mom_3_1,0.020917275449004572
168,tsmom_12,0.004773822807478943
168,tsmom_sign_12,1.3855242670933365e-05
168,reversal_1m,0.016791401168416955
168,ma_gap_12m,0.027064968886240118
168,ma_crossover_6_12,0.07915401112921845
168,vol_3m,0.006468299264723273
168,vol_12m,0.019274603918816767
168,vol_regime_3_12,0.004299512641214732
168,log_volume,0.004764818634902414
168,abnormal_log_volume,0.004987862079972675
168,macro_vix,0.18573439786178406
168,macro_epu,0.08312978357524774
168,macro_credit_spread,0.42729006015045007
168,macro_term_spread,0.08584820404491922
169,mom_12_1,0.012253304040610634
169,mom_6_1,0.017751353893427864
169,mom_3_1,0.018912961585477298
169,tsmom_12,0.004464548954156639
169,tsmom_sign_12,0.0
169,reversal_1m,0.0175068382828076
169,ma_gap_12m,0.026456653768797776
169,ma_crossover_6_12,0.07978092566440287
169,vol_3m,0.005610610375199832
169,vol_12m,0.018616261700367686
169,vol_regime_3_12,0.004154294241773063
169,log_volume,0.004275559421970072
169,abnormal_log_volume,0.006624917231358429
169,macro_vix,0.18198288829092119
169,macro_epu,0.08628253826980577
169,macro_credit_spread,0.4316379103544709
169,macro_term_spread,0.0836884339244523
170,mom_12_1,0.0108535241605476
170,mom_6_1,0.018340989958583055
170,mom_3_1,0.024150516988019413
170,tsmom_12,0.004426214030760883
170,tsmom_sign_12,0.0
170,reversal_1m,0.02080126171946486
170,ma_gap_12m,0.024668924421910918
170,ma_crossover_6_12,0.08488768996996204
170,vol_3m,0.005936016554059026
170,vol_12m,0.017943918444180522
170,vol_regime_3_12,0.004905626989256165
170,log_volume,0.0056073375817862646
170,abnormal_log_volume,0.005192705363567389
170,macro_vix,0.18389323840123056
170,macro_epu,0.09437493582667328
170,macro_credit_spread,0.4403329338299202
170,macro_term_spread,0.05368416576007786
171,mom_12_1,0.011664570077243986
171,mom_6_1,0.018236989674197585
171,mom_3_1,0.017670150909554195
171,tsmom_12,0.004593944065975726
171,tsmom_sign_12,0.0
171,reversal_1m,0.018500091298487027
171,ma_gap_12m,0.030696836096549794
171,ma_crossover_6_12,0.0795749827009759
171,vol_3m,0.0055162791044873465
171,vol_12m,0.018356469840423658
171,vol_regime_3_12,0.004625316908174156
171,log_volume,0.005114107478387757
171,abnormal_log_volume,0.007001274773526023
171,macro_vix,0.18263773759018362
171,macro_epu,0.09287308804291776
171,macro_credit_spread,0.4309981559415046
171,macro_term_spread,0.07194000549741081
172,mom_12_1,0.01319553840400787
172,mom_6_1,0.019642020486665995
172,mom_3_1,0.02172340686274603
172,tsmom_12,0.0034825507869050234
172,tsmom_sign_12,1.5221216702079545e-05
172,reversal_1m,0.01817994806341339
172,ma_gap_12m,0.02675860454610939
172,ma_crossover_6_12,0.07954408327446277
172,vol_3m,0.0069405723753946
172,vol_12m,0.01916048641267334
172,vol_regime_3_12,0.0046302465987704735
172,log_volume,0.004531059657847048
172,abnormal_log_volume,0.0052852831888149515
172,macro_vix,0.17795671173897437
172,macro_epu,0.07912276053596874
172,macro_credit_spread,0.4373752950621827
172,macro_term_spread,0.08245621078836132
173,mom_12_1,0.011243518335687059
173,mom_6_1,0.0253869602038895
173,mom_3_1,0.017860252944650365
173,tsmom_12,0.0049560194696674255
173,tsmom_sign_12,4.074044843820216e-05
173,reversal_1m,0.015938688765670395
173,ma_gap_12m,0.031056651092631567
173,ma_crossover_6_12,0.06511043520529959
173,vol_3m,0.005781737260542921
173,vol_12m,0.020432758175596134
173,vol_regime_3_12,0.004781731928998913
173,log_volume,0.005043363481962215
173,abnormal_log_volume,0.005591747863604865
173,macro_vix,0.17835269864795542
173,macro_epu,0.07355549489818003
173,macro_credit_spread,0.43719020561126437
173,macro_term_spread,0.09767699566596094
174,mom_12_1,0.012174743286289235
174,mom_6_1,0.02617969716418496
174,mom_3_1,0.01932385803055139
174,tsmom_12,0.004113716198752043
174,tsmom_sign_12,0.0
174,reversal_1m,0.01801270688755972
174,ma_gap_12m,0.032416267384189665
174,ma_crossover_6_12,0.0710449218386934
174,vol_3m,0.006514359472668885
174,vol_12m,0.019492635433467433
174,vol_regime_3_12,0.0032510579808104206
174,log_volume,0.004400440985835733
174,abnormal_log_volume,0.005388079216242004
174,macro_vix,0.1724897932583015
174,macro_epu,0.07507448622105548
174,macro_credit_spread,0.43579718229299347
174,macro_term_spread,0.09432605434840471
175,mom_12_1,0.011204784776595028
175,mom_6_1,0.027878640329061347
175,mom_3_1,0.01665359728768785
175,tsmom_12,0.0044081977295324344
175,tsmom_sign_12,0.0
175,reversal_1m,0.016734817124814366
175,ma_gap_12m,0.02839813465632941
175,ma_crossover_6_12,0.06517053797839771
175,vol_3m,0.007191393272177906
175,vol_12m,0.01944136218536571
175,vol_regime_3_12,0.004388073662590009
175,log_volume,0.0047740856043646755
175,abnormal_log_volume,0.006093108980979038
175,macro_vix,0.17678319723236513
175,macro_epu,0.0730587901011962
175,macro_credit_spread,0.43935449918559805
175,macro_term_spread,0.09846677989294514
176,mom_12_1,0.011415209898537738
176,mom_6_1,0.029784514941463953
176,mom_3_1,0.017328932997996867
176,tsmom_12,0.003969254305181317
176,tsmom_sign_12,0.0
176,reversal_1m,0.01804012011129843
176,ma_gap_12m,0.025704009249451442
176,ma_crossover_6_12,0.06257430883628828
176,vol_3m,0.005864277281816543
176,vol_12m,0.020051523427718255
176,vol_regime_3_12,0.0041784100929919965
176,log_volume,0.004955393304895887
176,abnormal_log_volume,0.005482125477674687
176,macro_vix,0.17132548361885352
176,macro_epu,0.07281696301511245
176,macro_credit_spread,0.4414685409806757
176,macro_term_spread,0.10504093246004285
177,mom_12_1,0.011763367558519734
177,mom_6_1,0.026173253442886495
177,mom_3_1,0.017685860280782496
177,tsmom_12,0.004576132309778504
177,tsmom_sign_12,0.0
177,reversal_1m,0.014704928633968056
177,ma_gap_12m,0.03405766217383761
177,ma_crossover_6_12,0.06639458462937402
177,vol_3m,0.006202188297028689
177,vol_12m,0.020004742258898194
177,vol_regime_3_12,0.004488501091461725
177,log_volume,0.005272427311197193
177,abnormal_log_volume,0.0050688278970671555
177,macro_vix,0.18059470850898782
177,macro_epu,0.07621772362872165
177,macro_credit_spread,0.4270223270604358
177,macro_term_spread,0.09977276491705486
178,mom_12_1,0.011698709067224327
178,mom_6_1,0.027043858061909665
178,mom_3_1,0.017165782118018835
178,tsmom_12,0.0042804534513386635
178,tsmom_sign_12,0.0
178,reversal_1m,0.01625956259773322
178,ma_gap_12m,0.033752289230162415
178,ma_crossover_6_12,0.06474799295494787
178,vol_3m,0.006409174458465472
178,vol_12m,0.01996345950992083
178,vol_regime_3_12,0.00402218491639113
178,log_volume,0.004730334820174655
178,abnormal_log_volume,0.005604463522269117
178,macro_vix,0.17485742615256067
178,macro_epu,0.07670882164040838
178,macro_credit_spread,0.43052667315130144
178,macro_term_spread,0.1022288143471733
179,mom_12_1,0.01338337481391245
179,mom_6_1,0.027524372684591403
179,mom_3_1,0.016840499493207903
179,tsmom_12,0.004481785210915884
179,tsmom_sign_12,3.4713943484832264e-05
179,reversal_1m,0.01669102358709288
179,ma_gap_12m,0.027818300595742407
179,ma_crossover_6_12,0.06850093160386175
179,vol_3m,0.0058593746362611
179,vol_12m,0.019097927084947074
179,vol_regime_3_12,0.0032946805542449402
179,log_volume,0.005637641919108314
179,abnormal_log_volume,0.006409797797595453
179,macro_vix,0.17031256286256263
179,macro_epu,0.07969793661708688
179,macro_credit_spread,0.4329674330453527
179,macro_term_spread,0.1014476435500313
180,mom_12_1,0.010621206838046567
180,mom_6_1,0.02568056361076045
180,mom_3_1,0.01807070123378989
180,tsmom_12,0.003957583591106845
180,tsmom_sign_12,0.0
180,reversal_1m,0.015214249173137897
180,ma_gap_12m,0.03176392419025872
180,ma_crossover_6_12,0.06665602410765159
180,vol_3m,0.006670847928905637
180,vol_12m,0.02044250690058248
180,vol_regime_3_12,0.0040824064804121755
180,log_volume,0.005207798380374959
180,abnormal_log_volume,0.006173500125595704
180,macro_vix,0.17474298563165694
180,macro_epu,0.08203589190652746
180,macro_credit_spread,0.43048211853246277
180,macro_term_spread,0.09819769136872991
181,mom_12_1,0.012334681126755415
181,mom_6_1,0.03150918594894907
181,mom_3_1,0.017316595050557628
181,tsmom_12,0.004413414661817225
181,tsmom_sign_12,0.0
181,reversal_1m,0.01690528735974237
181,ma_gap_12m,0.027314566453004507
181,ma_crossover_6_12,0.06628277698166296
181,vol_3m,0.005870022645478096
181,vol_12m,0.021514417506092502
181,vol_regime_3_12,0.0040696585323054405
181,log_volume,0.004663035640516641
181,abnormal_log_volume,0.005114091420166458
181,macro_vix,0.17046285956578663
181,macro_epu,0.0833913642956931
181,macro_credit_spread,0.44169162522016553
181,macro_term_spread,0.08714641759130659
182,mom_12_1,0.012517401260040221
182,mom_6_1,0.02576751377120223
182,mom_3_1,0.016646248806051287
182,tsmom_12,0.0035984632119430925
182,tsmom_sign_12,0.0
182,reversal_1m,0.017052442409448684
182,ma_gap_12m,0.030005663416775595
182,ma_crossover_6_12,0.06420976366115488
182,vol_3m,0.006333922690649825
182,vol_12m,0.021064860831929592
182,vol_regime_3_12,0.004417760588912676
182,log_volume,0.00525069876367182
182,abnormal_log_volume,0.005274265249835106
182,macro_vix,0.17599151749623376
182,macro_epu,0.08892516111692932
182,macro_credit_spread,0.44527748204092304
182,macro_term_spread,0.07766683468429889
183,mom_12_1,0.012144119031235606
183,mom_6_1,0.029271704939039005
183,mom_3_1,0.017354442160704534
183,tsmom_12,0.0038376222662117915
183,tsmom_sign_12,0.0
183,reversal_1m,0.016791444416738275
183,ma_gap_12m,0.02998804807369667
183,ma_crossover_6_12,0.0598694961713727
183,vol_3m,0.00564256851496447
183,vol_12m,0.019513756678022975
183,vol_regime_3_12,0.00346569436289481
183,log_volume,0.004488108510519184
183,abnormal_log_volume,0.005714179651089342
183,macro_vix,0.17323951980917787
183,macro_epu,0.08924982794632334
183,macro_credit_spread,0.44428559105948684
183,macro_term_spread,0.08514387640852235
184,mom_12_1,0.012033770038696242
184,mom_6_1,0.02803643376914215
184,mom_3_1,0.0166421631646536
184,tsmom_12,0.004299782878424223
184,tsmom_sign_12,0.0
184,reversal_1m,0.016295536642233138
184,ma_gap_12m,0.0315262102784006
184,ma_crossover_6_12,0.06499912255759292
184,vol_3m,0.005632978836866447
184,vol_12m,0.020223069169808833
184,vol_regime_3_12,0.003943730528517316
184,log_volume,0.005201665099595714
184,abnormal_log_volume,0.004880419649625424
184,macro_vix,0.1711911476716845
184,macro_epu,0.09474155857962156
184,macro_credit_spread,0.44475053590377606
184,macro_term_spread,0.0756018752313614
185,mom_12_1,0.011398162097332555
185,mom_6_1,0.025396621626370255
185,mom_3_1,0.017240343334254705
185,tsmom_12,0.004003240131727833
185,tsmom_sign_12,0.0
185,reversal_1m,0.01553048071376247
185,ma_gap_12m,0.031750429315971426
185,ma_crossover_6_12,0.06703208041103419
185,vol_3m,0.006179777936083953
185,vol_12m,0.019931309106963307
185,vol_regime_3_12,0.0038802142398150106
185,log_volume,0.005064026242355801
185,abnormal_log_volume,0.00565346604391788
185,macro_vix,0.17480257792616494
185,macro_epu,0.09211123755268756
185,macro_credit_spread,0.44334557852645456
185,macro_term_spread,0.07668045479510364
186,mom_12_1,0.012808193513344043
186,mom_6_1,0.0278325215935024
186,mom_3_1,0.017104188766015046
186,tsmom_12,0.004221657635781351
186,tsmom_sign_12,0.0
186,reversal_1m,0.016759532229466988
186,ma_gap_12m,0.02855128721650288
186,ma_crossover_6_12,0.06605353883604455
186,vol_3m,0.006281825947194812
186,vol_12m,0.02100199896893618
186,vol_regime_3_12,0.003691500903290498
186,log_volume,0.004076820393971455
186,abnormal_log_volume,0.0059290617173947055
186,macro_vix,0.17336643653094902
186,macro_epu,0.0856192523465997
186,macro_credit_spread,0.44327148182146764
186,macro_term_spread,0.0834307015795387
187,mom_12_1,0.012143885402947651
187,mom_6_1,0.02665554534206599
187,mom_3_1,0.017675449768097744
187,tsmom_12,0.003504406622705387
187,tsmom_sign_12,0.0
187,reversal_1m,0.016914018320129936
187,ma_gap_12m,0.02856258251880438
187,ma_crossover_6_12,0.06268355074888565
187,vol_3m,0.005987853579492624
187,vol_12m,0.02028123050589989
187,vol_regime_3_12,0.004160858582580359
187,log_volume,0.004637769747394225
187,abnormal_log_volume,0.0058480905043741364
187,macro_vix,0.17178892447767866
187,macro_epu,0.08723260830776533
187,macro_credit_spread,0.44809737284440976
187,macro_term_spread,0.08382585272676833
188,mom_12_1,0.011096447149883998
188,mom_6_1,0.031180389174856302
188,mom_3_1,0.018852685437786867
188,tsmom_12,0.00424092342807561
188,tsmom_sign_12,0.0
188,reversal_1m,0.01726494987477136
188,ma_gap_12m,0.027311818179540738
188,ma_crossover_6_12,0.06237613780894485
188,vol_3m,0.005688129917770773
188,vol_12m,0.020646574807240733
188,vol_regime_3_12,0.0037545289685647653
188,log_volume,0.005089976995118069
188,abnormal_log_volume,0.006160898997141925
188,macro_vix,0.17838341925325157
188,macro_epu,0.08840032780560579
188,macro_credit_spread,0.43620288213843467
188,macro_term_spread,0.08334991006301194
189,mom_12_1,0.011643122969306143
189,mom_6_1,0.029559761773171937
189,mom_3_1,0.014577479828828569
189,tsmom_12,0.003769392993761813
189,tsmom_sign_12,3.3946071818098076e-05
189,reversal_1m,0.014574098496168341
189,ma_gap_12m,0.026498335515377384
189,ma_crossover_6_12,0.053550893896221016
189,vol_3m,0.007339168692504667
189,vol_12m,0.019336200898151683
189,vol_regime_3_12,0.003231234550848959
189,log_volume,0.005171193337255666
189,abnormal_log_volume,0.0050947783031955445
189,macro_vix,0.15505605148250756
189,macro_epu,0.08090678530437698
189,macro_credit_spread,0.43544055311105384
189,macro_term_spread,0.13421700277545182
190,mom_12_1,0.01260861259310491
190,mom_6_1,0.03672112839894343
190,mom_3_1,0.010953531861222488
190,tsmom_12,0.004441579467874606
190,tsmom_sign_12,0.0
190,reversal_1m,0.013636837473400736
190,ma_gap_12m,0.03237609566438643
190,ma_crossover_6_12,0.04099942462923654
190,vol_3m,0.005843669707107477
190,vol_12m,0.022807539000333825
190,vol_regime_3_12,0.0031288908150378263
190,log_volume,0.004308433053772013
190,abnormal_log_volume,0.004094193707090927
190,macro_vix,0.1621685996480581
190,macro_epu,0.06897743052936126
190,macro_credit_spread,0.4353501154800689
190,macro_term_spread,0.1415839179710006
191,mom_12_1,0.01343722495257673
191,mom_6_1,0.03375957150275213
191,mom_3_1,0.010885807917560695
191,tsmom_12,0.0037053168150411884
191,tsmom_sign_12,0.0
191,reversal_1m,0.014559052212619676
191,ma_gap_12m,0.032038232278885304
191,ma_crossover_6_12,0.04305943207742145
191,vol_3m,0.0059462258620883645
191,vol_12m,0.022505636233089536
191,vol_regime_3_12,0.0035108456498740732
191,log_volume,0.003465977002195926
191,abnormal_log_volume,0.004413558672333489
191,macro_vix,0.15151146912969557
191,macro_epu,0.06635638533726927
191,macro_credit_spread,0.43661725202792867
191,macro_term_spread,0.1542280123286679
192,mom_12_1,0.011961918107249418
192,mom_6_1,0.03251838140609286
192,mom_3_1,0.011190253632676226
192,tsmom_12,0.003979507261717096
192,tsmom_sign_12,0.0
192,reversal_1m,0.014434465825874964
192,ma_gap_12m,0.03108214888803335
192,ma_crossover_6_12,0.048156342771071385
192,vol_3m,0.005740545215038608
192,vol_12m,0.02291021409609127
192,vol_regime_3_12,0.003323128816179964
192,log_volume,0.006001509022454588
192,abnormal_log_volume,0.005205968361845836
192,macro_vix,0.15729420939677569
192,macro_epu,0.06567073025141801
192,macro_credit_spread,0.4364441830668703
192,macro_term_spread,0.14408649388061057
193,mom_12_1,0.011669891877721689
193,mom_6_1,0.03470186085146481
193,mom_3_1,0.012222596779443413
193,tsmom_12,0.003957239080862783
193,tsmom_sign_12,0.0
193,reversal_1m,0.013031030717793015
193,ma_gap_12m,0.02875514602803758
193,ma_crossover_6_12,0.04665010765140051
193,vol_3m,0.0062150063465405666
193,vol_12m,0.02274259996359773
193,vol_regime_3_12,0.0032343024717676736
193,log_volume,0.004921294953776985
193,abnormal_log_volume,0.004979853076684169
193,macro_vix,0.15809059037161513
193,macro_epu,0.06953414538368119
193,macro_credit_spread,0.4374095629714041
193,macro_term_spread,0.14188477147420875
194,mom_12_1,0.013026916310963093
194,mom_6_1,0.03998242665340483
194,mom_3_1,0.00921741979036306
194,tsmom_12,0.004030874562880176
194,tsmom_sign_12,2.6127185843801935e-05
194,reversal_1m,0.012712261162439986
194,ma_gap_12m,0.033005254763492135
194,ma_crossover_6_12,0.038216048022722625
194,vol_3m,0.006009791143426892
194,vol_12m,0.02393851660759382
194,vol_regime_3_12,0.003103595731063382
194,log_volume,0.004543211869008098
194,abnormal_log_volume,0.005263134854691275
194,macro_vix,0.15683476283078976
194,macro_epu,0.0780305395247694
194,macro_credit_spread,0.4334978637410587
194,macro_term_spread,0.1385612552454891
195,mom_12_1,0.011865459134007423
195,mom_6_1,0.036670765854264306
195,mom_3_1,0.010661897484478993
195,tsmom_12,0.003954589510501231
195,tsmom_sign_12,0.0
195,reversal_1m,0.012065321447355911
195,ma_gap_12m,0.034949356470899834
195,ma_crossover_6_12,0.04289691903312917
195,vol_3m,0.00514373281797605
195,vol_12m,0.023612352121814822
195,vol_regime_3_12,0.003112007758933606
195,log_volume,0.0045697160521533465
195,abnormal_log_volume,0.0042738762966300905
195,macro_vix,0.16259675900752754
195,macro_epu,0.07506562327600033
195,macro_credit_spread,0.4335490614086353
195,macro_term_spread,0.13501256232569225
196,mom_12_1,0.009999973055077754
196,mom_6_1,0.03368656778328836
196,mom_3_1,0.012937440481923317
196,tsmom_12,0.0039054790796563847
196,tsmom_sign_12,0.0
196,reversal_1m,0.01343229967553557
196,ma_gap_12m,0.02787780893879373
196,ma_crossover_6_12,0.048218250819379034
196,vol_3m,0.006246258134217108
196,vol_12m,0.020807717430724418
196,vol_regime_3_12,0.003246768217397591
196,log_volume,0.004564739029986143
196,abnormal_log_volume,0.0043048234476645636
196,macro_vix,0.16307074308787464
196,macro_epu,0.06435927941134496
196,macro_credit_spread,0.4464253332307241
196,macro_term_spread,0.13691651817641246
197,mom_12_1,0.010885035401721822
197,mom_6_1,0.031237605840361733
197,mom_3_1,0.010532661403203974
197,tsmom_12,0.004237359407181551
197,tsmom_sign_12,0.0
197,reversal_1m,0.01274858880156876
197,ma_gap_12m,0.026468655766441442
197,ma_crossover_6_12,0.051471153538133925
197,vol_3m,0.006067475724155251
197,vol_12m,0.02183526586244867
197,vol_regime_3_12,0.00335537065578875
197,log_volume,0.004942803394443765
197,abnormal_log_volume,0.006133210890871411
197,macro_vix,0.1672936446174537
197,macro_epu,0.0658420921382189
197,macro_credit_spread,0.4431897214200374
197,macro_term_spread,0.13375935513796905
198,mom_12_1,0.011010575238599826
198,mom_6_1,0.031822879717264066
198,mom_3_1,0.011749980329932887
198,tsmom_12,0.003315697035364363
198,tsmom_sign_12,0.0
198,reversal_1m,0.01394747311730794
198,ma_gap_12m,0.030315798777150092
198,ma_crossover_6_12,0.05186377852246199
198,vol_3m,0.006489816873517707
198,vol_12m,0.021015466803481885
198,vol_regime_3_12,0.003617391198659809
198,log_volume,0.0040262854121642915
198,abnormal_log_volume,0.004655647370399495
198,macro_vix,0.15145075443829023
198,macro_epu,0.06900851800952244
198,macro_credit_spread,0.442040346831012
198,macro_term_spread,0.14366959032487092
199,mom_12_1,0.010617180174801065
199,mom_6_1,0.033882490801346636
199,mom_3_1,0.013322236388394661
199,tsmom_12,0.004028038229537022
199,tsmom_sign_12,0.0
199,reversal_1m,0.011764733610783557
199,ma_gap_12m,0.023850712289363273
199,ma_crossover_6_12,0.05240787301618117
199,vol_3m,0.0059538265869890266
199,vol_12m,0.02284630816545388
199,vol_regime_3_12,0.003176719277702687
199,log_volume,0.004485559187533924
199,abnormal_log_volume,0.005985839916969021
199,macro_vix,0.1614880618210755
199,macro_epu,0.06129235843063142
199,macro_credit_spread,0.4459315317973132
199,macro_term_spread,0.13896653030592399
200,mom_12_1,0.01206557337016515
200,mom_6_1,0.04284893626192092
200,mom_3_1,0.009987534506144159
200,tsmom_12,0.003070581559430646
200,tsmom_sign_12,0.0
200,reversal_1m,0.014048571201912203
200,ma_gap_12m,0.02985697265095397
200,ma_crossover_6_12,0.039692786383308365
200,vol_3m,0.0053220353252355955
200,vol_12m,0.020678765135338825
200,vol_regime_3_12,0.0033555984459687814
200,log_volume,0.00491024443403733
200,abnormal_log_volume,0.005658255640044635
200,macro_vix,0.1761159894037173
200,macro_epu,0.060504912206961525
200,macro_credit_spread,0.4516364991252672
200,macro_term_spread,0.12024674434959344
201,mom_12_1,0.01155602545963185
201,mom_6_1,0.03871441495499142
201,mom_3_1,0.010247481440609406
201,tsmom_12,0.004497300647093974
201,tsmom_sign_12,0.0
201,reversal_1m,0.013414835855134973
201,ma_gap_12m,0.023218017332176495
201,ma_crossover_6_12,0.04443567417191719
201,vol_3m,0.005952780095350852
201,vol_12m,0.020155170802336694
201,vol_regime_3_12,0.0034902580692360826
201,log_volume,0.004312380232231621
201,abnormal_log_volume,0.0057790726939994175
201,macro_vix,0.17347464955777006
201,macro_epu,0.0715670818963401
201,macro_credit_spread,0.4476255133095114
201,macro_term_spread,0.12155934348166832
202,mom_12_1,0.011387452091502855
202,mom_6_1,0.03372774103624621
202,mom_3_1,0.011305002031118267
202,tsmom_12,0.003973201939430089
202,tsmom_sign_12,0.0
202,reversal_1m,0.012543466231665261
202,ma_gap_12m,0.02495634034831264
202,ma_crossover_6_12,0.05357547532690078
202,vol_3m,0.005794649675672033
202,vol_12m,0.02103594025164896
202,vol_regime_3_12,0.003748046705647072
202,log_volume,0.003633858710059723
202,abnormal_log_volume,0.006301949961205635
202,macro_vix,0.16798376151971936
202,macro_epu,0.07330159517036108
202,macro_credit_spread,0.4401310512436945
202,macro_term_spread,0.12660046775681552
203,mom_12_1,0.010658864797477846
203,mom_6_1,0.034735573512147656
203,mom_3_1,0.009994934269975742
203,tsmom_12,0.0033556487996712174
203,tsmom_sign_12,0.0
203,reversal_1m,0.012286708167916584
203,ma_gap_12m,0.026289373463826086
203,ma_crossover_6_12,0.05027932709694914
203,vol_3m,0.006385864326921638
203,vol_12m,0.020833305056097103
203,vol_regime_3_12,0.0037348256476315137
203,log_volume,0.004959549783156157
203,abnormal_log_volume,0.005876597703324105
203,macro_vix,0.17742211304817523
203,macro_epu,0.07318288171522988
203,macro_credit_spread,0.434956509913062
203,macro_term_spread,0.12504792269843806
204,mom_12_1,0.010070849150500782
204,mom_6_1,0.04074514716018778
204,mom_3_1,0.010349362137775087
204,tsmom_12,0.004590337401043565
204,tsmom_sign_12,0.0
204,reversal_1m,0.011261681703601057
204,ma_gap_12m,0.03314271341513879
204,ma_crossover_6_12,0.038331495274866366
204,vol_3m,0.006099252607934908
204,vol_12m,0.021123921621497312
204,vol_regime_3_12,0.0035482033896290003
204,log_volume,0.003929451400605656
204,abnormal_log_volume,0.005186596059169584
204,macro_vix,0.17310504698604073
204,macro_epu,0.07272499112405155
204,macro_credit_spread,0.4430296828492307
204,macro_term_spread,0.12276126771872707
205,mom_12_1,0.010161658385063582
205,mom_6_1,0.038936941602127136
205,mom_3_1,0.008529646117974595
205,tsmom_12,0.004216062935533424
205,tsmom_sign_12,0.0
205,reversal_1m,0.0133147109860953
205,ma_gap_12m,0.030726051369294002
205,ma_crossover_6_12,0.041172208879202664
205,vol_3m,0.006190543033723723
205,vol_12m,0.022303663397963226
205,vol_regime_3_12,0.0039584832124876755
205,log_volume,0.005199236168154793
205,abnormal_log_volume,0.006200024385519893
205,macro_vix,0.1738795315833563
205,macro_epu,0.07228313980528259
205,macro_credit_spread,0.4431150119029555
205,macro_term_spread,0.11981308623526568
206,mom_12_1,0.011312996897567892
206,mom_6_1,0.04332698820517917
206,mom_3_1,0.008537309513797123
206,tsmom_12,0.004162862654566115
206,tsmom_sign_12,0.0
206,reversal_1m,0.01307359670462787
206,ma_gap_12m,0.033484207355861675
206,ma_crossover_6_12,0.0376282231963583
206,vol_3m,0.005432500639533316
206,vol_12m,0.02255129571310052
206,vol_regime_3_12,0.0039517537230328165
206,log_volume,0.004163431619012993
206,abnormal_log_volume,0.0048235122601033575
206,macro_vix,0.17750833267071617
206,macro_epu,0.06554069988323329
206,macro_credit_spread,0.44399907069643035
206,macro_term_spread,0.12050321826687901
207,mom_12_1,0.0099420797622175
207,mom_6_1,0.041714946402350954
207,mom_3_1,0.010054626031553472
207,tsmom_12,0.004744008864639803
207,tsmom_sign_12,0.0
207,reversal_1m,0.012556905729204905
207,ma_gap_12m,0.03543511268505236
207,ma_crossover_6_12,0.03456767075247781
207,vol_3m,0.005938645794007376
207,vol_12m,0.023130092879210813
207,vol_regime_3_12,0.003147586245960085
207,log_volume,0.004295030082334962
207,abnormal_log_volume,0.004322478024785115
207,macro_vix,0.17939572092640363
207,macro_epu,0.06483440227716945
207,macro_credit_spread,0.4491705741167124
207,macro_term_spread,0.11675011942591944
208,mom_12_1,0.01114872878696027
208,mom_6_1,0.04174147452423975
208,mom_3_1,0.00881531654196539
208,tsmom_12,0.004058967616483184
208,tsmom_sign_12,0.0
208,reversal_1m,0.012618082442846252
208,ma_gap_12m,0.03222343109948417
208,ma_crossover_6_12,0.03714737021146612
208,vol_3m,0.005600999678723371
208,vol_12m,0.021540711249527625
208,vol_regime_3_12,0.0030447149504573743
208,log_volume,0.004366763086415203
208,abnormal_log_volume,0.005712151103030586
208,macro_vix,0.17453648878015876
208,macro_epu,0.06949256180291698
208,macro_credit_spread,0.4486281327028545
208,macro_term_spread,0.11932410542247039
209,mom_12_1,0.010363418086839615
209,mom_6_1,0.03391613639591679
209,mom_3_1,0.009360112182019691
209,tsmom_12,0.0047298545484947855
209,tsmom_sign_12,0.0
209,reversal_1m,0.013204418048149943
209,ma_gap_12m,0.03261785538275711
209,ma_crossover_6_12,0.04160541557586993
209,vol_3m,0.0067384453687390575
209,vol_12m,0.022209292636474937
209,vol_regime_3_12,0.0030763225588127975
209,log_volume,0.005054738764502705
209,abnormal_log_volume,0.0069629876138986675
209,macro_vix,0.1750464525768377
209,macro_epu,0.06719712350591986
209,macro_credit_spread,0.4411159328439987
209,macro_term_spread,0.1268014939107676
210,mom_12_1,0.010257354344104914
210,mom_6_1,0.03338221380501875
210,mom_3_1,0.011978922282597781
210,tsmom_12,0.0036981619042852428
210,tsmom_sign_12,0.0
210,reversal_1m,0.013617864747815569
210,ma_gap_12m,0.027010850369242955
210,ma_crossover_6_12,0.05140158943162803
210,vol_3m,0.005675523297788952
210,vol_12m,0.021941201714057834
210,vol_regime_3_12,0.003307085868003111
210,log_volume,0.0043691907270657394
210,abnormal_log_volume,0.005958160271980658
210,macro_vix,0.17001154426628826
210,macro_epu,0.06496797677008548
210,macro_credit_spread,0.4377795534511766
210,macro_term_spread,0.13464280674886023
211,mom_12_1,0.01150135624823865
211,mom_6_1,0.029668101137728782
211,mom_3_1,0.011939383895640072
211,tsmom_12,0.003651188907483812
211,tsmom_sign_12,0.0
211,reversal_1m,0.012790776475054114
211,ma_gap_12m,0.027226244568419985
211,ma_crossover_6_12,0.05497711950270633
211,vol_3m,0.006591614495649817
211,vol_12m,0.022101934873957122
211,vol_regime_3_12,0.0030450754403913687
211,log_volume,0.005349765427518369
211,abnormal_log_volume,0.006251131378850183
211,macro_vix,0.15984823476073434
211,macro_epu,0.06580738342749011
211,macro_credit_spread,0.4298161856845744
211,macro_term_spread,0.1494345037755624
212,mom_12_1,0.01073843371457548
212,mom_6_1,0.03031042789133126
212,mom_3_1,0.011938880895333612
212,tsmom_12,0.003788024753595506
212,tsmom_sign_12,0.0
212,reversal_1m,0.013632187339168315
212,ma_gap_12m,0.02948505348796849
212,ma_crossover_6_12,0.053311729661368545
212,vol_3m,0.006199617113649774
212,vol_12m,0.02243422961589487
212,vol_regime_3_12,0.0038913590314291805
212,log_volume,0.0039981916451915685
212,abnormal_log_volume,0.006198748619846343
212,macro_vix,0.14065155323712314
212,macro_epu,0.05902390169397278
212,macro_credit_spread,0.4533829578314977
212,macro_term_spread,0.15101470346805354
213,mom_12_1,0.010449544233629286
213,mom_6_1,0.02577436443558922
213,mom_3_1,0.014340471717430081
213,tsmom_12,0.004537149439798851
213,tsmom_sign_12,0.0
213,reversal_1m,0.013247147941090562
213,ma_gap_12m,0.02895680632163095
213,ma_crossover_6_12,0.060297048999752995
213,vol_3m,0.006036242190358231
213,vol_12m,0.022067564999548046
213,vol_regime_3_12,0.003884285456305539
213,log_volume,0.005079664122733526
213,abnormal_log_volume,0.005988819299128669
213,macro_vix,0.1417616086581672
213,macro_epu,0.06368737393020166
213,macro_credit_spread,0.4523587640196164
213,macro_term_spread,0.14153314423501873
214,mom_12_1,0.011578879016236235
214,mom_6_1,0.03327308447647434
214,mom_3_1,0.013964858959353815
214,tsmom_12,0.003686504356837781
214,tsmom_sign_12,0.0
214,reversal_1m,0.01343992634345898
214,ma_gap_12m,0.02789233062777189
214,ma_crossover_6_12,0.053648172999739986
214,vol_3m,0.006603448725568777
214,vol_12m,0.02296351856029183
214,vol_regime_3_12,0.003222327704822253
214,log_volume,0.004313970432532389
214,abnormal_log_volume,0.00581666360845438
214,macro_vix,0.1329407913334156
214,macro_epu,0.06157264430122082
214,macro_credit_spread,0.4520671264100921
214,macro_term_spread,0.1530157521437289
215,mom_12_1,0.01139075272887221
215,mom_6_1,0.03109293777488246
215,mom_3_1,0.010997539387040617
215,tsmom_12,0.004522565426520994
215,tsmom_sign_12,0.0
215,reversal_1m,0.013500143531856952
215,ma_gap_12m,0.03074413535935345
215,ma_crossover_6_12,0.04879600488148316
215,vol_3m,0.005995858438418628
215,vol_12m,0.02383679904615259
215,vol_regime_3_12,0.003606439161144136
215,log_volume,0.004236222471754327
215,abnormal_log_volume,0.005675945353709157
215,macro_vix,0.1369208302066771
215,macro_epu,0.06013446768579849
215,macro_credit_spread,0.44923059590150505
215,macro_term_spread,0.1593187626448306
216,mom_12_1,0.010256178357322815
216,mom_6_1,0.031588754341088855
216,mom_3_1,0.013505717775072248
216,tsmom_12,0.0035516773538610204
216,tsmom_sign_12,0.0
216,reversal_1m,0.014120430842290244
216,ma_gap_12m,0.03805895415212084
216,ma_crossover_6_12,0.04484980096234792
216,vol_3m,0.006704579225820467
216,vol_12m,0.02374430720908868
216,vol_regime_3_12,0.002956023398132882
216,log_volume,0.005043601044211481
216,abnormal_log_volume,0.005918175716340185
216,macro_vix,0.1328849530830699
216,macro_epu,0.05509246857370619
216,macro_credit_spread,0.45458499428977617
216,macro_term_spread,0.15713938367575028
217,mom_12_1,0.01060225676338502
217,mom_6_1,0.03526104628309318
217,mom_3_1,0.012615096062407401
217,tsmom_12,0.004484601225072002
217,tsmom_sign_12,0.0
217,reversal_1m,0.013217189238687204
217,ma_gap_12m,0.03868399321092667
217,ma_crossover_6_12,0.041453587642294794
217,vol_3m,0.006051626156817898
217,vol_12m,0.025177954809475777
217,vol_regime_3_12,0.0033367683718417617
217,log_volume,0.0043164416680218035
217,abnormal_log_volume,0.00527415720421559
217,macro_vix,0.12945682889586274
217,macro_epu,0.05623257448960106
217,macro_credit_spread,0.45450512035796736
217,macro_term_spread,0.15933075762032983
218,mom_12_1,0.012556000941747207
218,mom_6_1,0.028528538822488358
218,mom_3_1,0.015702357446156712
218,tsmom_12,0.003385423392554333
218,tsmom_sign_12,0.0
218,reversal_1m,0.01602136190807274
218,ma_gap_12m,0.027838223913262745
218,ma_crossover_6_12,0.05738495006190237
218,vol_3m,0.006827244249961413
218,vol_12m,0.021475314979793398
218,vol_regime_3_12,0.0031754174773090593
218,log_volume,0.004452425334302809
218,abnormal_log_volume,0.006060899537687451
218,macro_vix,0.1270348476315209
218,macro_epu,0.06340304450738732
218,macro_credit_spread,0.4705185978513353
218,macro_term_spread,0.1356353519445178
219,mom_12_1,0.01298122515670622
219,mom_6_1,0.02013627144683299
219,mom_3_1,0.016634019016377396
219,tsmom_12,0.003800664373455116
219,tsmom_sign_12,0.0
219,reversal_1m,0.015149139739769299
219,ma_gap_12m,0.024507171565808016
219,ma_crossover_6_12,0.07245194110715489
219,vol_3m,0.00635522434017973
219,vol_12m,0.021755853375207208
219,vol_regime_3_12,0.003479002893148764
219,log_volume,0.005031870880200902
219,abnormal_log_volume,0.006506840260436503
219,macro_vix,0.1416725116890014
219,macro_epu,0.06532483102433771
219,macro_credit_spread,0.4746851592087733
219,macro_term_spread,0.10952827392261066
220,mom_12_1,0.010270479724047727
220,mom_6_1,0.020174881068227308
220,mom_3_1,0.020314681454866854
220,tsmom_12,0.0031910801743859347
220,tsmom_sign_12,2.3431451587091817e-05
220,reversal_1m,0.01923599143694624
220,ma_gap_12m,0.020466532500639928
220,ma_crossover_6_12,0.08196851628895382
220,vol_3m,0.00756085842593317
220,vol_12m,0.01991882212797936
220,vol_regime_3_12,0.004042603684243751
220,log_volume,0.005520177681257468
220,abnormal_log_volume,0.006945828021313464
220,macro_vix,0.1669873319631189
220,macro_epu,0.06861678094244497
220,macro_credit_spread,0.48208236099719
220,macro_term_spread,0.06267964205686395
221,mom_12_1,0.010580880602259764
221,mom_6_1,0.018923106752439328
221,mom_3_1,0.018275042483050168
221,tsmom_12,0.003403091192772676
221,tsmom_sign_12,0.0
221,reversal_1m,0.018207994340459926
221,ma_gap_12m,0.021942766122840116
221,ma_crossover_6_12,0.0812728012036043
221,vol_3m,0.005752673467672007
221,vol_12m,0.019199716189890952
221,vol_regime_3_12,0.0041589843765955994
221,log_volume,0.00525474786484441
221,abnormal_log_volume,0.008268709397241983
221,macro_vix,0.17580206337206003
221,macro_epu,0.06695817871041768
221,macro_credit_spread,0.4689790194456583
221,macro_term_spread,0.07302022447819273
222,mom_12_1,0.010730952716445745
222,mom_6_1,0.024064083534288915
222,mom_3_1,0.015662830721644233
222,tsmom_12,0.0035036603928862097
222,tsmom_sign_12,0.0
222,reversal_1m,0.017981801590452907
222,ma_gap_12m,0.022172280050386312
222,ma_crossover_6_12,0.07687377201203097
222,vol_3m,0.0064191281080135595
222,vol_12m,0.0168515703768204
222,vol_regime_3_12,0.004447206540670991
222,log_volume,0.004088563249204598
222,abnormal_log_volume,0.008596012334381066
222,macro_vix,0.1841007251429017
222,macro_epu,0.07043295536577915
222,macro_credit_spread,0.46063895490639917
222,macro_term_spread,0.07343550295769409
223,mom_12_1,0.01131263837894715
223,mom_6_1,0.02710795237443684
223,mom_3_1,0.012215593329346911
223,tsmom_12,0.003436424354191516
223,tsmom_sign_12,0.0
223,reversal_1m,0.01987662471655386
223,ma_gap_12m,0.022408413744115847
223,ma_crossover_6_12,0.08771375753071349
223,vol_3m,0.005063145076848863
223,vol_12m,0.019774466392701997
223,vol_regime_3_12,0.004366589011061085
223,log_volume,0.006917311540763362
223,abnormal_log_volume,0.010766854351747115
223,macro_vix,0.1944706662624017
223,macro_epu,0.0873708623483793
223,macro_credit_spread,0.46175124304010656
223,macro_term_spread,0.02544745754768452
224,mom_12_1,0.010090730617231623
224,mom_6_1,0.02549417940974978
224,mom_3_1,0.011883893802620166
224,tsmom_12,0.0034264555890536202
224,tsmom_sign_12,0.0
224,reversal_1m,0.02074176621877866
224,ma_gap_12m,0.0199432329989666
224,ma_crossover_6_12,0.09339467176195862
224,vol_3m,0.005377828113220103
224,vol_12m,0.02154580773288344
224,vol_regime_3_12,0.00363257279283248
224,log_volume,0.006748807520813738
224,abnormal_log_volume,0.01046004650525529
224,macro_vix,0.20248596640985625
224,macro_epu,0.08041738501469163
224,macro_credit_spread,0.4617961716496746
224,macro_term_spread,0.022560483862413494
225,mom_12_1,0.01075459179622484
225,mom_6_1,0.024249123193573693
225,mom_3_1,0.01086190353513774
225,tsmom_12,0.004047978585089105
225,tsmom_sign_12,0.0
225,reversal_1m,0.01932076735044509
225,ma_gap_12m,0.020184634171247946
225,ma_crossover_6_12,0.09556018229953427
225,vol_3m,0.007065945542931621
225,vol_12m,0.025151835245012428
225,vol_regime_3_12,0.0038919100980844288
225,log_volume,0.004938084274008182
225,abnormal_log_volume,0.012759530950455813
225,macro_vix,0.19018650098712142
225,macro_epu,0.08768419451373957
225,macro_credit_spread,0.46874222740971483
225,macro_term_spread,0.014600590047678958
226,mom_12_1,0.008775406026806888
226,mom_6_1,0.02388398702358057
226,mom_3_1,0.018428447897690655
226,tsmom_12,0.0034417713216442496
226,tsmom_sign_12,0.00033984981245818236
226,reversal_1m,0.023903113418104603
226,ma_gap_12m,0.06473660155709204
226,ma_crossover_6_12,0.07754601463135188
226,vol_3m,0.005837451657153746
226,vol_12m,0.022870583189168483
226,vol_regime_3_12,0.004135410318169925
226,log_volume,0.004462627690900287
226,abnormal_log_volume,0.010538438855874514
226,macro_vix,0.4633592076539361
226,macro_epu,0.06433597994422083
226,macro_credit_spread,0.1595098203939755
226,macro_term_spread,0.04389528860787161
227,mom_12_1,0.011709649808491814
227,mom_6_1,0.031060890433243914
227,mom_3_1,0.02004203310803954
227,tsmom_12,0.0035384374454831844
227,tsmom_sign_12,0.00015520814510423754
227,reversal_1m,0.017196162549438027
227,ma_gap_12m,0.08430480144646425
227,ma_crossover_6_12,0.09455638918794544
227,vol_3m,0.004715368045808008
227,vol_12m,0.0189879923311399
227,vol_regime_3_12,0.00439372039700395
227,log_volume,0.005297460919233634
227,abnormal_log_volume,0.01262932268656045
227,macro_vix,0.36470414957776864
227,macro_epu,0.0920222898893585
227,macro_credit_spread,0.13579954926022075
227,macro_term_spread,0.09888657476869583
228,mom_12_1,0.010468111973681579
228,mom_6_1,0.031073212067209376
228,mom_3_1,0.021268726090664956
228,tsmom_12,0.00350518467264746
228,tsmom_sign_12,4.0722567554963266e-05
228,reversal_1m,0.020620841722723802
228,ma_gap_12m,0.09005162710055366
228,ma_crossover_6_12,0.09648286855391293
228,vol_3m,0.0037977119844920955
228,vol_12m,0.025836066133167444
228,vol_regime_3_12,0.004734592802219755
228,log_volume,0.005728699938116778
228,abnormal_log_volume,0.012087062620117897
228,macro_vix,0.35523700638833156
228,macro_epu,0.09312265715886536
228,macro_credit_spread,0.16775031053316655
228,macro_term_spread,0.05819459769257385
229,mom_12_1,0.018445940043797807
229,mom_6_1,0.02260869094417711
229,mom_3_1,0.029888390815749663
229,tsmom_12,0.0022928752323672927
229,tsmom_sign_12,0.0
229,reversal_1m,0.019784402221822175
229,ma_gap_12m,0.09236166777405463
229,ma_crossover_6_12,0.04891039635289541
229,vol_3m,0.004677043447607918
229,vol_12m,0.015698011952500243
229,vol_regime_3_12,0.004270658534454599
229,log_volume,0.005515705532222277
229,abnormal_log_volume,0.00536194202652904
229,macro_vix,0.33175250880768953
229,macro_epu,0.06740493629183805
229,macro_credit_spread,0.22641617976582362
229,macro_term_spread,0.10461065025647069
230,mom_12_1,0.014554077293229741
230,mom_6_1,0.02631958532993299
230,mom_3_1,0.02598166271745556
230,tsmom_12,0.003353986197639032
230,tsmom_sign_12,0.0
230,reversal_1m,0.01909458129571349
230,ma_gap_12m,0.0850073123300769
230,ma_crossover_6_12,0.06307844776674784
230,vol_3m,0.0039316279711073005
230,vol_12m,0.035825070271741144
230,vol_regime_3_12,0.003320652471731801
230,log_volume,0.004626171636120179
230,abnormal_log_volume,0.004832014486559179
230,macro_vix,0.26283172202212457
230,macro_epu,0.17434310804644274
230,macro_credit_spread,0.17783396985467292
230,macro_term_spread,0.09506601030870458
231,mom_12_1,0.016832537918608927
231,mom_6_1,0.01838296429653714
231,mom_3_1,0.025797749930476583
231,tsmom_12,0.0035481152012605956
231,tsmom_sign_12,0.0
231,reversal_1m,0.014762653744110316
231,ma_gap_12m,0.11906216961647573
231,ma_crossover_6_12,0.042785095078924834
231,vol_3m,0.00754847978986992
231,vol_12m,0.030442421377077675
231,vol_regime_3_12,0.0035399119927778345
231,log_volume,0.004514386161251964
231,abnormal_log_volume,0.005654660499164268
231,macro_vix,0.24286706576544567
231,macro_epu,0.20883051607724326
231,macro_credit_spread,0.17016283398220036
231,macro_term_spread,0.08526843856857504
232,mom_12_1,0.015774435963440057
232,mom_6_1,0.04153690119545728
232,mom_3_1,0.017692279375893946
232,tsmom_12,0.003955907102349859
232,tsmom_sign_12,0.0
232,reversal_1m,0.01613972331721403
232,ma_gap_12m,0.08688300840186039
232,ma_crossover_6_12,0.12789279075561222
232,vol_3m,0.006496309303140738
232,vol_12m,0.05429194540362151
232,vol_regime_3_12,0.004112950435628613
232,log_volume,0.005375487385891786
232,abnormal_log_volume,0.004951241082763724
232,macro_vix,0.2679856555608986
232,macro_epu,0.16074509197838346
232,macro_credit_spread,0.15487846651404827
232,macro_term_spread,0.03128780622379556
233,mom_12_1,0.011393453484037565
233,mom_6_1,0.009790487805952082
233,mom_3_1,0.010852997048485805
233,tsmom_12,0.0035651976289858005
233,tsmom_sign_12,3.6994707978104105e-05
233,reversal_1m,0.02123338998360076
233,ma_gap_12m,0.03290889057125073
233,ma_crossover_6_12,0.03221967740011046
233,vol_3m,0.005054602903083073
233,vol_12m,0.05907935664348576
233,vol_regime_3_12,0.0026826117915032316
233,log_volume,0.0033868694816154305
233,abnormal_log_volume,0.004174911657153504
233,macro_vix,0.4233920644998262
233,macro_epu,0.1702334300457303
233,macro_credit_spread,0.1376940373778933
233,macro_term_spread,0.0723010269693078
234,mom_12_1,0.009832542012880106
234,mom_6_1,0.008701771324686837
234,mom_3_1,0.011873443069291074
234,tsmom_12,0.0035505463935032676
234,tsmom_sign_12,2.5296371484949725e-05
234,reversal_1m,0.019980654884648157
234,ma_gap_12m,0.014437639601123483
234,ma_crossover_6_12,0.00885661589924972
234,vol_3m,0.005057775037044044
234,vol_12m,0.05763263080399668
234,vol_regime_3_12,0.002244365386652215
234,log_volume,0.002986524951786178
234,abnormal_log_volume,0.005126278281334646
234,macro_vix,0.4751818670555981
234,macro_epu,0.0809898496572487
234,macro_credit_spread,0.18262374028361106
234,macro_term_spread,0.11089845898586073
235,mom_12_1,0.009660729230966471
235,mom_6_1,0.008729217138569797
235,mom_3_1,0.011444891497328755
235,tsmom_12,0.0028985067165504313
235,tsmom_sign_12,0.0
235,reversal_1m,0.017786189576852216
235,ma_gap_12m,0.01170266620002725
235,ma_crossover_6_12,0.02736436631656897
235,vol_3m,0.004753410314721451
235,vol_12m,0.05625107944278645
235,vol_regime_3_12,0.0024946392692278404
235,log_volume,0.002291414323469216
235,abnormal_log_volume,0.005165230390144935
235,macro_vix,0.4919769735617078
235,macro_epu,0.0625371286350319
235,macro_credit_spread,0.1695486984288289
235,macro_term_spread,0.1153948589572177
236,mom_12_1,0.009073135987721156
236,mom_6_1,0.007305537443001258
236,mom_3_1,0.008780848844918173
236,tsmom_12,0.003259035042966403
236,tsmom_sign_12,1.4377973755063104e-05
236,reversal_1m,0.024432551577406127
236,ma_gap_12m,0.012188868443794585
236,ma_crossover_6_12,0.008819788852064768
236,vol_3m,0.0043428516362723196
236,vol_12m,0.05290195352308292
236,vol_regime_3_12,0.0024868248099809078
236,log_volume,0.002344730729213306
236,abnormal_log_volume,0.00444930576094269
236,macro_vix,0.47312641412010525
236,macro_epu,0.12886947858863732
236,macro_credit_spread,0.17095210066336436
236,macro_term_spread,0.08665219600277337
237,mom_12_1,0.008811027153960335
237,mom_6_1,0.006456634007235128
237,mom_3_1,0.006313487796169862
237,tsmom_12,0.0028964655923738123
237,tsmom_sign_12,0.0
237,reversal_1m,0.02088509823876815
237,ma_gap_12m,0.013542228832667062
237,ma_crossover_6_12,0.006957576102719743
237,vol_3m,0.004784889477177073
237,vol_12m,0.048122268672612656
237,vol_regime_3_12,0.0019426818163399003
237,log_volume,0.001596793374052796
237,abnormal_log_volume,0.002713965599030727
237,macro_vix,0.34266792990857264
237,macro_epu,0.2995945816527452
237,macro_credit_spread,0.12331955181692403
237,macro_term_spread,0.1093948199586508
238,mom_12_1,0.006639959424054447
238,mom_6_1,0.007085950299652515
238,mom_3_1,0.005610667800630001
238,tsmom_12,0.0028007475296782363
238,tsmom_sign_12,6.382661608173101e-06
238,reversal_1m,0.022275126248704775
238,ma_gap_12m,0.014244700755677074
238,ma_crossover_6_12,0.008204607292048888
238,vol_3m,0.00637133934023075
238,vol_12m,0.043969021769270526
238,vol_regime_3_12,0.0018117365162676918
238,log_volume,0.0017707628837501032
238,abnormal_log_volume,0.0035708390218000363
238,macro_vix,0.3312433180189737
238,macro_epu,0.2678809562284486
238,macro_credit_spread,0.1383799202609522
238,macro_term_spread,0.13813396394825245
239,mom_12_1,0.006528077542869073
239,mom_6_1,0.006724403698441863
239,mom_3_1,0.005753232761434045
239,tsmom_12,0.0030133282383259276
239,tsmom_sign_12,2.7837409901730456e-05
239,reversal_1m,0.023702093549183314
239,ma_gap_12m,0.014613650920547715
239,ma_crossover_6_12,0.007700374743290974
239,vol_3m,0.005214101566010442
239,vol_12m,0.04968166347972788
239,vol_regime_3_12,0.001814614589778514
239,log_volume,0.0017460389543213076
239,abnormal_log_volume,0.0038083649539818066
239,macro_vix,0.3277594495847556
239,macro_epu,0.29741020246277616
239,macro_credit_spread,0.11567449522524335
239,macro_term_spread,0.12882807031941015
240,mom_12_1,0.008468139981670779
240,mom_6_1,0.005267268130227067
240,mom_3_1,0.004703777400904084
240,tsmom_12,0.003780628386600158
240,tsmom_sign_12,0.0
240,reversal_1m,0.02339973064717758
240,ma_gap_12m,0.015879188204092197
240,ma_crossover_6_12,0.007595166488465757
240,vol_3m,0.005653463252113259
240,vol_12m,0.05137666809261948
240,vol_regime_3_12,0.0013826669453356408
240,log_volume,0.0018600908267642686
240,abnormal_log_volume,0.002544095057932131
240,macro_vix,0.3820416777855522
240,macro_epu,0.2488204171591232
240,macro_credit_spread,0.1100569537351108
240,macro_term_spread,0.12717006790631147
241,mom_12_1,0.006480313482710488
241,mom_6_1,0.005239686316656776
241,mom_3_1,0.005937628549862091
241,tsmom_12,0.0034055792697990288
241,tsmom_sign_12,0.0
241,reversal_1m,0.022658817718952035
241,ma_gap_12m,0.0172961524523456
241,ma_crossover_6_12,0.006248799392502926
241,vol_3m,0.006063942712987305
241,vol_12m,0.05219477112472391
241,vol_regime_3_12,0.0017558221541166194
241,log_volume,0.0019415729620325096
241,abnormal_log_volume,0.0023255147038641305
241,macro_vix,0.4014654201364167
241,macro_epu,0.25137751861189256
241,macro_credit_spread,0.11162245502587914
241,macro_term_spread,0.10398600538525823
242,mom_12_1,0.004905099341156157
242,mom_6_1,0.00511659709437832
242,mom_3_1,0.005729913280809591
242,tsmom_12,0.003055977552501082
242,tsmom_sign_12,0.0
242,reversal_1m,0.02061621628853178
242,ma_gap_12m,0.016918399304859146
242,ma_crossover_6_12,0.006629455869747304
242,vol_3m,0.0041999973464785095
242,vol_12m,0.05875860474880394
242,vol_regime_3_12,0.0024056960309207323
242,log_volume,0.0018640648853582764
242,abnormal_log_volume,0.0028598702421300435
242,macro_vix,0.38949979258298867
242,macro_epu,0.21451468563897758
242,macro_credit_spread,0.15570423327213814
242,macro_term_spread,0.10722139652022063
243,mom_12_1,0.004933065473401794
243,mom_6_1,0.006126703277767392
243,mom_3_1,0.003573695840521789
243,tsmom_12,0.0036490072981118465
243,tsmom_sign_12,0.0
243,reversal_1m,0.024916176475956304
243,ma_gap_12m,0.01589837337694377
243,ma_crossover_6_12,0.005911077852521956
243,vol_3m,0.0035700513612773543
243,vol_12m,0.05861865905875026
243,vol_regime_3_12,0.0021841219042676276
243,log_volume,0.001504964318801313
243,abnormal_log_volume,0.002571074710539537
243,macro_vix,0.4362012233977874
243,macro_epu,0.2623722378172134
243,macro_credit_spread,0.07574667902250944
243,macro_term_spread,0.09222288881362882
244,mom_12_1,0.004640844288434737
244,mom_6_1,0.005536301769985573
244,mom_3_1,0.0043730930797624855
244,tsmom_12,0.00205310895610369
244,tsmom_sign_12,0.0
244,reversal_1m,0.015018973659532975
244,ma_gap_12m,0.023707851081674617
244,ma_crossover_6_12,0.008902345852184915
244,vol_3m,0.009726910862315481
244,vol_12m,0.04589741464540644
244,vol_regime_3_12,0.0016609415665818712
244,log_volume,0.00358580448259395
244,abnormal_log_volume,0.002137260555158165
244,macro_vix,0.5368138195832262
244,macro_epu,0.1345801458738374
244,macro_credit_spread,0.12751236206745423
244,macro_term_spread,0.07385282167574714
245,mom_12_1,0.005844358931181283
245,mom_6_1,0.005685029516570233
245,mom_3_1,0.003206776388001969
245,tsmom_12,0.002662095053190769
245,tsmom_sign_12,0.0
245,reversal_1m,0.017505643180407458
245,ma_gap_12m,0.02543058459858006
245,ma_crossover_6_12,0.007611090389874164
245,vol_3m,0.010912716867105987
245,vol_12m,0.04753164319857612
245,vol_regime_3_12,0.0022400988455162237
245,log_volume,0.0036842585374339642
245,abnormal_log_volume,0.0038316125035539233
245,macro_vix,0.4877088136175198
245,macro_epu,0.14700619624370082
245,macro_credit_spread,0.20950354417626338
245,macro_term_spread,0.01963553795252396
246,mom_12_1,0.0043234457518869784
246,mom_6_1,0.006688135598138637
246,mom_3_1,0.0026241706738737666
246,tsmom_12,0.0025908705632411867
246,tsmom_sign_12,0.0
246,reversal_1m,0.014711218055577999
246,ma_gap_12m,0.028276466293661
246,ma_crossover_6_12,0.006760172316970159
246,vol_3m,0.011557346387077677
246,vol_12m,0.05267997232915539
246,vol_regime_3_12,0.002738136787812813
246,log_volume,0.004246760946272915
246,abnormal_log_volume,0.0040240766668222855
246,macro_vix,0.5486331818669286
246,macro_epu,0.07669127283592889
246,macro_credit_spread,0.21838623170599872
246,macro_term_spread,0.01506854122065317
247,mom_12_1,0.0109166820719504
247,mom_6_1,0.005592597927857029
247,mom_3_1,0.0026636556965802367
247,tsmom_12,0.0030502478921919426
247,tsmom_sign_12,1.6772992253165038e-05
247,reversal_1m,0.03130704004052674
247,ma_gap_12m,0.021933631138045615
247,ma_crossover_6_12,0.006149843412428877
247,vol_3m,0.008676054364483708
247,vol_12m,0.048199460100067655
247,vol_regime_3_12,0.0019161421848179427
247,log_volume,0.0035547186429433085
247,abnormal_log_volume,0.004269894370038651
247,macro_vix,0.49096227367167855
247,macro_epu,0.07772543985619314
247,macro_credit_spread,0.2492236537145691
247,macro_term_spread,0.033841891923373994
248,mom_12_1,0.011025678490500568
248,mom_6_1,0.0059338915928989315
248,mom_3_1,0.0032762468640073978
248,tsmom_12,0.002687739638518592
248,tsmom_sign_12,0.0
248,reversal_1m,0.03899951867392911
248,ma_gap_12m,0.01894685539690956
248,ma_crossover_6_12,0.006184984662155473
248,vol_3m,0.007853630852655932
248,vol_12m,0.04708461355095349
248,vol_regime_3_12,0.0022246640850580018
248,log_volume,0.0035384447712218273
248,abnormal_log_volume,0.004256572482177538
248,macro_vix,0.46786185175709144
248,macro_epu,0.10056218655824303
248,macro_credit_spread,0.2502659319986948
248,macro_term_spread,0.02929718862498431
249,mom_12_1,0.009427155771302383
249,mom_6_1,0.006406773946620135
249,mom_3_1,0.0033789136084744938
249,tsmom_12,0.003378594933000483
249,tsmom_sign_12,0.0
249,reversal_1m,0.0377941180236061
249,ma_gap_12m,0.020114011022771314
249,ma_crossover_6_12,0.006667611916336689
249,vol_3m,0.007655846660804098
249,vol_12m,0.04676208701561437
249,vol_regime_3_12,0.0023235605294460726
249,log_volume,0.0031553060293387386
249,abnormal_log_volume,0.004356573149588715
249,macro_vix,0.478554706372853
249,macro_epu,0.08632304311256178
249,macro_credit_spread,0.2503698273595496
249,macro_term_spread,0.033331870548132136
250,mom_12_1,0.0106840225082068
250,mom_6_1,0.006235121618812118
250,mom_3_1,0.0033039616209690303
250,tsmom_12,0.0026141566789443676
250,tsmom_sign_12,1.3976165653695493e-05
250,reversal_1m,0.035429039441163955
250,ma_gap_12m,0.019446967147696767
250,ma_crossover_6_12,0.006149835215054114
250,vol_3m,0.007520200575159969
250,vol_12m,0.04772132616701707
250,vol_regime_3_12,0.0018820392856020802
250,log_volume,0.002950966744037738
250,abnormal_log_volume,0.0038223926661807403
250,macro_vix,0.47910701342909917
250,macro_epu,0.08760251430795199
250,macro_credit_spread,0.2549497441840261
250,macro_term_spread,0.030566722244424242
251,mom_12_1,0.011127059924240906
251,mom_6_1,0.008366855032738537
251,mom_3_1,0.002719507524116945
251,tsmom_12,0.0024499937691058057
251,tsmom_sign_12,0.0
251,reversal_1m,0.046508921281009426
251,ma_gap_12m,0.016513765529383637
251,ma_crossover_6_12,0.007817154768783674
251,vol_3m,0.008402080257614939
251,vol_12m,0.03935118776001059
251,vol_regime_3_12,0.0028027444587076064
251,log_volume,0.004335571284574997
251,abnormal_log_volume,0.005204806311692299
251,macro_vix,0.46143676672132156
251,macro_epu,0.13042072413730552
251,macro_credit_spread,0.22969600628746978
251,macro_term_spread,0.02284685495192386
252,mom_12_1,0.01195789883483201
252,mom_6_1,0.004608932009959199
252,mom_3_1,0.002753308143582276
252,tsmom_12,0.0025494636379535312
252,tsmom_sign_12,1.9357707449517236e-05
252,reversal_1m,0.025218324079444007
252,ma_gap_12m,0.01672991285660265
252,ma_crossover_6_12,0.0161433205211806
252,vol_3m,0.0063745394403864454
252,vol_12m,0.04056982824640259
252,vol_regime_3_12,0.0026451750646788873
252,log_volume,0.00507714506731124
252,abnormal_log_volume,0.003341341559384104
252,macro_vix,0.4618687479547349
252,macro_epu,0.22254481704027074
252,macro_credit_spread,0.15191053465256169
252,macro_term_spread,0.025687353183265538
253,mom_12_1,0.012725011665379378
253,mom_6_1,0.004299368001434961
253,mom_3_1,0.0027399428332871823
253,tsmom_12,0.003723524479057049
253,tsmom_sign_12,7.055479652767448e-06
253,reversal_1m,0.025707013841131738
253,ma_gap_12m,0.018156546310775946
253,ma_crossover_6_12,0.016757569601867847
253,vol_3m,0.0066170172817778
253,vol_12m,0.04121985957362086
253,vol_regime_3_12,0.0030985049514628098
253,log_volume,0.005397911110988695
253,abnormal_log_volume,0.0031487147139300695
253,macro_vix,0.4705093553069594
253,macro_epu,0.23520881984577824
253,macro_credit_spread,0.1330361141851181
253,macro_term_spread,0.017647670817777343
254,mom_12_1,0.01067724858537677
254,mom_6_1,0.0050141272385728726
254,mom_3_1,0.002713711209038503
254,tsmom_12,0.0033913882300261075
254,tsmom_sign_12,0.0
254,reversal_1m,0.0240304831464069
254,ma_gap_12m,0.01988846006151629
254,ma_crossover_6_12,0.017780502345276603
254,vol_3m,0.007354817325814058
254,vol_12m,0.03976083197946691
254,vol_regime_3_12,0.0032060691302377565
254,log_volume,0.005616797579549088
254,abnormal_log_volume,0.003508476978855815
254,macro_vix,0.474363285217987
254,macro_epu,0.21598297464549615
254,macro_credit_spread,0.12679459629458614
254,macro_term_spread,0.039916230031793135
255,mom_12_1,0.013775489429150866
255,mom_6_1,0.004554346379673837
255,mom_3_1,0.0026050655013571777
255,tsmom_12,0.017410924634982623
255,tsmom_sign_12,3.8327809754590496e-05
255,reversal_1m,0.027082551771750236
255,ma_gap_12m,0.017477409910105386
255,ma_crossover_6_12,0.020281968061690806
255,vol_3m,0.007264997350013568
255,vol_12m,0.04215065843757179
255,vol_regime_3_12,0.002949668384154899
255,log_volume,0.005661735323619952
255,abnormal_log_volume,0.0033783500367853716
255,macro_vix,0.44548997409660684
255,macro_epu,0.25959219879221795
255,macro_credit_spread,0.06783639789041361
255,macro_term_spread,0.06244993619015048
256,mom_12_1,0.0119170420742678
256,mom_6_1,0.004533323391824796
256,mom_3_1,0.002842404897027047
256,tsmom_12,0.013518572425865969
256,tsmom_sign_12,6.171941267644874e-05
256,reversal_1m,0.029221616015106405
256,ma_gap_12m,0.018604395355455102
256,ma_crossover_6_12,0.023550085804985545
256,vol_3m,0.007111666318706115
256,vol_12m,0.041888361404795
256,vol_regime_3_12,0.002792168033453397
256,log_volume,0.005541512617385421
256,abnormal_log_volume,0.0035224187143815394
256,macro_vix,0.4302714965100777
256,macro_epu,0.26039832404813396
256,macro_credit_spread,0.08217282408701714
256,macro_term_spread,0.062052068888840475
257,mom_12_1,0.012802600820807405
257,mom_6_1,0.0044100692898895386
257,mom_3_1,0.0031343689201175904
257,tsmom_12,0.014138971274499312
257,tsmom_sign_12,1.607143797970605e-05
257,reversal_1m,0.027820637733510598
257,ma_gap_12m,0.0183874195512115
257,ma_crossover_6_12,0.020118170194157223
257,vol_3m,0.00822538037975389
257,vol_12m,0.042801124505275415
257,vol_regime_3_12,0.0025060398493978757
257,log_volume,0.005449653831648908
257,abnormal_log_volume,0.003659812388400769
257,macro_vix,0.43079091460491964
257,macro_epu,0.2636454482065083
257,macro_credit_spread,0.07789508196187486
257,macro_term_spread,0.06419823505004751
258,mom_12_1,0.012389021979818454
258,mom_6_1,0.004546312321492058
258,mom_3_1,0.003128858906279343
258,tsmom_12,0.015089435822140996
258,tsmom_sign_12,4.435892480075513e-05
258,reversal_1m,0.0242011174509482
258,ma_gap_12m,0.01804645272849168
258,ma_crossover_6_12,0.023160590216924622
258,vol_3m,0.007581776585967832
258,vol_12m,0.04386039933101046
258,vol_regime_3_12,0.0021294105194270205
258,log_volume,0.0049576518288921125
258,abnormal_log_volume,0.0034002497359072945
258,macro_vix,0.4195877542684016
258,macro_epu,0.27148770923426974
258,macro_credit_spread,0.07839618398293474
258,macro_term_spread,0.06799271616229317
259,mom_12_1,0.011441148848285489
259,mom_6_1,0.004525875204728519
259,mom_3_1,0.0027232512678858137
259,tsmom_12,0.015993289195448356
259,tsmom_sign_12,1.764585135234331e-05
259,reversal_1m,0.02546664090481835
259,ma_gap_12m,0.019742139102316588
259,ma_crossover_6_12,0.02314011010706245
259,vol_3m,0.006708188492472843
259,vol_12m,0.04239528895565785
259,vol_regime_3_12,0.002658369095599931
259,log_volume,0.005716313652709752
259,abnormal_log_volume,0.003448965148487406
259,macro_vix,0.4136489747107982
259,macro_epu,0.2667271107938994
259,macro_credit_spread,0.08277531827809005
259,macro_term_spread,0.07287137039038669
260,mom_12_1,0.012463158710137796
260,mom_6_1,0.004639250341917008
260,mom_3_1,0.002810946428999823
260,tsmom_12,0.016965068747128224
260,tsmom_sign_12,0.0
260,reversal_1m,0.02511221014187233
260,ma_gap_12m,0.018771941855177596
260,ma_crossover_6_12,0.022206233536439215
260,vol_3m,0.007815739795987884
260,vol_12m,0.04122631796060543
260,vol_regime_3_12,0.0024292308280792164
260,log_volume,0.006069853434174277
260,abnormal_log_volume,0.0034395792143394094
260,macro_vix,0.40170382525147325
260,macro_epu,0.26996881416640406
260,macro_credit_spread,0.09298025189715012
260,macro_term_spread,0.07139757769011448
261,mom_12_1,0.014720555482927533
261,mom_6_1,0.0043236130513218405
261,mom_3_1,0.002828694054717424
261,tsmom_12,0.01562876957984431
261,tsmom_sign_12,3.0533323426859764e-05
261,reversal_1m,0.02456209008293443
261,ma_gap_12m,0.019420940649385578
261,ma_crossover_6_12,0.022848613698653018
261,vol_3m,0.0074451196223371515
261,vol_12m,0.030412253092425276
261,vol_regime_3_12,0.002822831750627963
261,log_volume,0.0058689112515151265
261,abnormal_log_volume,0.002939474030488666
261,macro_vix,0.42624177403562646
261,macro_epu,0.3319183859018398
261,macro_credit_spread,0.011694766985662481
261,macro_term_spread,0.07629267340626612
262,mom_12_1,0.00722249613039453
262,mom_6_1,0.005096609865858413
262,mom_3_1,0.0033710058630278894
262,tsmom_12,0.016919882504385267
262,tsmom_sign_12,4.551740318244446e-05
262,reversal_1m,0.019994674306572396
262,ma_gap_12m,0.03262168743961512
262,ma_crossover_6_12,0.025519631739712563
262,vol_3m,0.004526007686869591
262,vol_12m,0.02911677816389606
262,vol_regime_3_12,0.0031067034291154326
262,log_volume,0.00570850314090488
262,abnormal_log_volume,0.0028847341983759428
262,macro_vix,0.41005931111177835
262,macro_epu,0.3501137454057751
262,macro_credit_spread,0.010896969984007859
262,macro_term_spread,0.07279574162652802
263,mom_12_1,0.009433072278970387
263,mom_6_1,0.00511320168292265
263,mom_3_1,0.003859944213371921
263,tsmom_12,0.01829272370098203
263,tsmom_sign_12,6.279763087409772e-06
263,reversal_1m,0.02843127397636408
263,ma_gap_12m,0.03561214595394917
263,ma_crossover_6_12,0.024353857519208277
263,vol_3m,0.00509115627577914
263,vol_12m,0.029506707502545065
263,vol_regime_3_12,0.002831886875859777
263,log_volume,0.005622992881232683
263,abnormal_log_volume,0.002336273193490243
263,macro_vix,0.43287147520756036
263,macro_epu,0.27037277572298346
263,macro_credit_spread,0.05749977422039789
263,macro_term_spread,0.06876445903129545
264,mom_12_1,0.009554306166444157
264,mom_6_1,0.005217044501810511
264,mom_3_1,0.004249001891862089
264,tsmom_12,0.015781577725717776
264,tsmom_sign_12,1.1258123104414035e-05
264,reversal_1m,0.0307451890568861
264,ma_gap_12m,0.035001802581219106
264,ma_crossover_6_12,0.025770714041153154
264,vol_3m,0.005417848246526353
264,vol_12m,0.028894119803590135
264,vol_regime_3_12,0.002637214883797714
264,log_volume,0.005165086669527325
264,abnormal_log_volume,0.002806550463803417
264,macro_vix,0.4401488832423395
264,macro_epu,0.26678540125988126
264,macro_credit_spread,0.05546680838172942
264,macro_term_spread,0.0663471929606076
265,mom_12_1,0.00964865715585949
265,mom_6_1,0.00526671889240588
265,mom_3_1,0.003349077427601626
265,tsmom_12,0.015546890546531708
265,tsmom_sign_12,0.0
265,reversal_1m,0.024460505522589226
265,ma_gap_12m,0.036887351758904154
265,ma_crossover_6_12,0.025114934765090798
265,vol_3m,0.00494242934435559
265,vol_12m,0.035160622158506516
265,vol_regime_3_12,0.002960276092006496
265,log_volume,0.0056357719470502094
265,abnormal_log_volume,0.0026001176607649903
265,macro_vix,0.41968734305008515
265,macro_epu,0.2677298298821883
265,macro_credit_spread,0.07144104091329764
265,macro_term_spread,0.0695684328827623
266,mom_12_1,0.005755900272068833
266,mom_6_1,0.0048412059871110955
266,mom_3_1,0.0037278375929905277
266,tsmom_12,0.002781469132945595
266,tsmom_sign_12,1.7391760531101546e-05
266,reversal_1m,0.021626824221776683
266,ma_gap_12m,0.03472390130512043
266,ma_crossover_6_12,0.018845071772303306
266,vol_3m,0.005246569189793289
266,vol_12m,0.03626890385984845
266,vol_regime_3_12,0.002880760222384233
266,log_volume,0.005123717475170457
266,abnormal_log_volume,0.002465156321117269
266,macro_vix,0.4585856943333903
266,macro_epu,0.26263074944339304
266,macro_credit_spread,0.09679012791906831
266,macro_term_spread,0.037688719190987124
267,mom_12_1,0.007095258506675208
267,mom_6_1,0.004519851757567269
267,mom_3_1,0.00408673917694463
267,tsmom_12,0.00251346761259307
267,tsmom_sign_12,1.7139688572390993e-05
267,reversal_1m,0.023082779597952924
267,ma_gap_12m,0.032220442139882934
267,ma_crossover_6_12,0.015842127812396297
267,vol_3m,0.007184362962383564
267,vol_12m,0.027881433361431163
267,vol_regime_3_12,0.0024762873088508075
267,log_volume,0.005145463181433449
267,abnormal_log_volume,0.0028285070249176947
267,macro_vix,0.45852281418604257
267,macro_epu,0.2558758216543998
267,macro_credit_spread,0.11462915304765449
267,macro_term_spread,0.03607835098030178
268,mom_12_1,0.006451765968241207
268,mom_6_1,0.005082613436758355
268,mom_3_1,0.004185727189295536
268,tsmom_12,0.0027737448755264806
268,tsmom_sign_12,0.0
268,reversal_1m,0.02570120416117275
268,ma_gap_12m,0.03221476362945928
268,ma_crossover_6_12,0.016885246094120628
268,vol_3m,0.007632800959102198
268,vol_12m,0.02776646336117274
268,vol_regime_3_12,0.002323081391463455
268,log_volume,0.005129585318055225
268,abnormal_log_volume,0.0026616475956594597
268,macro_vix,0.43942647312290933
268,macro_epu,0.2573855171715425
268,macro_credit_spread,0.12783967404082744
268,macro_term_spread,0.03653969168469337
269,mom_12_1,0.005976574322705215
269,mom_6_1,0.004397028822562874
269,mom_3_1,0.0036925980427498658
269,tsmom_12,0.0036224584314803773
269,tsmom_sign_12,0.0
269,reversal_1m,0.023822510339967917
269,ma_gap_12m,0.03163569224031409
269,ma_crossover_6_12,0.016251977708758036
269,vol_3m,0.006974196800757517
269,vol_12m,0.028288086212384624
269,vol_regime_3_12,0.0025947213364421714
269,log_volume,0.0049373261962618155
269,abnormal_log_volume,0.0025841371449048136
269,macro_vix,0.4519154683406492
269,macro_epu,0.2514726754888679
269,macro_credit_spread,0.14844223579055318
269,macro_term_spread,0.013392312780640413
270,mom_12_1,0.006584372452250391
270,mom_6_1,0.004669299066345846
270,mom_3_1,0.003650824028156615
270,tsmom_12,0.002383922538128782
270,tsmom_sign_12,2.5904387400636166e-05
270,reversal_1m,0.02754674705800308
270,ma_gap_12m,0.033957200509379115
270,ma_crossover_6_12,0.01684190546018573
270,vol_3m,0.007748878008417981
270,vol_12m,0.02794211212838582
270,vol_regime_3_12,0.002827754019404165
270,log_volume,0.00532762227484427
270,abnormal_log_volume,0.0029818986033431885
270,macro_vix,0.4540806932969036
270,macro_epu,0.24184992004458222
270,macro_credit_spread,0.13820917427931403
270,macro_term_spread,0.023371771844954543
271,mom_12_1,0.005938003319995855
271,mom_6_1,0.004788941291961554
271,mom_3_1,0.003319837199771321
271,tsmom_12,0.0016357803318809623
271,tsmom_sign_12,1.2474094187218036e-05
271,reversal_1m,0.025726683524781645
271,ma_gap_12m,0.0330353896115796
271,ma_crossover_6_12,0.016715357402032484
271,vol_3m,0.0070639025929007115
271,vol_12m,0.027565020613497762
271,vol_regime_3_12,0.002576846224684888
271,log_volume,0.004699799954665908
271,abnormal_log_volume,0.0025775199604777007
271,macro_vix,0.424143870870784
271,macro_epu,0.22899656900741971
271,macro_credit_spread,0.17873108946989985
271,macro_term_spread,0.032472914529478855
272,mom_12_1,0.005259802824470595
272,mom_6_1,0.004320611000411148
272,mom_3_1,0.003150350036888711
272,tsmom_12,0.0021518592854255615
272,tsmom_sign_12,7.485930968899002e-06
272,reversal_1m,0.025844032143313465
272,ma_gap_12m,0.0333526479736101
272,ma_crossover_6_12,0.014992847005451889
272,vol_3m,0.005018746411532948
272,vol_12m,0.02690679591726625
272,vol_regime_3_12,0.0023027993464903628
272,log_volume,0.0048017981942976296
272,abnormal_log_volume,0.0025085058368196924
272,macro_vix,0.42694079529586776
272,macro_epu,0.25993711573199163
272,macro_credit_spread,0.11100587081751727
272,macro_term_spread,0.07149793624767618
273,mom_12_1,0.006182536059013587
273,mom_6_1,0.0040825038639016
273,mom_3_1,0.00341824023776625
273,tsmom_12,0.002293661004467501
273,tsmom_sign_12,0.0
273,reversal_1m,0.02896889622300754
273,ma_gap_12m,0.032423741116953196
273,ma_crossover_6_12,0.013880545552581633
273,vol_3m,0.004945583204126014
273,vol_12m,0.02627018449629377
273,vol_regime_3_12,0.0029616797739166075
273,log_volume,0.005289491777905606
273,abnormal_log_volume,0.00247299829266458
273,macro_vix,0.4295804070658065
273,macro_epu,0.2707865301402233
273,macro_credit_spread,0.11832288487366711
273,macro_term_spread,0.048120116317705165
274,mom_12_1,0.0056729332675294645
274,mom_6_1,0.003982026275968472
274,mom_3_1,0.003032622604906005
274,tsmom_12,0.002658609553680626
274,tsmom_sign_12,0.0
274,reversal_1m,0.026900137578150587
274,ma_gap_12m,0.03126708638726163
274,ma_crossover_6_12,0.012969268825442715
274,vol_3m,0.004954783299648391
274,vol_12m,0.025167593914683917
274,vol_regime_3_12,0.0026126636882898096
274,log_volume,0.0043872881902229524
274,abnormal_log_volume,0.002332406589865441
274,macro_vix,0.4228346856757074
274,macro_epu,0.2537558614219996
274,macro_credit_spread,0.15225595952790538
274,macro_term_spread,0.04521607319873762
275,mom_12_1,0.0050547024702028405
275,mom_6_1,0.004870373102783409
275,mom_3_1,0.002933574050149704
275,tsmom_12,0.0025339754248484628
275,tsmom_sign_12,0.0
275,reversal_1m,0.023263132640192478
275,ma_gap_12m,0.030850173550015333
275,ma_crossover_6_12,0.014637726021478725
275,vol_3m,0.0048435561656319055
275,vol_12m,0.02366594787965175
275,vol_regime_3_12,0.0027630471216876927
275,log_volume,0.0045895592874123595
275,abnormal_log_volume,0.002609378431741348
275,macro_vix,0.39070842345905715
275,macro_epu,0.2336296854580579
275,macro_credit_spread,0.17747884265835637
275,macro_term_spread,0.0755679022787325
276,mom_12_1,0.005345362972294811
276,mom_6_1,0.0040859801600679575
276,mom_3_1,0.0032203924072447174
276,tsmom_12,0.0021764768170988926
276,tsmom_sign_12,2.1683580834504092e-05
276,reversal_1m,0.02431106460738243
276,ma_gap_12m,0.029761937352608844
276,ma_crossover_6_12,0.014430006753611842
276,vol_3m,0.004482052454239508
276,vol_12m,0.023193288655731156
276,vol_regime_3_12,0.002715112695792193
276,log_volume,0.0047290619948328234
276,abnormal_log_volume,0.002659172918371637
276,macro_vix,0.3835621223302975
276,macro_epu,0.2516859667715924
276,macro_credit_spread,0.18291600601737218
276,macro_term_spread,0.060704311510626656
277,mom_12_1,0.005332293017996068
277,mom_6_1,0.004144498148968109
277,mom_3_1,0.002865451933511605
277,tsmom_12,0.00239444962054033
277,tsmom_sign_12,8.732416726690799e-06
277,reversal_1m,0.02416956488717123
277,ma_gap_12m,0.028803605823142477
277,ma_crossover_6_12,0.013900602274381243
277,vol_3m,0.004208645221117543
277,vol_12m,0.02297508466753375
277,vol_regime_3_12,0.0023976801237470123
277,log_volume,0.004464921563306598
277,abnormal_log_volume,0.002482823456679308
277,macro_vix,0.38531501789866995
277,macro_epu,0.274095481244785
277,macro_credit_spread,0.15200076163076431
277,macro_term_spread,0.07044038607095877
278,mom_12_1,0.005319709385568424
278,mom_6_1,0.004046769695454045
278,mom_3_1,0.0029489355947543783
278,tsmom_12,0.003829092828836
278,tsmom_sign_12,6.431245056410118e-05
278,reversal_1m,0.028182466041590134
278,ma_gap_12m,0.027326968762963845
278,ma_crossover_6_12,0.013270094142768155
278,vol_3m,0.004813057821109525
278,vol_12m,0.023707663637196025
278,vol_regime_3_12,0.0023956146305198957
278,log_volume,0.0043308043459116645
278,abnormal_log_volume,0.0020372395657546143
278,macro_vix,0.38787870185475953
278,macro_epu,0.25516656637506113
278,macro_credit_spread,0.16191401622070073
278,macro_term_spread,0.07276798664648776
279,mom_12_1,0.004787740851462944
279,mom_6_1,0.00372868952797814
279,mom_3_1,0.002948421112001294
279,tsmom_12,0.002795061201286072
279,tsmom_sign_12,0.0
279,reversal_1m,0.029751083452022438
279,ma_gap_12m,0.02684516301447297
279,ma_crossover_6_12,0.013184082718458846
279,vol_3m,0.00474630599682072
279,vol_12m,0.023752919313853222
279,vol_regime_3_12,0.00236810607909475
279,log_volume,0.004681989616860563
279,abnormal_log_volume,0.0021979164215918125
279,macro_vix,0.3895449824892931
279,macro_epu,0.263286576290229
279,macro_credit_spread,0.15505302171680987
279,macro_term_spread,0.07032794019776412
280,mom_12_1,0.0043762236142338064
280,mom_6_1,0.00406149180235759
280,mom_3_1,0.0030829309564449204
280,tsmom_12,0.002865591056014623
280,tsmom_sign_12,6.226048825599525e-05
280,reversal_1m,0.03043934494113845
280,ma_gap_12m,0.02956067237318163
280,ma_crossover_6_12,0.014116375196251946
280,vol_3m,0.004751203138538146
280,vol_12m,0.024086932060451358
280,vol_regime_3_12,0.0022087930856299087
280,log_volume,0.005015509904657191
280,abnormal_log_volume,0.0021511785730109513
280,macro_vix,0.3853239845185662
280,macro_epu,0.2619830373542248
280,macro_credit_spread,0.16496695333553915
280,macro_term_spread,0.060947517601503444
281,mom_12_1,0.005882852628219724
281,mom_6_1,0.0044029345825021176
281,mom_3_1,0.002771977687745825
281,tsmom_12,0.0029114038060991986
281,tsmom_sign_12,2.6068872701214268e-05
281,reversal_1m,0.02720074050143608
281,ma_gap_12m,0.03165723201322044
281,ma_crossover_6_12,0.014866257823240988
281,vol_3m,0.005051601776957941
281,vol_12m,0.023077506090623014
281,vol_regime_3_12,0.00250836891843691
281,log_volume,0.004081822738210204
281,abnormal_log_volume,0.0023983707774591825
281,macro_vix,0.3888324144397134
281,macro_epu,0.26480743925606515
281,macro_credit_spread,0.16586956084574034
281,macro_term_spread,0.05365344724162832
282,mom_12_1,0.005566423855204696
282,mom_6_1,0.004397300485879254
282,mom_3_1,0.003282755956692775
282,tsmom_12,0.004007514391190381
282,tsmom_sign_12,7.351809102150025e-06
282,reversal_1m,0.024155708198550403
282,ma_gap_12m,0.03261740024910955
282,ma_crossover_6_12,0.013874907385919162
282,vol_3m,0.004512715274135308
282,vol_12m,0.02431202774896633
282,vol_regime_3_12,0.0019762383639930618
282,log_volume,0.004589143134505616
282,abnormal_log_volume,0.0026584518841317826
282,macro_vix,0.3972137089478451
282,macro_epu,0.2504214913980866
282,macro_credit_spread,0.15650269541939568
282,macro_term_spread,0.06990416549729218
283,mom_12_1,0.0046810952691909635
283,mom_6_1,0.0041983627511994245
283,mom_3_1,0.003455357651562264
283,tsmom_12,0.003575675393949889
283,tsmom_sign_12,2.5018961999633094e-06
283,reversal_1m,0.026182523113415943
283,ma_gap_12m,0.027734355551339882
283,ma_crossover_6_12,0.014990373878897817
283,vol_3m,0.004817471556277916
283,vol_12m,0.024369869382424008
283,vol_regime_3_12,0.00270864059062842
283,log_volume,0.004658736605879488
283,abnormal_log_volume,0.0023978800281394524
283,macro_vix,0.3882522672562321
283,macro_epu,0.23767292537002369
283,macro_credit_spread,0.17153128590241123
283,macro_term_spread,0.07877067780222746
284,mom_12_1,0.005493825694275519
284,mom_6_1,0.00468727321024449
284,mom_3_1,0.003121695674594355
284,tsmom_12,0.003961126862838058
284,tsmom_sign_12,1.1009447628341563e-05
284,reversal_1m,0.018333454485655886
284,ma_gap_12m,0.03192451794966657
284,ma_crossover_6_12,0.012942121277639251
284,vol_3m,0.005206045428831988
284,vol_12m,0.024870179959294764
284,vol_regime_3_12,0.00243719159589682
284,log_volume,0.00457916793655451
284,abnormal_log_volume,0.0020785557384215884
284,macro_vix,0.39806401900163596
284,macro_epu,0.24695932434830195
284,macro_credit_spread,0.1648814980276447
284,macro_term_spread,0.07044899336087529
285,mom_12_1,0.005900281149241698
285,mom_6_1,0.004343470325556029
285,mom_3_1,0.0031450053230886905
285,tsmom_12,0.004712274575017733
285,tsmom_sign_12,0.0
285,reversal_1m,0.029387632059509953
285,ma_gap_12m,0.03163167867282555
285,ma_crossover_6_12,0.014523489542423175
285,vol_3m,0.005176469410923703
285,vol_12m,0.025478456872761096
285,vol_regime_3_12,0.002812359709529591
285,log_volume,0.004685290467500061
285,abnormal_log_volume,0.0026584515096671076
285,macro_vix,0.3741502365403884
285,macro_epu,0.2590399630905312
285,macro_credit_spread,0.16922919784756554
285,macro_term_spread,0.0631257429034706
286,mom_12_1,0.0059897959716959884
286,mom_6_1,0.004915690029756824
286,mom_3_1,0.0031352488895154142
286,tsmom_12,0.0038847035522214667
286,tsmom_sign_12,0.0
286,reversal_1m,0.024084390919374112
286,ma_gap_12m,0.02977227818101507
286,ma_crossover_6_12,0.014205981644068158
286,vol_3m,0.00485903676671322
286,vol_12m,0.024923819625389497
286,vol_regime_3_12,0.002369818002285955
286,log_volume,0.004920837469541041
286,abnormal_log_volume,0.0025450205586343756
286,macro_vix,0.3733367568301919
286,macro_epu,0.22819421306258342
286,macro_credit_spread,0.2048463232716786
286,macro_term_spread,0.06801608522533496
287,mom_12_1,0.006258113656983085
287,mom_6_1,0.005058603205318517
287,mom_3_1,0.003400664232583532
287,tsmom_12,0.0020858411989169976
287,tsmom_sign_12,2.409772068918516e-06
287,reversal_1m,0.026547753015045916
287,ma_gap_12m,0.0296597479543503
287,ma_crossover_6_12,0.01382850711417248
287,vol_3m,0.00458086751823326
287,vol_12m,0.023952493797958104
287,vol_regime_3_12,0.002568760189960821
287,log_volume,0.0046204776394736975
287,abnormal_log_volume,0.002096566380620851
287,macro_vix,0.36386822311343353
287,macro_epu,0.24899494679020295
287,macro_credit_spread,0.17008533643942425
287,macro_term_spread,0.09239068798125288
288,mom_12_1,0.005408850430906831
288,mom_6_1,0.004402901132438923
288,mom_3_1,0.0034061805677241945
288,tsmom_12,0.00248685684505611
288,tsmom_sign_12,0.0
288,reversal_1m,0.030646960830238434
288,ma_gap_12m,0.02795063477028088
288,ma_crossover_6_12,0.013885015552281355
288,vol_3m,0.005048259488484797
288,vol_12m,0.023529709468023786
288,vol_regime_3_12,0.002219079361093698
288,log_volume,0.005066376443328103
288,abnormal_log_volume,0.002225438358826044
288,macro_vix,0.35608305736749735
288,macro_epu,0.2201235061667166
288,macro_credit_spread,0.20034437363754343
288,macro_term_spread,0.0971727995795594
289,mom_12_1,0.006336727270057069
289,mom_6_1,0.004606957643267808
289,mom_3_1,0.0048262957202588625
289,tsmom_12,0.003383623032951847
289,tsmom_sign_12,2.5801715001593427e-05
289,reversal_1m,0.029593036912384175
289,ma_gap_12m,0.027472100225182112
289,ma_crossover_6_12,0.01266867103425203
289,vol_3m,0.005182750120854947
289,vol_12m,0.034984166365264996
289,vol_regime_3_12,0.0020968615512971713
289,log_volume,0.004660259550147637
289,abnormal_log_volume,0.002140384468048513
289,macro_vix,0.35468935573746296
289,macro_epu,0.22251991634221185
289,macro_credit_spread,0.2006512350190165
289,macro_term_spread,0.08416185729234
290,mom_12_1,0.005577683792742586
290,mom_6_1,0.0049343188468276315
290,mom_3_1,0.003782307111671188
290,tsmom_12,0.0018284594102963788
290,tsmom_sign_12,0.0
290,reversal_1m,0.03323940238072092
290,ma_gap_12m,0.027048015647450307
290,ma_crossover_6_12,0.013445864301576608
290,vol_3m,0.005473237621667416
290,vol_12m,0.021509372610670645
290,vol_regime_3_12,0.002598077714014971
290,log_volume,0.005113413607822966
290,abnormal_log_volume,0.0024450930127564506
290,macro_vix,0.3576112454588269
290,macro_epu,0.22465892936030465
290,macro_credit_spread,0.18254642528606493
290,macro_term_spread,0.10818815383658548
291,mom_12_1,0.005025217288474645
291,mom_6_1,0.0048906446189778486
291,mom_3_1,0.0038457015426868147
291,tsmom_12,0.0020244508675169265
291,tsmom_sign_12,9.42174802522839e-06
291,reversal_1m,0.027803901487829085
291,ma_gap_12m,0.030087222678971896
291,ma_crossover_6_12,0.013961447160666123
291,vol_3m,0.005359514335471824
291,vol_12m,0.02147535092389611
291,vol_regime_3_12,0.002326526046335376
291,log_volume,0.004496375857739275
291,abnormal_log_volume,0.002396451050283722
291,macro_vix,0.3515833592156486
291,macro_epu,0.22348784782143225
291,macro_credit_spread,0.19205481796187368
291,macro_term_spread,0.10917174939417058
292,mom_12_1,0.005659044021650255
292,mom_6_1,0.004311273368452984
292,mom_3_1,0.0041349581452278985
292,tsmom_12,0.0023444818660761733
292,tsmom_sign_12,2.142139315635524e-05
292,reversal_1m,0.02604766433333984
292,ma_gap_12m,0.029385042343869065
292,ma_crossover_6_12,0.014558140831923111
292,vol_3m,0.004537336568261314
292,vol_12m,0.023562273957112436
292,vol_regime_3_12,0.0021884971050465567
292,log_volume,0.004397518052118515
292,abnormal_log_volume,0.0024986978321505466
292,macro_vix,0.3518436122078764
292,macro_epu,0.22745812497833057
292,macro_credit_spread,0.18756094330241246
292,macro_term_spread,0.10949096969299542
293,mom_12_1,0.00575381809989617
293,mom_6_1,0.004057203809392796
293,mom_3_1,0.003714014638153248
293,tsmom_12,0.0019185157116141042
293,tsmom_sign_12,0.0
293,reversal_1m,0.026504286775259973
293,ma_gap_12m,0.02685067321616836
293,ma_crossover_6_12,0.012466871576459003
293,vol_3m,0.003923813187998709
293,vol_12m,0.0217443844477709
293,vol_regime_3_12,0.002439546789202801
293,log_volume,0.004657292558410577
293,abnormal_log_volume,0.002614752733744625
293,macro_vix,0.3654512219949363
293,macro_epu,0.22234376963346622
293,macro_credit_spread,0.18013904681857998
293,macro_term_spread,0.11542078800894616
294,mom_12_1,0.006240242236446863
294,mom_6_1,0.004839329003244002
294,mom_3_1,0.003911949027797481
294,tsmom_12,0.0019234395306376448
294,tsmom_sign_12,1.4667549433383876e-05
294,reversal_1m,0.018975151850392995
294,ma_gap_12m,0.02706328291875243
294,ma_crossover_6_12,0.012278483961457256
294,vol_3m,0.004701966355012682
294,vol_12m,0.02282943237135928
294,vol_regime_3_12,0.0025120632546198614
294,log_volume,0.004245792402565807
294,abnormal_log_volume,0.002279728937781118
294,macro_vix,0.3678954638929684
294,macro_epu,0.22393000148908326
294,macro_credit_spread,0.18291030400348787
294,macro_term_spread,0.1134487012149596
295,mom_12_1,0.005459231680252143
295,mom_6_1,0.004974006207179398
295,mom_3_1,0.003394847333118106
295,tsmom_12,0.002151301736404573
295,tsmom_sign_12,9.881026878895806e-06
295,reversal_1m,0.01911299891651554
295,ma_gap_12m,0.02716696208087501
295,ma_crossover_6_12,0.01355101456200129
295,vol_3m,0.004629256193856395
295,vol_12m,0.023709459440839648
295,vol_regime_3_12,0.0025983219338145177
295,log_volume,0.004510743875024128
295,abnormal_log_volume,0.002277265729178072
295,macro_vix,0.3507206897412286
295,macro_epu,0.2265350093742025
295,macro_credit_spread,0.18182648813447339
295,macro_term_spread,0.1273725220341578
296,mom_12_1,0.005738687864806216
296,mom_6_1,0.004115215501283411
296,mom_3_1,0.005216356464466065
296,tsmom_12,0.0021757669757431087
296,tsmom_sign_12,2.8505256630303103e-06
296,reversal_1m,0.026529475087104352
296,ma_gap_12m,0.026017908447996445
296,ma_crossover_6_12,0.012360506356056023
296,vol_3m,0.005510919135694097
296,vol_12m,0.020881176085158017
296,vol_regime_3_12,0.002488748216764677
296,log_volume,0.004650830330361629
296,abnormal_log_volume,0.0022709569980523397
296,macro_vix,0.3408018131725462
296,macro_epu,0.27775767159124903
296,macro_credit_spread,0.14121540052957296
296,macro_term_spread,0.12226571671748233
297,mom_12_1,0.005784989361415965
297,mom_6_1,0.004566958794548921
297,mom_3_1,0.004027400429836289
297,tsmom_12,0.0015545930162173158
297,tsmom_sign_12,0.0
297,reversal_1m,0.019903096081940335
297,ma_gap_12m,0.027963847642550377
297,ma_crossover_6_12,0.014439651893739143
297,vol_3m,0.004355360390900805
297,vol_12m,0.02329759998006879
297,vol_regime_3_12,0.0028192117471626385
297,log_volume,0.004656414241864568
297,abnormal_log_volume,0.0022974803586445244
297,macro_vix,0.3435098238142053
297,macro_epu,0.2729152512863245
297,macro_credit_spread,0.14735570911626808
297,macro_term_spread,0.1205526118443125
298,mom_12_1,0.006306898653446212
298,mom_6_1,0.004577266021033146
298,mom_3_1,0.0036361537746513934
298,tsmom_12,0.001952465043011828
298,tsmom_sign_12,0.0
298,reversal_1m,0.014299123609441747
298,ma_gap_12m,0.03044795823376398
298,ma_crossover_6_12,0.012143383108199443
298,vol_3m,0.005350809580704013
298,vol_12m,0.02441382056818089
298,vol_regime_3_12,0.0025791579037906308
298,log_volume,0.004592093819787329
298,abnormal_log_volume,0.002037208651902124
298,macro_vix,0.3526665315717993
298,macro_epu,0.2688374253779077
298,macro_credit_spread,0.13901377496093453
298,macro_term_spread,0.12714592912144576
299,mom_12_1,0.005168176272750161
299,mom_6_1,0.004636298666446681
299,mom_3_1,0.004175557505877802
299,tsmom_12,0.001920242974945286
299,tsmom_sign_12,1.653162413367018e-05
299,reversal_1m,0.020412698066529143
299,ma_gap_12m,0.02870012578885223
299,ma_crossover_6_12,0.012794785605664317
299,vol_3m,0.004549831388033636
299,vol_12m,0.024317946139199572
299,vol_regime_3_12,0.0023728145149709396
299,log_volume,0.004853762333688059
299,abnormal_log_volume,0.002332021309597627
299,macro_vix,0.3489580730449966
299,macro_epu,0.27472158106754613
299,macro_credit_spread,0.14535159518406046
299,macro_term_spread,0.11471795851270762
